run_id,timestamp,mode,N,eps,top_q,reg_lambda,cg_tol,wall_s_total,rmse_test,peak_mem_gb,status,error,cg_iters,cg_relres,n_matvec,t_matvec_total,n_precond,t_precond_total,time_precompute,time_eigenspace,time_precond_build,time_solve,time_predict,nufft_stage,device_name,surrogate_tag,repeat_idx,repeat_count
20260424_022751_gpu_v1_topq0_q0_N100000_20260421,2026-04-24T02:28:07.188720,gpu_v1_topq0,100000,1e-05,0,0.1,1e-06,0.9494160999893211,0.0025972092727744056,0.8672851556912065,ok,,400,9.792567772445387e-07,401,0.6056530993664637,0,,0.02186430001165718,0.0,0.0,0.9211525000282563,0.004853599995840341,cufinufft,NVIDIA GeForce RTX 3050 Laptop GPU,,0,20
20260424_022751_gpu_v1_topq0_q0_N100000_20260422,2026-04-24T02:28:08.314100,gpu_v1_topq0,100000,1e-05,0,0.1,1e-06,0.9778564000152983,0.0027004286397797296,0.8672851556912065,ok,,397,9.42825366043847e-07,398,0.6104103999678046,0,,0.019064899999648333,0.0,0.0,0.952587699983269,0.00502109999069944,cufinufft,NVIDIA GeForce RTX 3050 Laptop GPU,,1,20
20260424_022751_gpu_v1_topq0_q0_N100000_20260423,2026-04-24T02:28:09.423277,gpu_v1_topq0,100000,1e-05,0,0.1,1e-06,0.9647638000315055,0.0025183503491304315,0.8672851556912065,ok,,409,9.64121186416462e-07,410,0.614646399859339,0,,0.019113800022751093,0.0,0.0,0.939623299986124,0.004966899985447526,cufinufft,NVIDIA GeForce RTX 3050 Laptop GPU,,2,20
20260424_022751_gpu_v1_topq0_q0_N100000_20260424,2026-04-24T02:28:10.528479,gpu_v1_topq0,100000,1e-05,0,0.1,1e-06,0.9622970999917015,0.0026131014150946406,0.8672851556912065,ok,,403,8.688419341026124e-07,404,0.6118352994672023,0,,0.018371100013609976,0.0,0.0,0.937468699994497,0.0050894999876618385,cufinufft,NVIDIA GeForce RTX 3050 Laptop GPU,,3,20
20260424_022751_gpu_v1_topq0_q0_N100000_20260425,2026-04-24T02:28:11.618485,gpu_v1_topq0,100000,1e-05,0,0.1,1e-06,0.951473499997519,0.002589021556799175,0.8672851556912065,ok,,414,8.73214071983126e-07,415,0.616228299215436,0,,0.019778900023084134,0.0,0.0,0.9258984999614768,0.004822299990337342,cufinufft,NVIDIA GeForce RTX 3050 Laptop GPU,,4,20
20260424_022751_gpu_v1_topq0_q0_N100000_20260426,2026-04-24T02:28:12.697668,gpu_v1_topq0,100000,1e-05,0,0.1,1e-06,0.9332564999931492,0.002508246733824633,0.8672851556912065,ok,,400,9.900452016342066e-07,401,0.5987693006754853,0,,0.019063299987465143,0.0,0.0,0.9079050000291318,0.005036399990785867,cufinufft,NVIDIA GeForce RTX 3050 Laptop GPU,,5,20
20260424_022751_gpu_v1_topq0_q0_N100000_20260427,2026-04-24T02:28:13.836965,gpu_v1_topq0,100000,1e-05,0,0.1,1e-06,0.9930187999852933,0.0025435660766200724,0.8672851556912065,ok,,405,9.77004732875527e-07,406,0.6228469999623485,0,,0.01956739998422563,0.0,0.0,0.966975099989213,0.00536179996561259,cufinufft,NVIDIA GeForce RTX 3050 Laptop GPU,,6,20
20260424_022751_gpu_v1_topq0_q0_N100000_20260428,2026-04-24T02:28:14.901097,gpu_v1_topq0,100000,1e-05,0,0.1,1e-06,0.9221401999820955,0.002539147861361781,0.8672851556912065,ok,,397,9.759060429743214e-07,398,0.5917848000535741,0,,0.019098999968264252,0.0,0.0,0.8966631999937817,0.005229000002145767,cufinufft,NVIDIA GeForce RTX 3050 Laptop GPU,,7,20
20260424_022751_gpu_v1_topq0_q0_N100000_20260429,2026-04-24T02:28:15.970664,gpu_v1_topq0,100000,1e-05,0,0.1,1e-06,0.9229863999644294,0.0025840092461330145,0.8672851556912065,ok,,402,8.810441435237447e-07,403,0.5946113009704277,0,,0.019957699987571687,0.0,0.0,0.8965288999606855,0.005129099998157471,cufinufft,NVIDIA GeForce RTX 3050 Laptop GPU,,8,20
20260424_022751_gpu_v1_topq0_q0_N100000_20260430,2026-04-24T02:28:17.095580,gpu_v1_topq0,100000,1e-05,0,0.1,1e-06,0.9808577999938279,0.0023980965371647213,0.8672851556912065,ok,,413,9.340651047098999e-07,414,0.6203692004783079,0,,0.019017299986444414,0.0,0.0,0.9557461999938823,0.004965700034517795,cufinufft,NVIDIA GeForce RTX 3050 Laptop GPU,,9,20
20260424_022751_gpu_v1_topq0_q0_N100000_20260431,2026-04-24T02:28:18.156715,gpu_v1_topq0,100000,1e-05,0,0.1,1e-06,0.9191924000042491,0.002587745849738978,0.8672851556912065,ok,,396,9.97318831928837e-07,397,0.5911407993989997,0,,0.01818830001866445,0.0,0.0,0.8948970999917947,0.005095299973618239,cufinufft,NVIDIA GeForce RTX 3050 Laptop GPU,,10,20
20260424_022751_gpu_v1_topq0_q0_N100000_20260432,2026-04-24T02:28:19.251696,gpu_v1_topq0,100000,1e-05,0,0.1,1e-06,0.9560106999706477,0.0026465294373724853,0.8672851556912065,ok,,408,7.832794491991251e-07,409,0.6112451005028561,0,,0.020082000002730638,0.0,0.0,0.930116800009273,0.0047704000025987625,cufinufft,NVIDIA GeForce RTX 3050 Laptop GPU,,11,20
20260424_022751_gpu_v1_topq0_q0_N100000_20260433,2026-04-24T02:28:20.339058,gpu_v1_topq0,100000,1e-05,0,0.1,1e-06,0.9427320000249892,0.0026555830499227122,0.8672851556912065,ok,,403,9.830573774599902e-07,404,0.6040893996832892,0,,0.018882500007748604,0.0,0.0,0.9173768000327982,0.005323000019416213,cufinufft,NVIDIA GeForce RTX 3050 Laptop GPU,,12,20
20260424_022751_gpu_v1_topq0_q0_N100000_20260434,2026-04-24T02:28:21.419454,gpu_v1_topq0,100000,1e-05,0,0.1,1e-06,0.9358373999712057,0.0025709058886963163,0.8672851556912065,ok,,408,9.612989609808684e-07,409,0.6006965995766222,0,,0.019317900005262345,0.0,0.0,0.9102081999881193,0.005254100018646568,cufinufft,NVIDIA GeForce RTX 3050 Laptop GPU,,13,20
20260424_022751_gpu_v1_topq0_q0_N100000_20260435,2026-04-24T02:28:22.487063,gpu_v1_topq0,100000,1e-05,0,0.1,1e-06,0.9258157999720424,0.0026659746458043126,0.8672851556912065,ok,,405,9.895324245245555e-07,406,0.6001770996954292,0,,0.019309299997985363,0.0,0.0,0.8996977999922819,0.00505959999281913,cufinufft,NVIDIA GeForce RTX 3050 Laptop GPU,,14,20
20260424_022751_gpu_v1_topq0_q0_N100000_20260436,2026-04-24T02:28:23.559774,gpu_v1_topq0,100000,1e-05,0,0.1,1e-06,0.9300879999645986,0.002468411560583109,0.8672851556912065,ok,,392,9.939232255525863e-07,393,0.5923719010897912,0,,0.019051399955060333,0.0,0.0,0.9045315000112168,0.005005099985282868,cufinufft,NVIDIA GeForce RTX 3050 Laptop GPU,,15,20
20260424_022751_gpu_v1_topq0_q0_N100000_20260437,2026-04-24T02:28:24.642965,gpu_v1_topq0,100000,1e-05,0,0.1,1e-06,0.9436893000383861,0.0024901591946339878,0.8672851556912065,ok,,403,8.239175658670183e-07,404,0.6019278992316686,0,,0.018870300031267107,0.0,0.0,0.9186445999657735,0.0051099000265821815,cufinufft,NVIDIA GeForce RTX 3050 Laptop GPU,,16,20
20260424_022751_gpu_v1_topq0_q0_N100000_20260438,2026-04-24T02:28:25.803136,gpu_v1_topq0,100000,1e-05,0,0.1,1e-06,1.0176458000205457,0.002583943497904198,0.8672851556912065,ok,,403,8.647697796580539e-07,404,0.6333079995820299,0,,0.019660399993881583,0.0,0.0,0.9910240999888629,0.005673200008459389,cufinufft,NVIDIA GeForce RTX 3050 Laptop GPU,,17,20
20260424_022751_gpu_v1_topq0_q0_N100000_20260439,2026-04-24T02:28:26.892811,gpu_v1_topq0,100000,1e-05,0,0.1,1e-06,0.9405973000102676,0.00266697099647017,0.8672851556912065,ok,,401,9.306246216887377e-07,402,0.605107199808117,0,,0.02064040000550449,0.0,0.0,0.9137799000018276,0.005062500014901161,cufinufft,NVIDIA GeForce RTX 3050 Laptop GPU,,18,20
20260424_022751_gpu_v1_topq0_q0_N100000_20260440,2026-04-24T02:28:27.967227,gpu_v1_topq0,100000,1e-05,0,0.1,1e-06,0.9323435999685898,0.0025344682224263094,0.8672851556912065,ok,,406,9.13235931865048e-07,407,0.6018599999370053,0,,0.018398199987132102,0.0,0.0,0.907573800010141,0.005359600007068366,cufinufft,NVIDIA GeForce RTX 3050 Laptop GPU,,19,20
20260424_022751_gpu_v3_topq_q32_N100000_20260421,2026-04-24T02:28:29.412806,gpu_v3_topq,100000,1e-05,32,0.1,1e-06,1.257789600000251,0.002597293212763561,1.1075195306912065,ok,,214,8.31720715153366e-07,215,0.32637350022559986,214,0.16629019961692393,0.01894689997425303,0.5039753000019118,0.0002376000047661364,0.7278218999854289,0.005634100001771003,cufinufft,NVIDIA GeForce RTX 3050 Laptop GPU,,0,20
20260424_022751_gpu_v3_topq_q32_N100000_20260422,2026-04-24T02:28:30.802797,gpu_v3_topq,100000,1e-05,32,0.1,1e-06,1.2293231000076048,0.002700216053707848,1.1075195306912065,ok,,212,9.83113486681872e-07,213,0.31744500034255907,212,0.15808390046004206,0.019464199955109507,0.5033956000115722,0.0002348999842070043,0.6999569000327028,0.005196099984459579,cufinufft,NVIDIA GeForce RTX 3050 Laptop GPU,,1,20
20260424_022751_gpu_v3_topq_q32_N100000_20260423,2026-04-24T02:28:32.186358,gpu_v3_topq,100000,1e-05,32,0.1,1e-06,1.2384339999989606,0.002518838627464789,1.1075195306912065,ok,,212,9.24763352416795e-07,213,0.32091859949287027,212,0.15837530023418367,0.020215400028973818,0.5083773999940604,0.0002361999941058457,0.7030696999863721,0.0052143000066280365,cufinufft,NVIDIA GeForce RTX 3050 Laptop GPU,,2,20
20260424_022751_gpu_v3_topq_q32_N100000_20260424,2026-04-24T02:28:33.620500,gpu_v3_topq,100000,1e-05,32,0.1,1e-06,1.273965500004124,0.0026131919115827563,1.1075195306912065,ok,,215,9.70249547376122e-07,216,0.3261771993711591,215,0.1658389997901395,0.020268800028134137,0.5126255999784917,0.0002547000185586512,0.7337838999810629,0.005913500033784658,cufinufft,NVIDIA GeForce RTX 3050 Laptop GPU,,3,20
20260424_022751_gpu_v3_topq_q32_N100000_20260425,2026-04-24T02:28:35.011440,gpu_v3_topq,100000,1e-05,32,0.1,1e-06,1.2387090000556782,0.0025898473316179915,1.1075195306912065,ok,,209,9.408939012745087e-07,210,0.315472099930048,209,0.16154900012770668,0.018796699994709343,0.5118073999765329,0.0003205999964848161,0.7016785000450909,0.004955599957611412,cufinufft,NVIDIA GeForce RTX 3050 Laptop GPU,,4,20
20260424_022751_gpu_v3_topq_q32_N100000_20260426,2026-04-24T02:28:36.464491,gpu_v3_topq,100000,1e-05,32,0.1,1e-06,1.2801795999985188,0.0025084076886036314,1.1075195306912065,ok,,212,9.332616419339268e-07,213,0.32570779940579087,212,0.1655568994465284,0.02057960000820458,0.5184190000290982,0.00023780000628903508,0.7284105999860913,0.007898900017607957,cufinufft,NVIDIA GeForce RTX 3050 Laptop GPU,,5,20
20260424_022751_gpu_v3_topq_q32_N100000_20260427,2026-04-24T02:28:37.877140,gpu_v3_topq,100000,1e-05,32,0.1,1e-06,1.239496499998495,0.00254401478164804,1.1075195306912065,ok,,211,9.750643182583969e-07,212,0.3210898002143949,211,0.15876409906195477,0.019051400013267994,0.5038177999667823,0.00023750000400468707,0.7086836000089534,0.0065119999926537275,cufinufft,NVIDIA GeForce RTX 3050 Laptop GPU,,6,20
20260424_022751_gpu_v3_topq_q32_N100000_20260428,2026-04-24T02:28:39.278936,gpu_v3_topq,100000,1e-05,32,0.1,1e-06,1.2476364999893121,0.0025393457125578484,1.1075195306912065,ok,,213,9.046088328832837e-07,214,0.3224777003051713,213,0.16041970014339313,0.020642299961764365,0.5119761000387371,0.0002334999735467136,0.7073023000266403,0.00516629999037832,cufinufft,NVIDIA GeForce RTX 3050 Laptop GPU,,7,20
20260424_022751_gpu_v3_topq_q32_N100000_20260429,2026-04-24T02:28:40.720182,gpu_v3_topq,100000,1e-05,32,0.1,1e-06,1.2591898999526165,0.002583745280421112,1.1075195306912065,ok,,214,8.073323648100098e-07,215,0.3276124997646548,214,0.16225109994411469,0.019641999970190227,0.5091210000100546,0.00024989998200908303,0.7238977000233717,0.005090499995276332,cufinufft,NVIDIA GeForce RTX 3050 Laptop GPU,,8,20
20260424_022751_gpu_v3_topq_q32_N100000_20260430,2026-04-24T02:28:42.161574,gpu_v3_topq,100000,1e-05,32,0.1,1e-06,1.2667065999703482,0.0023982521091679867,1.1075195306912065,ok,,217,7.421422164928715e-07,218,0.3300319003756158,217,0.16720770072424784,0.01948740001535043,0.5085301999934018,0.00023389997659251094,0.7325651000137441,0.004823600000236183,cufinufft,NVIDIA GeForce RTX 3050 Laptop GPU,,9,20
20260424_022751_gpu_v3_topq_q32_N100000_20260431,2026-04-24T02:28:43.554115,gpu_v3_topq,100000,1e-05,32,0.1,1e-06,1.2454071000101976,0.0025876385541657187,1.1075195306912065,ok,,210,9.357322059161402e-07,211,0.31838070013327524,210,0.15982430009171367,0.019300100044347346,0.5141095999861136,0.00023860001238062978,0.7048997999518178,0.005605300015304238,cufinufft,NVIDIA GeForce RTX 3050 Laptop GPU,,10,20
20260424_022751_gpu_v3_topq_q32_N100000_20260432,2026-04-24T02:28:44.980549,gpu_v3_topq,100000,1e-05,32,0.1,1e-06,1.2466754000051878,0.002646636197134675,1.1075195306912065,ok,,214,7.906995804787766e-07,215,0.32274459971813485,214,0.162879399897065,0.019474699976854026,0.5071887000231072,0.00032729998929426074,0.713050399965141,0.00547450000885874,cufinufft,NVIDIA GeForce RTX 3050 Laptop GPU,,11,20
20260424_022751_gpu_v3_topq_q32_N100000_20260433,2026-04-24T02:28:46.390734,gpu_v3_topq,100000,1e-05,32,0.1,1e-06,1.2426976999850012,0.0026554875864897927,1.1075195306912065,ok,,212,8.138067223690222e-07,213,0.3209182003629394,212,0.16048060031607747,0.018919800000730902,0.5122629000106826,0.0003152000135742128,0.704578600008972,0.005411299993284047,cufinufft,NVIDIA GeForce RTX 3050 Laptop GPU,,12,20
20260424_022751_gpu_v3_topq_q32_N100000_20260434,2026-04-24T02:28:47.795384,gpu_v3_topq,100000,1e-05,32,0.1,1e-06,1.2512338999658823,0.0025714658123601325,1.1075195306912065,ok,,211,9.187311201351124e-07,212,0.321009699779097,211,0.1574701999197714,0.019002400047611445,0.5120599999791011,0.0002542000147514045,0.7130142999812961,0.005771500000264496,cufinufft,NVIDIA GeForce RTX 3050 Laptop GPU,,13,20
20260424_022751_gpu_v3_topq_q32_N100000_20260435,2026-04-24T02:28:49.230228,gpu_v3_topq,100000,1e-05,32,0.1,1e-06,1.2492313999682665,0.002665848058092108,1.1075195306912065,ok,,218,7.168547804013941e-07,219,0.3294315995881334,218,0.16260330070508644,0.020501600054558367,0.5080344000016339,0.00023889995645731688,0.7141141000320204,0.005136399995535612,cufinufft,NVIDIA GeForce RTX 3050 Laptop GPU,,14,20
20260424_022751_gpu_v3_topq_q32_N100000_20260436,2026-04-24T02:28:50.638489,gpu_v3_topq,100000,1e-05,32,0.1,1e-06,1.2308766999631189,0.0024677232743913853,1.1075195306912065,ok,,212,9.194891749701727e-07,213,0.3180135991424322,212,0.1594793003750965,0.021421600016765296,0.5058902999735437,0.00024280004436150193,0.6969253999995999,0.00495450000744313,cufinufft,NVIDIA GeForce RTX 3050 Laptop GPU,,15,20
20260424_022751_gpu_v3_topq_q32_N100000_20260437,2026-04-24T02:28:52.027806,gpu_v3_topq,100000,1e-05,32,0.1,1e-06,1.243302599992603,0.0024900907100411586,1.1075195306912065,ok,,216,8.602116762018599e-07,217,0.32173819991294295,216,0.16402690048562363,0.020123799971770495,0.5066466000280343,0.0002636999706737697,0.7101515000103973,0.004876699997112155,cufinufft,NVIDIA GeForce RTX 3050 Laptop GPU,,16,20
20260424_022751_gpu_v3_topq_q32_N100000_20260438,2026-04-24T02:28:53.430051,gpu_v3_topq,100000,1e-05,32,0.1,1e-06,1.2374371000332758,0.0025841141291304574,1.1075195306912065,ok,,213,9.475723007459398e-07,214,0.321549300220795,213,0.1608421002747491,0.01996330003021285,0.5108668999746442,0.00023310002870857716,0.7002484999829903,0.0049356999807059765,cufinufft,NVIDIA GeForce RTX 3050 Laptop GPU,,17,20
20260424_022751_gpu_v3_topq_q32_N100000_20260439,2026-04-24T02:28:54.844174,gpu_v3_topq,100000,1e-05,32,0.1,1e-06,1.2460625999956392,0.002667002176606091,1.1075195306912065,ok,,211,9.413293862149635e-07,212,0.3191245002672076,211,0.1567021997179836,0.021937699988484383,0.5040171999717131,0.0002364999963901937,0.7133140999940224,0.005273500049952418,cufinufft,NVIDIA GeForce RTX 3050 Laptop GPU,,18,20
20260424_022751_gpu_v3_topq_q32_N100000_20260440,2026-04-24T02:28:56.238479,gpu_v3_topq,100000,1e-05,32,0.1,1e-06,1.2441978999995627,0.0025343152700968634,1.1075195306912065,ok,,214,9.7135999134451e-07,215,0.32129040005384013,214,0.1611862998106517,0.02051160001428798,0.5039028999744914,0.0002443999983370304,0.7130813000258058,0.004994300019461662,cufinufft,NVIDIA GeForce RTX 3050 Laptop GPU,,19,20
20260424_022751_gpu_v3_topq_q64_N100000_20260421,2026-04-24T02:28:57.864293,gpu_v3_topq,100000,1e-05,64,0.1,1e-06,1.4833198999986053,0.0025973529133331125,1.4395507806912065,ok,,140,7.622047085007497e-07,141,0.2145973996957764,140,0.13324270019074902,0.018477700010407716,0.9456959000090137,0.00023990002227947116,0.5120766999898478,0.005673400009982288,cufinufft,NVIDIA GeForce RTX 3050 Laptop GPU,,0,20
20260424_022751_gpu_v3_topq_q64_N100000_20260422,2026-04-24T02:28:59.454274,gpu_v3_topq,100000,1e-05,64,0.1,1e-06,1.441048500011675,0.0027001241527755703,1.4395507806912065,ok,,138,9.639667172291608e-07,139,0.20370319980429485,138,0.1265443997690454,0.01993820001371205,0.9450167000177316,0.0002413999754935503,0.4695128999883309,0.005273499991744757,cufinufft,NVIDIA GeForce RTX 3050 Laptop GPU,,1,20
20260424_022751_gpu_v3_topq_q64_N100000_20260423,2026-04-24T02:29:01.051051,gpu_v3_topq,100000,1e-05,64,0.1,1e-06,1.4426817000494339,0.0025188763891106965,1.4395507806912065,ok,,135,9.710215900685867e-07,136,0.20310299948323518,135,0.12611760018626228,0.021719900018069893,0.9449443999910727,0.0003112000413239002,0.4694217999931425,0.004893200006335974,cufinufft,NVIDIA GeForce RTX 3050 Laptop GPU,,2,20
20260424_022751_gpu_v3_topq_q64_N100000_20260424,2026-04-24T02:29:02.782918,gpu_v3_topq,100000,1e-05,64,0.1,1e-06,1.588230699999258,0.002613356856058396,1.4395507806912065,ok,,140,8.044744504754652e-07,141,0.23380340065341443,140,0.1433634000713937,0.019727300037629902,0.9621367999934591,0.000443600001744926,0.5987336999969557,0.0060813999734818935,cufinufft,NVIDIA GeForce RTX 3050 Laptop GPU,,3,20
20260424_022751_gpu_v3_topq_q64_N100000_20260425,2026-04-24T02:29:04.412899,gpu_v3_topq,100000,1e-05,64,0.1,1e-06,1.4871965000056662,0.002588911266702506,1.4395507806912065,ok,,138,8.974650568943581e-07,139,0.21341999992728233,138,0.13266479986486956,0.019476499990560114,0.9552088999771513,0.0002875000354833901,0.5054533999646083,0.005635300010908395,cufinufft,NVIDIA GeForce RTX 3050 Laptop GPU,,4,20
20260424_022751_gpu_v3_topq_q64_N100000_20260426,2026-04-24T02:29:06.026410,gpu_v3_topq,100000,1e-05,64,0.1,1e-06,1.474555600027088,0.0025088408784501954,1.4395507806912065,ok,,136,9.157280222146724e-07,137,0.2101381995016709,136,0.1284893003758043,0.021765200013760477,0.9486544999526814,0.00030100002186372876,0.49662659998284653,0.005667900026310235,cufinufft,NVIDIA GeForce RTX 3050 Laptop GPU,,5,20
20260424_022751_gpu_v3_topq_q64_N100000_20260427,2026-04-24T02:29:07.657980,gpu_v3_topq,100000,1e-05,64,0.1,1e-06,1.4891172000207007,0.0025443292954784123,1.4395507806912065,ok,,139,9.496872913754159e-07,140,0.21587530011311173,139,0.1310645000776276,0.020063400035724044,0.9551015999750234,0.00027439999394118786,0.5075923000113107,0.005051499989349395,cufinufft,NVIDIA GeForce RTX 3050 Laptop GPU,,6,20
20260424_022751_gpu_v3_topq_q64_N100000_20260428,2026-04-24T02:29:09.298923,gpu_v3_topq,100000,1e-05,64,0.1,1e-06,1.491106099972967,0.0025392381744158356,1.4395507806912065,ok,,140,7.600485324701316e-07,141,0.21838680002838373,140,0.13670459995046258,0.021722399978898466,0.9468020999920554,0.0002445999998599291,0.5158021000097506,0.005121299996972084,cufinufft,NVIDIA GeForce RTX 3050 Laptop GPU,,7,20
20260424_022751_gpu_v3_topq_q64_N100000_20260429,2026-04-24T02:29:10.901857,gpu_v3_topq,100000,1e-05,64,0.1,1e-06,1.4498750999919139,0.0025842735747523718,1.4395507806912065,ok,,139,9.314911587327464e-07,140,0.20840760000282899,139,0.12716829957207665,0.020291199965868145,0.9465017000329681,0.000235399988014251,0.47646149998763576,0.005167299997992814,cufinufft,NVIDIA GeForce RTX 3050 Laptop GPU,,8,20
20260424_022751_gpu_v3_topq_q64_N100000_20260430,2026-04-24T02:29:12.523582,gpu_v3_topq,100000,1e-05,64,0.1,1e-06,1.4817432999843732,0.0023988011529091006,1.4395507806912065,ok,,138,9.108675740860736e-07,139,0.2135598998866044,138,0.1336889998638071,0.018827699997927994,0.9442698000348173,0.000256399973295629,0.5121673999819905,0.005120799993164837,cufinufft,NVIDIA GeForce RTX 3050 Laptop GPU,,9,20
20260424_022751_gpu_v3_topq_q64_N100000_20260431,2026-04-24T02:29:14.129552,gpu_v3_topq,100000,1e-05,64,0.1,1e-06,1.4663003000314347,0.002586854721797907,1.4395507806912065,ok,,140,7.287954331730285e-07,141,0.21088119997875765,140,0.1290994001319632,0.021602099994197488,0.9486482000211254,0.0002392000169493258,0.48928159999195486,0.005266499996650964,cufinufft,NVIDIA GeForce RTX 3050 Laptop GPU,,10,20
20260424_022751_gpu_v3_topq_q64_N100000_20260432,2026-04-24T02:29:15.719320,gpu_v3_topq,100000,1e-05,64,0.1,1e-06,1.4489366000052541,0.002646978338392764,1.4395507806912065,ok,,137,9.316294528422608e-07,138,0.2055843000416644,137,0.12631749996216968,0.021639199985656887,0.9475928000174463,0.0002639999729581177,0.4729897000361234,0.00491149997105822,cufinufft,NVIDIA GeForce RTX 3050 Laptop GPU,,11,20
20260424_022751_gpu_v3_topq_q64_N100000_20260433,2026-04-24T02:29:17.393989,gpu_v3_topq,100000,1e-05,64,0.1,1e-06,1.5144833999802358,0.0026551929539900877,1.4395507806912065,ok,,140,7.939201382601307e-07,141,0.22673640021821484,140,0.13593419978860766,0.01893620000919327,0.9500635999720544,0.0002460000105202198,0.5369633000227623,0.007055800000671297,cufinufft,NVIDIA GeForce RTX 3050 Laptop GPU,,12,20
20260424_022751_gpu_v3_topq_q64_N100000_20260434,2026-04-24T02:29:19.031603,gpu_v3_topq,100000,1e-05,64,0.1,1e-06,1.4672486000345089,0.002571625324669907,1.4395507806912065,ok,,136,8.521239023532823e-07,137,0.20651919965166599,136,0.12803489988436922,0.02410549996420741,0.9496635000105016,0.00024189997930079699,0.4857287000049837,0.005820400023367256,cufinufft,NVIDIA GeForce RTX 3050 Laptop GPU,,13,20
20260424_022751_gpu_v3_topq_q64_N100000_20260435,2026-04-24T02:29:20.665892,gpu_v3_topq,100000,1e-05,64,0.1,1e-06,1.4930496999877505,0.0026659240969563076,1.4395507806912065,ok,,138,9.41198760323469e-07,139,0.2129994000424631,138,0.13240990042686462,0.020131199969910085,0.9499853000161238,0.0003649999853223562,0.5157833999837749,0.005681500013452023,cufinufft,NVIDIA GeForce RTX 3050 Laptop GPU,,14,20
20260424_022751_gpu_v3_topq_q64_N100000_20260436,2026-04-24T02:29:22.282824,gpu_v3_topq,100000,1e-05,64,0.1,1e-06,1.4737136000185274,0.0024682014220728196,1.4395507806912065,ok,,140,7.576547595985243e-07,141,0.20793270017020404,140,0.13087469979654998,0.02184040000429377,0.9628635999979451,0.00025509996339678764,0.48146270000142977,0.005926200014073402,cufinufft,NVIDIA GeForce RTX 3050 Laptop GPU,,15,20
20260424_022751_gpu_v3_topq_q64_N100000_20260437,2026-04-24T02:29:23.903031,gpu_v3_topq,100000,1e-05,64,0.1,1e-06,1.4655676999827847,0.0024905914964979277,1.4395507806912065,ok,,139,9.585290244020589e-07,140,0.20801009988645092,139,0.12934749980922788,0.021278299973346293,0.9540969000081532,0.00024010002380236983,0.4831638999748975,0.005639800045173615,cufinufft,NVIDIA GeForce RTX 3050 Laptop GPU,,16,20
20260424_022751_gpu_v3_topq_q64_N100000_20260438,2026-04-24T02:29:25.545977,gpu_v3_topq,100000,1e-05,64,0.1,1e-06,1.4965180999715813,0.0025839567270791314,1.4395507806912065,ok,,140,7.936252802886541e-07,141,0.21628190024057403,140,0.13423040026100352,0.02177069999743253,0.9630072999862023,0.00024009996559470892,0.5047307000495493,0.0051781999645754695,cufinufft,NVIDIA GeForce RTX 3050 Laptop GPU,,17,20
20260424_022751_gpu_v3_topq_q64_N100000_20260439,2026-04-24T02:29:27.234543,gpu_v3_topq,100000,1e-05,64,0.1,1e-06,1.5276092999847606,0.002667004755282874,1.4395507806912065,ok,,139,8.952632696672718e-07,140,0.23095330031355843,139,0.13407200027722865,0.01993670000229031,0.9486437999876216,0.00024049996864050627,0.551492300000973,0.0060755000449717045,cufinufft,NVIDIA GeForce RTX 3050 Laptop GPU,,18,20
20260424_022751_gpu_v3_topq_q64_N100000_20260440,2026-04-24T02:29:28.876056,gpu_v3_topq,100000,1e-05,64,0.1,1e-06,1.4856677000061609,0.0025344240071052734,1.4395507806912065,ok,,139,9.042121539213319e-07,140,0.21631119993980974,139,0.1309734999667853,0.020998399995733052,0.9514710000366904,0.0002447000006213784,0.5063285999931395,0.005271899979561567,cufinufft,NVIDIA GeForce RTX 3050 Laptop GPU,,19,20
20260424_022751_gpu_v3_topq_cupy_eigsh_q32_N100000_20260421,2026-04-24T02:29:29.943104,gpu_v3_topq_cupy_eigsh,100000,1e-05,32,0.1,1e-06,0.9279427999863401,0.0025976587294888444,1.4922851556912065,ok,,194,9.891013478136557e-07,195,0.29428970033768564,194,0.14700939966132864,0.02245540003059432,0.250557099992875,0.00023519998649135232,0.6480853999964893,0.005065200035460293,cufinufft,NVIDIA GeForce RTX 3050 Laptop GPU,,0,20
20260424_022751_gpu_v3_topq_cupy_eigsh_q32_N100000_20260422,2026-04-24T02:29:31.045573,gpu_v3_topq_cupy_eigsh,100000,1e-05,32,0.1,1e-06,0.9640436000190675,0.0027002449581216997,1.4922851556912065,ok,,194,9.687282913153584e-07,195,0.3020111004007049,194,0.15145640005357563,0.020299200026784092,0.26041789998998865,0.00034389999927952886,0.6767563999746926,0.005232800031080842,cufinufft,NVIDIA GeForce RTX 3050 Laptop GPU,,1,20
20260424_022751_gpu_v3_topq_cupy_eigsh_q32_N100000_20260423,2026-04-24T02:29:32.118272,gpu_v3_topq_cupy_eigsh,100000,1e-05,32,0.1,1e-06,0.9350254000164568,0.0025188405526663338,1.4922851556912065,ok,,197,8.624417106760635e-07,198,0.30177010025363415,197,0.1485970001667738,0.01936889998614788,0.24955539999064058,0.0002476000227034092,0.6597797999856994,0.0049863000167533755,cufinufft,NVIDIA GeForce RTX 3050 Laptop GPU,,2,20
20260424_022751_gpu_v3_topq_cupy_eigsh_q32_N100000_20260424,2026-04-24T02:29:33.200345,gpu_v3_topq_cupy_eigsh,100000,1e-05,32,0.1,1e-06,0.942865899996832,0.0026135484302569735,1.4922851556912065,ok,,196,8.400510467909723e-07,197,0.3008700003265403,196,0.15041000064229593,0.018635899992659688,0.24801159999333322,0.0002589999930933118,0.6697865999885835,0.00496039999416098,cufinufft,NVIDIA GeForce RTX 3050 Laptop GPU,,3,20
20260424_022751_gpu_v3_topq_cupy_eigsh_q32_N100000_20260425,2026-04-24T02:29:34.299708,gpu_v3_topq_cupy_eigsh,100000,1e-05,32,0.1,1e-06,0.9586602000053972,0.002588993634793402,1.4922851556912065,ok,,197,8.528373590091042e-07,198,0.3046471003908664,197,0.1535506994696334,0.02068050001980737,0.25850850000279024,0.0003597000031732023,0.672923100006301,0.00510259997099638,cufinufft,NVIDIA GeForce RTX 3050 Laptop GPU,,4,20
20260424_022751_gpu_v3_topq_cupy_eigsh_q32_N100000_20260426,2026-04-24T02:29:35.428269,gpu_v3_topq_cupy_eigsh,100000,1e-05,32,0.1,1e-06,0.9735941999824718,0.0025085938678369086,1.4922851556912065,ok,,195,8.925475096773475e-07,196,0.305920199258253,195,0.15308569982880726,0.019266400020569563,0.2555510000092909,0.0002475999644957483,0.6909955000155605,0.006398600002285093,cufinufft,NVIDIA GeForce RTX 3050 Laptop GPU,,5,20
20260424_022751_gpu_v3_topq_cupy_eigsh_q32_N100000_20260427,2026-04-24T02:29:36.550571,gpu_v3_topq_cupy_eigsh,100000,1e-05,32,0.1,1e-06,0.967319099989254,0.0025443721920339534,1.4922851556912065,ok,,195,9.514694210409009e-07,196,0.2958493003388867,195,0.1490433004219085,0.021961299993563443,0.2753014000481926,0.0003339999821037054,0.662953799997922,0.004920199979096651,cufinufft,NVIDIA GeForce RTX 3050 Laptop GPU,,6,20
20260424_022751_gpu_v3_topq_cupy_eigsh_q32_N100000_20260428,2026-04-24T02:29:37.644205,gpu_v3_topq_cupy_eigsh,100000,1e-05,32,0.1,1e-06,0.9597675999975763,0.0025389897667881856,1.4922851556912065,ok,,200,7.57628420705369e-07,201,0.302946999843698,200,0.1526028998196125,0.0193347999593243,0.2559334000106901,0.0003268999862484634,0.6771747000166215,0.005646099976729602,cufinufft,NVIDIA GeForce RTX 3050 Laptop GPU,,7,20
20260424_022751_gpu_v3_topq_cupy_eigsh_q32_N100000_20260429,2026-04-24T02:29:38.707948,gpu_v3_topq_cupy_eigsh,100000,1e-05,32,0.1,1e-06,0.9289934000116773,0.0025839125776291614,1.4922851556912065,ok,,197,8.211467175058764e-07,198,0.29664410004625097,197,0.14759440103080124,0.01922100002411753,0.2501078999484889,0.0003595000016503036,0.6530496000195853,0.00519599998369813,cufinufft,NVIDIA GeForce RTX 3050 Laptop GPU,,8,20
20260424_022751_gpu_v3_topq_cupy_eigsh_q32_N100000_20260430,2026-04-24T02:29:39.773857,gpu_v3_topq_cupy_eigsh,100000,1e-05,32,0.1,1e-06,0.9353902000002563,0.002398184963351005,1.4922851556912065,ok,,194,8.81424286973222e-07,195,0.2959962002350949,194,0.14613920013653114,0.018823000020347536,0.2468166999751702,0.0002938000252470374,0.6631542000104673,0.005194699973799288,cufinufft,NVIDIA GeForce RTX 3050 Laptop GPU,,9,20
20260424_022751_gpu_v3_topq_cupy_eigsh_q32_N100000_20260431,2026-04-24T02:29:40.885639,gpu_v3_topq_cupy_eigsh,100000,1e-05,32,0.1,1e-06,0.9734520999481902,0.0025871986364348343,1.4922851556912065,ok,,197,9.62222907659991e-07,198,0.3090834991890006,197,0.1543581003206782,0.01898960000835359,0.2512206000392325,0.0002905000001192093,0.6967198000056669,0.005029899999499321,cufinufft,NVIDIA GeForce RTX 3050 Laptop GPU,,10,20
20260424_022751_gpu_v3_topq_cupy_eigsh_q32_N100000_20260432,2026-04-24T02:29:41.911755,gpu_v3_topq_cupy_eigsh,100000,1e-05,32,0.1,1e-06,0.8804797000484541,0.0026479905201063744,1.4922851556912065,ok,,185,9.732263186641287e-07,186,0.2763552003307268,185,0.1379817995475605,0.019018499995581806,0.2464691000059247,0.0002376000047661364,0.6087773999897763,0.004917300015222281,cufinufft,NVIDIA GeForce RTX 3050 Laptop GPU,,11,20
20260424_022751_gpu_v3_topq_cupy_eigsh_q32_N100000_20260433,2026-04-24T02:29:42.974602,gpu_v3_topq_cupy_eigsh,100000,1e-05,32,0.1,1e-06,0.9274595999740995,0.002655549996421146,1.4922851556912065,ok,,199,8.399938313075349e-07,200,0.2996996999718249,199,0.14838119997875765,0.019586300011724234,0.24661630002083257,0.00023599999258294702,0.6543409000150859,0.005500099970959127,cufinufft,NVIDIA GeForce RTX 3050 Laptop GPU,,12,20
20260424_022751_gpu_v3_topq_cupy_eigsh_q32_N100000_20260434,2026-04-24T02:29:44.070339,gpu_v3_topq_cupy_eigsh,100000,1e-05,32,0.1,1e-06,0.9595588999800384,0.0025714978217930575,1.4922851556912065,ok,,195,9.487906290203065e-07,196,0.3077078995993361,195,0.15115219954168424,0.019889299990609288,0.2554881000542082,0.0002386999549344182,0.677700600004755,0.004924400011077523,cufinufft,NVIDIA GeForce RTX 3050 Laptop GPU,,13,20
20260424_022751_gpu_v3_topq_cupy_eigsh_q32_N100000_20260435,2026-04-24T02:29:45.181220,gpu_v3_topq_cupy_eigsh,100000,1e-05,32,0.1,1e-06,0.9719714999664575,0.0026658314145006664,1.4922851556912065,ok,,197,9.080421345715673e-07,198,0.3075364998076111,197,0.152935600024648,0.01984739996260032,0.2569859000504948,0.00024449999909847975,0.6887397999526002,0.0050836000009439886,cufinufft,NVIDIA GeForce RTX 3050 Laptop GPU,,14,20
20260424_022751_gpu_v3_topq_cupy_eigsh_q32_N100000_20260436,2026-04-24T02:29:46.251754,gpu_v3_topq_cupy_eigsh,100000,1e-05,32,0.1,1e-06,0.937589899986051,0.002468132886189562,1.4922851556912065,ok,,194,9.602418857724838e-07,195,0.2961687001516111,194,0.1475518994848244,0.01946059998590499,0.2555135000147857,0.00023740000324323773,0.6563918000319973,0.0048942999565042555,cufinufft,NVIDIA GeForce RTX 3050 Laptop GPU,,15,20
20260424_022751_gpu_v3_topq_cupy_eigsh_q32_N100000_20260437,2026-04-24T02:29:47.323790,gpu_v3_topq_cupy_eigsh,100000,1e-05,32,0.1,1e-06,0.937514099990949,0.002490344455859631,1.4922851556912065,ok,,197,9.330192901823605e-07,198,0.29858389974106103,197,0.1518315997091122,0.018426199967507273,0.248387300001923,0.0002633000258356333,0.6641626000055112,0.005104199983179569,cufinufft,NVIDIA GeForce RTX 3050 Laptop GPU,,16,20
20260424_022751_gpu_v3_topq_cupy_eigsh_q32_N100000_20260438,2026-04-24T02:29:48.450821,gpu_v3_topq_cupy_eigsh,100000,1e-05,32,0.1,1e-06,0.9883400000398979,0.0025841274695843045,1.4922851556912065,ok,,196,9.504260428951548e-07,197,0.3123281000298448,196,0.15541240002494305,0.024821700004395097,0.2609988999902271,0.00025459995958954096,0.6947103000129573,0.005102000024635345,cufinufft,NVIDIA GeForce RTX 3050 Laptop GPU,,17,20
20260424_022751_gpu_v3_topq_cupy_eigsh_q32_N100000_20260439,2026-04-24T02:29:49.528035,gpu_v3_topq_cupy_eigsh,100000,1e-05,32,0.1,1e-06,0.9442677999613807,0.002667072718797414,1.4922851556912065,ok,,197,9.478304964532532e-07,198,0.3010601997957565,197,0.1514292999636382,0.01955839997390285,0.25251949997618794,0.0002359000500291586,0.6656349999830127,0.004842899972572923,cufinufft,NVIDIA GeForce RTX 3050 Laptop GPU,,18,20
20260424_022751_gpu_v3_topq_cupy_eigsh_q32_N100000_20260440,2026-04-24T02:29:50.620444,gpu_v3_topq_cupy_eigsh,100000,1e-05,32,0.1,1e-06,0.9502462999662384,0.002534152454247241,1.4922851556912065,ok,,196,8.511529961652625e-07,197,0.2997429001843557,196,0.15290130028733984,0.018805600004270673,0.24890579999191687,0.00032300001475960016,0.6751105000148527,0.005888200015760958,cufinufft,NVIDIA GeForce RTX 3050 Laptop GPU,,19,20
20260424_022751_gpu_v3_topq_cupy_eigsh_q64_N100000_20260421,2026-04-24T02:29:51.676497,gpu_v3_topq_cupy_eigsh,100000,1e-05,64,0.1,1e-06,0.9151593999704346,0.002598592071063136,1.5801757806912065,ok,,118,9.707555865595387e-07,119,0.17835719988215715,118,0.11036669980967417,0.020892700005788356,0.47934419999364763,0.00024180003674700856,0.4087450999650173,0.00480930000776425,cufinufft,NVIDIA GeForce RTX 3050 Laptop GPU,,0,20
20260424_022751_gpu_v3_topq_cupy_eigsh_q64_N100000_20260422,2026-04-24T02:29:52.752894,gpu_v3_topq_cupy_eigsh,100000,1e-05,64,0.1,1e-06,0.946113099984359,0.002699912411449185,1.5801757806912065,ok,,126,7.162531491760093e-07,127,0.19167000002926216,126,0.11913030059076846,0.01854069996625185,0.478979800012894,0.0002416999777778983,0.4419865000527352,0.005287299980409443,cufinufft,NVIDIA GeForce RTX 3050 Laptop GPU,,1,20
20260424_022751_gpu_v3_topq_cupy_eigsh_q64_N100000_20260423,2026-04-24T02:29:53.809232,gpu_v3_topq_cupy_eigsh,100000,1e-05,64,0.1,1e-06,0.923499799973797,0.0025189613063728096,1.5801757806912065,ok,,120,9.621674258799147e-07,121,0.18133050028700382,120,0.11281659972155467,0.019836899999063462,0.4774650000035763,0.0002655999851413071,0.41974059998756275,0.004803700023330748,cufinufft,NVIDIA GeForce RTX 3050 Laptop GPU,,2,20
20260424_022751_gpu_v3_topq_cupy_eigsh_q64_N100000_20260424,2026-04-24T02:29:54.856002,gpu_v3_topq_cupy_eigsh,100000,1e-05,64,0.1,1e-06,0.9107909000013024,0.0026137498351593465,1.5801757806912065,ok,,118,9.738737326831853e-07,119,0.17783209966728464,118,0.11039510020054877,0.01876609999453649,0.4745231000124477,0.00026409997371956706,0.4108692000154406,0.004930299997795373,cufinufft,NVIDIA GeForce RTX 3050 Laptop GPU,,3,20
20260424_022751_gpu_v3_topq_cupy_eigsh_q64_N100000_20260425,2026-04-24T02:29:55.953309,gpu_v3_topq_cupy_eigsh,100000,1e-05,64,0.1,1e-06,0.9488101999741048,0.002589280096118446,1.5801757806912065,ok,,118,9.761274506245436e-07,119,0.1886724001960829,118,0.11517460009781644,0.022777399979531765,0.4779032000224106,0.00023469998268410563,0.4411172000109218,0.005308299965690821,cufinufft,NVIDIA GeForce RTX 3050 Laptop GPU,,4,20
20260424_022751_gpu_v3_topq_cupy_eigsh_q64_N100000_20260426,2026-04-24T02:29:57.036890,gpu_v3_topq_cupy_eigsh,100000,1e-05,64,0.1,1e-06,0.9359891999629326,0.002509240933826014,1.5801757806912065,ok,,121,9.320067030987107e-07,122,0.18581090023508295,121,0.11345229967264459,0.020453899982385337,0.48168700002133846,0.00023900001542642713,0.42748209997080266,0.004906899994239211,cufinufft,NVIDIA GeForce RTX 3050 Laptop GPU,,5,20
20260424_022751_gpu_v3_topq_cupy_eigsh_q64_N100000_20260427,2026-04-24T02:29:58.103020,gpu_v3_topq_cupy_eigsh,100000,1e-05,64,0.1,1e-06,0.9352045000414364,0.0025447708859423174,1.5801757806912065,ok,,121,9.74275046876131e-07,122,0.18503160012187436,121,0.11414229974616319,0.01898679998703301,0.47712950001005083,0.00023449998116120696,0.4322919000405818,0.0050474999588914216,cufinufft,NVIDIA GeForce RTX 3050 Laptop GPU,,6,20
20260424_022751_gpu_v3_topq_cupy_eigsh_q64_N100000_20260428,2026-04-24T02:29:59.176349,gpu_v3_topq_cupy_eigsh,100000,1e-05,64,0.1,1e-06,0.9352032999740914,0.0025395822890050086,1.5801757806912065,ok,,118,9.752092977569778e-07,119,0.18501400004606694,118,0.11204250011360273,0.01931430003605783,0.4818468000157736,0.00024699995992705226,0.4276646000216715,0.004972899972926825,cufinufft,NVIDIA GeForce RTX 3050 Laptop GPU,,7,20
20260424_022751_gpu_v3_topq_cupy_eigsh_q64_N100000_20260429,2026-04-24T02:30:00.244836,gpu_v3_topq_cupy_eigsh,100000,1e-05,64,0.1,1e-06,0.9264564999612048,0.0025848639553344103,1.5801757806912065,ok,,117,9.714464166753302e-07,118,0.18088809994515032,117,0.10948210023343563,0.019257600011769682,0.48087809997377917,0.00023469998268410563,0.41964160004863515,0.005354999972041696,cufinufft,NVIDIA GeForce RTX 3050 Laptop GPU,,8,20
20260424_022751_gpu_v3_topq_cupy_eigsh_q64_N100000_20260430,2026-04-24T02:30:01.313819,gpu_v3_topq_cupy_eigsh,100000,1e-05,64,0.1,1e-06,0.930610700044781,0.002399163168978486,1.5801757806912065,ok,,119,9.952865072874151e-07,120,0.18397329980507493,119,0.11381700000492856,0.01934540004003793,0.4737009999807924,0.0002942999708466232,0.4308946000528522,0.005188199982512742,cufinufft,NVIDIA GeForce RTX 3050 Laptop GPU,,9,20
20260424_022751_gpu_v3_topq_cupy_eigsh_q64_N100000_20260431,2026-04-24T02:30:02.388780,gpu_v3_topq_cupy_eigsh,100000,1e-05,64,0.1,1e-06,0.9373054000316188,0.0025866757684159533,1.5801757806912065,ok,,118,9.308255302487702e-07,119,0.1833769999211654,118,0.11467019986594096,0.019332399999257177,0.48083700001006946,0.00034069997491315007,0.43081610003719106,0.004854899947531521,cufinufft,NVIDIA GeForce RTX 3050 Laptop GPU,,10,20
20260424_022751_gpu_v3_topq_cupy_eigsh_q64_N100000_20260432,2026-04-24T02:30:03.473525,gpu_v3_topq_cupy_eigsh,100000,1e-05,64,0.1,1e-06,0.9461265999707393,0.0026472626536644082,1.5801757806912065,ok,,121,9.46988234005478e-07,122,0.18915849999757484,121,0.11717130010947585,0.01847089995862916,0.47880340000847355,0.00027810002211481333,0.44247209996683523,0.0049075999995693564,cufinufft,NVIDIA GeForce RTX 3050 Laptop GPU,,11,20
20260424_022751_gpu_v3_topq_cupy_eigsh_q64_N100000_20260433,2026-04-24T02:30:04.544936,gpu_v3_topq_cupy_eigsh,100000,1e-05,64,0.1,1e-06,0.9338039999711327,0.002654820511535474,1.5801757806912065,ok,,121,9.667871346592742e-07,122,0.18227979954099283,121,0.11300490045687184,0.019603500026278198,0.48193110001739115,0.00025429995730519295,0.42610020004212856,0.00487000000430271,cufinufft,NVIDIA GeForce RTX 3050 Laptop GPU,,12,20
20260424_022751_gpu_v3_topq_cupy_eigsh_q64_N100000_20260434,2026-04-24T02:30:05.616376,gpu_v3_topq_cupy_eigsh,100000,1e-05,64,0.1,1e-06,0.9316039999830537,0.002571295920635226,1.5801757806912065,ok,,118,9.669571079784873e-07,119,0.18195949931396171,118,0.11113679967820644,0.019338399986736476,0.4819343999843113,0.0002389000146649778,0.42360789998201653,0.005317100032698363,cufinufft,NVIDIA GeForce RTX 3050 Laptop GPU,,13,20
20260424_022751_gpu_v3_topq_cupy_eigsh_q64_N100000_20260435,2026-04-24T02:30:06.734422,gpu_v3_topq_cupy_eigsh,100000,1e-05,64,0.1,1e-06,0.964834799990058,0.0026653288369993273,1.5801757806912065,ok,,121,9.304636250774553e-07,122,0.18936740001663566,121,0.11689649970503524,0.019902699976228178,0.49050100002205,0.00023750000400468707,0.4475520999985747,0.005466000002343208,cufinufft,NVIDIA GeForce RTX 3050 Laptop GPU,,14,20
20260424_022751_gpu_v3_topq_cupy_eigsh_q64_N100000_20260436,2026-04-24T02:30:07.797709,gpu_v3_topq_cupy_eigsh,100000,1e-05,64,0.1,1e-06,0.9195499999914318,0.0024683708157812708,1.5801757806912065,ok,,117,9.851872667171458e-07,118,0.17767979978816584,117,0.10806269984459504,0.019140099990181625,0.48351230000844225,0.00030340004013851285,0.41045299998950213,0.005007600004319102,cufinufft,NVIDIA GeForce RTX 3050 Laptop GPU,,15,20
20260424_022751_gpu_v3_topq_cupy_eigsh_q64_N100000_20260437,2026-04-24T02:30:08.895892,gpu_v3_topq_cupy_eigsh,100000,1e-05,64,0.1,1e-06,0.9614691999740899,0.002490069327930159,1.5801757806912065,ok,,126,7.442159537042219e-07,127,0.1920586001360789,126,0.11843529989710078,0.018954499973915517,0.483348100038711,0.00024069997016340494,0.4529106999980286,0.00482560001546517,cufinufft,NVIDIA GeForce RTX 3050 Laptop GPU,,16,20
20260424_022751_gpu_v3_topq_cupy_eigsh_q64_N100000_20260438,2026-04-24T02:30:09.963650,gpu_v3_topq_cupy_eigsh,100000,1e-05,64,0.1,1e-06,0.9271840999717824,0.002583387651804448,1.5801757806912065,ok,,118,9.819373261053785e-07,119,0.1805897998274304,118,0.11231690016575158,0.01874969998607412,0.480953500024043,0.00023779994808137417,0.42038580001099035,0.005469900032039732,cufinufft,NVIDIA GeForce RTX 3050 Laptop GPU,,17,20
20260424_022751_gpu_v3_topq_cupy_eigsh_q64_N100000_20260439,2026-04-24T02:30:11.040055,gpu_v3_topq_cupy_eigsh,100000,1e-05,64,0.1,1e-06,0.9298805000144057,0.002667533714712103,1.5801757806912065,ok,,117,9.880379031259742e-07,118,0.18075010040774941,117,0.1105394001933746,0.020098400011193007,0.4780653999769129,0.00023230002261698246,0.42489259998546913,0.005272899987176061,cufinufft,NVIDIA GeForce RTX 3050 Laptop GPU,,18,20
20260424_022751_gpu_v3_topq_cupy_eigsh_q64_N100000_20260440,2026-04-24T02:30:12.100958,gpu_v3_topq_cupy_eigsh,100000,1e-05,64,0.1,1e-06,0.9238029000116512,0.002536149030113634,1.5801757806912065,ok,,118,9.540934176925734e-07,119,0.1786255999468267,118,0.10959229979198426,0.02006240002810955,0.4817551999585703,0.00027920003049075603,0.41578440001467243,0.004891199991106987,cufinufft,NVIDIA GeForce RTX 3050 Laptop GPU,,19,20
20260424_022751_gpu_v3_topq_rand_subspace_rr_q32_N100000_20260421,2026-04-24T02:30:13.716991,gpu_v3_topq_rand_subspace_rr,100000,1e-05,32,0.1,1e-06,1.4666782999993302,0.0025974197446059673,1.5801757806912065,ok,,209,8.567027546812919e-07,210,0.33081370062427595,209,0.16283020010450855,0.020077799970749766,0.6925811000401154,0.0002749999985098839,0.7465482999687083,0.0061027000192552805,cufinufft,NVIDIA GeForce RTX 3050 Laptop GPU,,0,20
20260424_022751_gpu_v3_topq_rand_subspace_rr_q32_N100000_20260422,2026-04-24T02:30:15.305898,gpu_v3_topq_rand_subspace_rr,100000,1e-05,32,0.1,1e-06,1.4327732000383548,0.0027000118196132085,1.5801757806912065,ok,,212,7.274674471466112e-07,213,0.3268475998775102,212,0.16160659992601722,0.01956179999979213,0.6940339999855496,0.000235399988014251,0.7125213000108488,0.0052970999968238175,cufinufft,NVIDIA GeForce RTX 3050 Laptop GPU,,1,20
20260424_022751_gpu_v3_topq_rand_subspace_rr_q32_N100000_20260423,2026-04-24T02:30:16.908327,gpu_v3_topq_rand_subspace_rr,100000,1e-05,32,0.1,1e-06,1.4594453999889083,0.002518704922962458,1.5801757806912065,ok,,211,9.392695864881446e-07,212,0.3295153999933973,211,0.1625707002240233,0.02023419999750331,0.700125300034415,0.00023689999943599105,0.7323024999932386,0.005353699962142855,cufinufft,NVIDIA GeForce RTX 3050 Laptop GPU,,2,20
20260424_022751_gpu_v3_topq_rand_subspace_rr_q32_N100000_20260424,2026-04-24T02:30:18.593840,gpu_v3_topq_rand_subspace_rr,100000,1e-05,32,0.1,1e-06,1.5357466000132263,0.002613163031105124,1.5801757806912065,ok,,214,9.907766480354046e-07,215,0.3512317998101935,214,0.18012719973921776,0.020035299996379763,0.7081182000110857,0.00022630003513768315,0.8008907999610528,0.005331000022124499,cufinufft,NVIDIA GeForce RTX 3050 Laptop GPU,,3,20
20260424_022751_gpu_v3_topq_rand_subspace_rr_q32_N100000_20260425,2026-04-24T02:30:20.184244,gpu_v3_topq_rand_subspace_rr,100000,1e-05,32,0.1,1e-06,1.4320441999589093,0.0025898357037607805,1.5801757806912065,ok,,207,9.39288017396575e-07,208,0.3180654000607319,207,0.1597664004075341,0.020175600016955286,0.6971391999977641,0.0003785000299103558,0.7083629000117071,0.004900399944745004,cufinufft,NVIDIA GeForce RTX 3050 Laptop GPU,,4,20
20260424_022751_gpu_v3_topq_rand_subspace_rr_q32_N100000_20260426,2026-04-24T02:30:21.768142,gpu_v3_topq_rand_subspace_rr,100000,1e-05,32,0.1,1e-06,1.4399281999794766,0.0025084402357100875,1.5801757806912065,ok,,210,9.803184293775325e-07,211,0.32785350002814084,210,0.1599921005545184,0.01965609996113926,0.6911010000039823,0.0002872000331990421,0.7227661999640986,0.004966000036802143,cufinufft,NVIDIA GeForce RTX 3050 Laptop GPU,,5,20
20260424_022751_gpu_v3_topq_rand_subspace_rr_q32_N100000_20260427,2026-04-24T02:30:23.370931,gpu_v3_topq_rand_subspace_rr,100000,1e-05,32,0.1,1e-06,1.4595094000105746,0.002544789576868156,1.5801757806912065,ok,,207,9.343768971520951e-07,208,0.32764970062999055,207,0.16313549963524565,0.019082100014202297,0.6918138000182807,0.00023689999943599105,0.7400326000060886,0.006988299952354282,cufinufft,NVIDIA GeForce RTX 3050 Laptop GPU,,6,20
20260424_022751_gpu_v3_topq_rand_subspace_rr_q32_N100000_20260428,2026-04-24T02:30:24.921799,gpu_v3_topq_rand_subspace_rr,100000,1e-05,32,0.1,1e-06,1.4090928999939933,0.0025391098048067476,1.5801757806912065,ok,,212,8.376472431249885e-07,213,0.3168628004495986,212,0.15825660043628886,0.020530000037979335,0.6879031999851577,0.00032699998700991273,0.6943788999924436,0.004909500014036894,cufinufft,NVIDIA GeForce RTX 3050 Laptop GPU,,7,20
20260424_022751_gpu_v3_topq_rand_subspace_rr_q32_N100000_20260429,2026-04-24T02:30:26.474218,gpu_v3_topq_rand_subspace_rr,100000,1e-05,32,0.1,1e-06,1.4120645000366494,0.002584253409087745,1.5801757806912065,ok,,209,8.405164495145137e-07,210,0.31634689966449514,209,0.15686290035955608,0.01918540004407987,0.6869843999738805,0.0003168000257574022,0.6993856999906711,0.005038000002969056,cufinufft,NVIDIA GeForce RTX 3050 Laptop GPU,,8,20
20260424_022751_gpu_v3_topq_rand_subspace_rr_q32_N100000_20260430,2026-04-24T02:30:28.079570,gpu_v3_topq_rand_subspace_rr,100000,1e-05,32,0.1,1e-06,1.4588787000393495,0.0023982032788350547,1.5801757806912065,ok,,209,9.411536659180785e-07,210,0.328057799837552,209,0.1665074999909848,0.019188600010238588,0.6979827000177465,0.0002367999986745417,0.7344348999904469,0.005735099955927581,cufinufft,NVIDIA GeForce RTX 3050 Laptop GPU,,9,20
20260424_022751_gpu_v3_topq_rand_subspace_rr_q32_N100000_20260431,2026-04-24T02:30:29.629430,gpu_v3_topq_rand_subspace_rr,100000,1e-05,32,0.1,1e-06,1.4033632000209764,0.002587739378243273,1.5801757806912065,ok,,205,9.68367591067163e-07,206,0.30790049978531897,205,0.15524959977483377,0.02335879998281598,0.6896746000275016,0.0002769999555312097,0.683299700031057,0.005304399994201958,cufinufft,NVIDIA GeForce RTX 3050 Laptop GPU,,10,20
20260424_022751_gpu_v3_topq_rand_subspace_rr_q32_N100000_20260432,2026-04-24T02:30:31.177853,gpu_v3_topq_rand_subspace_rr,100000,1e-05,32,0.1,1e-06,1.4056275999755599,0.0026469501079217687,1.5801757806912065,ok,,207,9.85089853880726e-07,208,0.3115158004220575,207,0.15347719978308305,0.0199554999708198,0.6996073999907821,0.00023960001999512315,0.6795215000165626,0.0051645999774336815,cufinufft,NVIDIA GeForce RTX 3050 Laptop GPU,,11,20
20260424_022751_gpu_v3_topq_rand_subspace_rr_q32_N100000_20260433,2026-04-24T02:30:32.743976,gpu_v3_topq_rand_subspace_rr,100000,1e-05,32,0.1,1e-06,1.4109792999806814,0.0026554467571696517,1.5801757806912065,ok,,209,8.595830216922532e-07,210,0.3191512999474071,209,0.15708299988182262,0.01956879999488592,0.6861253000097349,0.00026020000223070383,0.6988737999927253,0.005054700013715774,cufinufft,NVIDIA GeForce RTX 3050 Laptop GPU,,12,20
20260424_022751_gpu_v3_topq_rand_subspace_rr_q32_N100000_20260434,2026-04-24T02:30:34.289326,gpu_v3_topq_rand_subspace_rr,100000,1e-05,32,0.1,1e-06,1.405912000045646,0.0025714023978960334,1.5801757806912065,ok,,210,9.486211475204052e-07,211,0.31489930051611736,210,0.15584330045385286,0.01942850003251806,0.6882089999853633,0.00024560000747442245,0.6920218999730423,0.004939300008118153,cufinufft,NVIDIA GeForce RTX 3050 Laptop GPU,,13,20
20260424_022751_gpu_v3_topq_rand_subspace_rr_q32_N100000_20260435,2026-04-24T02:30:35.952980,gpu_v3_topq_rand_subspace_rr,100000,1e-05,32,0.1,1e-06,1.5228038000059314,0.0026658300296823847,1.5801757806912065,ok,,215,6.715992206046972e-07,216,0.34469170024385676,215,0.17549409996718168,0.019349100010003895,0.6890807999880053,0.00030780001543462276,0.8075509999762289,0.005230800015851855,cufinufft,NVIDIA GeForce RTX 3050 Laptop GPU,,14,20
20260424_022751_gpu_v3_topq_rand_subspace_rr_q32_N100000_20260436,2026-04-24T02:30:37.548076,gpu_v3_topq_rand_subspace_rr,100000,1e-05,32,0.1,1e-06,1.4397116000181995,0.002467778118070411,1.5801757806912065,ok,,211,9.172279174351623e-07,212,0.33139960083644837,211,0.1603130002040416,0.018935600004624575,0.6857417999999598,0.00023770000552758574,0.7280248000170104,0.005633699998725206,cufinufft,NVIDIA GeForce RTX 3050 Laptop GPU,,15,20
20260424_022751_gpu_v3_topq_rand_subspace_rr_q32_N100000_20260437,2026-04-24T02:30:39.116791,gpu_v3_topq_rand_subspace_rr,100000,1e-05,32,0.1,1e-06,1.4285704000503756,0.002490080003292421,1.5801757806912065,ok,,213,8.280511493230761e-07,214,0.3204464000300504,213,0.16029560036258772,0.021216100023593754,0.6958295999793336,0.0002402999671176076,0.7048919000080787,0.005255600030068308,cufinufft,NVIDIA GeForce RTX 3050 Laptop GPU,,16,20
20260424_022751_gpu_v3_topq_rand_subspace_rr_q32_N100000_20260438,2026-04-24T02:30:40.671375,gpu_v3_topq_rand_subspace_rr,100000,1e-05,32,0.1,1e-06,1.409776000014972,0.0025840149233506255,1.5801757806912065,ok,,209,8.812325895544821e-07,210,0.31805709982290864,209,0.15462300006765872,0.01976749999448657,0.6885613999911584,0.00023750000400468707,0.6947120000259019,0.005369099962990731,cufinufft,NVIDIA GeForce RTX 3050 Laptop GPU,,17,20
20260424_022751_gpu_v3_topq_rand_subspace_rr_q32_N100000_20260439,2026-04-24T02:30:42.232823,gpu_v3_topq_rand_subspace_rr,100000,1e-05,32,0.1,1e-06,1.42432709998684,0.002666850334281834,1.5801757806912065,ok,,213,7.656125492407932e-07,214,0.32185129984281957,213,0.1609913000720553,0.01900460000615567,0.6899496000260115,0.00027359998784959316,0.7091493000043556,0.004842599970288575,cufinufft,NVIDIA GeForce RTX 3050 Laptop GPU,,18,20
20260424_022751_gpu_v3_topq_rand_subspace_rr_q32_N100000_20260440,2026-04-24T02:30:43.807052,gpu_v3_topq_rand_subspace_rr,100000,1e-05,32,0.1,1e-06,1.4341748000006191,0.0025341987687071445,1.5801757806912065,ok,,209,8.593690715983381e-07,210,0.3205859998706728,209,0.1568471003556624,0.0192803000099957,0.6946900999755599,0.0003068000078201294,0.7138440000126138,0.004990299989003688,cufinufft,NVIDIA GeForce RTX 3050 Laptop GPU,,19,20
20260424_022751_gpu_v3_topq_rand_subspace_rr_q64_N100000_20260421,2026-04-24T02:30:45.757148,gpu_v3_topq_rand_subspace_rr,100000,1e-05,64,0.1,1e-06,1.8085388999897987,0.0025975839335629297,1.5801757806912065,ok,,134,7.962390155211357e-07,135,0.20643439976265654,134,0.12877399974968284,0.01865059998817742,1.292637000035029,0.00032649998320266604,0.4905837000114843,0.005047400016337633,cufinufft,NVIDIA GeForce RTX 3050 Laptop GPU,,0,20
20260424_022751_gpu_v3_topq_rand_subspace_rr_q64_N100000_20260422,2026-04-24T02:30:47.709365,gpu_v3_topq_rand_subspace_rr,100000,1e-05,64,0.1,1e-06,1.8177782000275329,0.002700316310247624,1.5801757806912065,ok,,135,9.174751444278791e-07,136,0.21219220000784844,135,0.1285419996129349,0.01925169996684417,1.2899994000326842,0.0002383999526500702,0.5014804000384174,0.005694799998309463,cufinufft,NVIDIA GeForce RTX 3050 Laptop GPU,,1,20
20260424_022751_gpu_v3_topq_rand_subspace_rr_q64_N100000_20260423,2026-04-24T02:30:49.678631,gpu_v3_topq_rand_subspace_rr,100000,1e-05,64,0.1,1e-06,1.8165890999953263,0.0025189873450885574,1.5801757806912065,ok,,129,9.554780062543755e-07,130,0.20962209964636713,129,0.12635669979499653,0.020070399972610176,1.2934548000339419,0.00023969996254891157,0.4947369000292383,0.00685379997594282,cufinufft,NVIDIA GeForce RTX 3050 Laptop GPU,,2,20
20260424_022751_gpu_v3_topq_rand_subspace_rr_q64_N100000_20260424,2026-04-24T02:30:51.606838,gpu_v3_topq_rand_subspace_rr,100000,1e-05,64,0.1,1e-06,1.7869318000157364,0.002614619604397763,1.5801757806912065,ok,,130,9.80710856501088e-07,131,0.20002549985656515,130,0.12328509980579838,0.01922660000855103,1.296714099997189,0.00025129999266937375,0.46446149999974295,0.005196200043428689,cufinufft,NVIDIA GeForce RTX 3050 Laptop GPU,,3,20
20260424_022751_gpu_v3_topq_rand_subspace_rr_q64_N100000_20260425,2026-04-24T02:30:53.550570,gpu_v3_topq_rand_subspace_rr,100000,1e-05,64,0.1,1e-06,1.801610000024084,0.002589272415924073,1.5801757806912065,ok,,132,9.904353852869333e-07,133,0.20617400028277189,132,0.1261342997313477,0.0202238000347279,1.2922615999705158,0.00036100001307204366,0.4827066999860108,0.004955900018103421,cufinufft,NVIDIA GeForce RTX 3050 Laptop GPU,,4,20
20260424_022751_gpu_v3_topq_rand_subspace_rr_q64_N100000_20260426,2026-04-24T02:30:55.490419,gpu_v3_topq_rand_subspace_rr,100000,1e-05,64,0.1,1e-06,1.8048670999705791,0.0025089299384144868,1.5801757806912065,ok,,132,9.79517790514242e-07,133,0.20614299993030727,132,0.12659090018132702,0.018859499949030578,1.291679900023155,0.000584100023843348,0.4866243999567814,0.005751200020313263,cufinufft,NVIDIA GeForce RTX 3050 Laptop GPU,,5,20
20260424_022751_gpu_v3_topq_rand_subspace_rr_q64_N100000_20260427,2026-04-24T02:30:57.419673,gpu_v3_topq_rand_subspace_rr,100000,1e-05,64,0.1,1e-06,1.7854757999884896,0.0025443567890655228,1.5801757806912065,ok,,134,8.709670156922188e-07,135,0.2057996005169116,134,0.1276311000692658,0.01916289998916909,1.2845576000399888,0.0002447000006213784,0.47529689996736124,0.005039900017436594,cufinufft,NVIDIA GeForce RTX 3050 Laptop GPU,,6,20
20260424_022751_gpu_v3_topq_rand_subspace_rr_q64_N100000_20260428,2026-04-24T02:30:59.356068,gpu_v3_topq_rand_subspace_rr,100000,1e-05,64,0.1,1e-06,1.8009620999800973,0.0025393960114705933,1.5801757806912065,ok,,134,8.468373909159209e-07,135,0.20578429993474856,134,0.1250730999163352,0.019978199969045818,1.2946386000257917,0.0002771999570541084,0.4798529000254348,0.005103799980133772,cufinufft,NVIDIA GeForce RTX 3050 Laptop GPU,,7,20
20260424_022751_gpu_v3_topq_rand_subspace_rr_q64_N100000_20260429,2026-04-24T02:31:01.295191,gpu_v3_topq_rand_subspace_rr,100000,1e-05,64,0.1,1e-06,1.8025155000505038,0.002584502497647115,1.5801757806912065,ok,,132,9.720108997154695e-07,133,0.2072367999353446,132,0.12635769974440336,0.01969360001385212,1.2870379999512807,0.00028960005147382617,0.48917819996131584,0.004998799995519221,cufinufft,NVIDIA GeForce RTX 3050 Laptop GPU,,8,20
20260424_022751_gpu_v3_topq_rand_subspace_rr_q64_N100000_20260430,2026-04-24T02:31:03.214216,gpu_v3_topq_rand_subspace_rr,100000,1e-05,64,0.1,1e-06,1.7812035999959335,0.0023983967180801562,1.5801757806912065,ok,,134,8.921894797146099e-07,135,0.20293889963068068,134,0.12627730035455897,0.0191810000105761,1.284580699983053,0.0003129999968223274,0.47078949998831376,0.005249799985904247,cufinufft,NVIDIA GeForce RTX 3050 Laptop GPU,,9,20
20260424_022751_gpu_v3_topq_rand_subspace_rr_q64_N100000_20260431,2026-04-24T02:31:05.118987,gpu_v3_topq_rand_subspace_rr,100000,1e-05,64,0.1,1e-06,1.7695027000154369,0.002586844726343519,1.5801757806912065,ok,,127,9.739877825243922e-07,128,0.19548290059901774,127,0.12218879960710183,0.01955839997390285,1.2855074999970384,0.0002663999912329018,0.45798210002249107,0.00490559998434037,cufinufft,NVIDIA GeForce RTX 3050 Laptop GPU,,10,20
20260424_022751_gpu_v3_topq_rand_subspace_rr_q64_N100000_20260432,2026-04-24T02:31:07.048218,gpu_v3_topq_rand_subspace_rr,100000,1e-05,64,0.1,1e-06,1.7939260000130162,0.002646944067923321,1.5801757806912065,ok,,132,9.150645712419462e-07,133,0.20512319961562753,132,0.12706880056066439,0.019396700023207814,1.2882688000099733,0.00024939997820183635,0.4797137000132352,0.005031100008636713,cufinufft,NVIDIA GeForce RTX 3050 Laptop GPU,,11,20
20260424_022751_gpu_v3_topq_rand_subspace_rr_q64_N100000_20260433,2026-04-24T02:31:09.010636,gpu_v3_topq_rand_subspace_rr,100000,1e-05,64,0.1,1e-06,1.8131145000224933,0.0026547076295673623,1.5801757806912065,ok,,131,9.770130221669044e-07,132,0.20651059999363497,131,0.1273088997695595,0.019576899998355657,1.2891545000020415,0.0003863999736495316,0.4977633000235073,0.005027899984270334,cufinufft,NVIDIA GeForce RTX 3050 Laptop GPU,,12,20
20260424_022751_gpu_v3_topq_rand_subspace_rr_q64_N100000_20260434,2026-04-24T02:31:10.996224,gpu_v3_topq_rand_subspace_rr,100000,1e-05,64,0.1,1e-06,1.833413600048516,0.0025717506502431543,1.5801757806912065,ok,,134,8.060738695838003e-07,135,0.21243099990533665,134,0.1286815002677031,0.02125220000743866,1.2992202999885194,0.0003823000006377697,0.5051349999848753,0.005996300023980439,cufinufft,NVIDIA GeForce RTX 3050 Laptop GPU,,13,20
20260424_022751_gpu_v3_topq_rand_subspace_rr_q64_N100000_20260435,2026-04-24T02:31:12.937112,gpu_v3_topq_rand_subspace_rr,100000,1e-05,64,0.1,1e-06,1.7891901999828406,0.002665860813813502,1.5801757806912065,ok,,133,8.965964112451647e-07,134,0.20597169955726713,133,0.12586329958867282,0.02088769996771589,1.2770784000167623,0.0002628000220283866,0.48410139995394275,0.005482400010805577,cufinufft,NVIDIA GeForce RTX 3050 Laptop GPU,,14,20
20260424_022751_gpu_v3_topq_rand_subspace_rr_q64_N100000_20260436,2026-04-24T02:31:14.873542,gpu_v3_topq_rand_subspace_rr,100000,1e-05,64,0.1,1e-06,1.7836397000355646,0.002468250776463218,1.5801757806912065,ok,,134,7.690932556679099e-07,135,0.20343799993861467,134,0.1252950998605229,0.019799200003035367,1.283139500010293,0.00023599999258294702,0.4738935999921523,0.005225900036748499,cufinufft,NVIDIA GeForce RTX 3050 Laptop GPU,,15,20
20260424_022751_gpu_v3_topq_rand_subspace_rr_q64_N100000_20260437,2026-04-24T02:31:16.793071,gpu_v3_topq_rand_subspace_rr,100000,1e-05,64,0.1,1e-06,1.7683329000137746,0.002491263240116978,1.5801757806912065,ok,,129,9.738924250030566e-07,130,0.19776890013599768,129,0.12172099977033213,0.0194531999877654,1.2762736000004224,0.0005530000198632479,0.4651894000126049,0.005490200011990964,cufinufft,NVIDIA GeForce RTX 3050 Laptop GPU,,16,20
20260424_022751_gpu_v3_topq_rand_subspace_rr_q64_N100000_20260438,2026-04-24T02:31:18.731752,gpu_v3_topq_rand_subspace_rr,100000,1e-05,64,0.1,1e-06,1.7945607000146993,0.0025839712418698857,1.5801757806912065,ok,,134,8.568032664281784e-07,135,0.2058805000851862,134,0.12596629984909669,0.01853930001379922,1.2788827000185847,0.0002668999950401485,0.4902573999715969,0.005542500002775341,cufinufft,NVIDIA GeForce RTX 3050 Laptop GPU,,17,20
20260424_022751_gpu_v3_topq_rand_subspace_rr_q64_N100000_20260439,2026-04-24T02:31:20.644758,gpu_v3_topq_rand_subspace_rr,100000,1e-05,64,0.1,1e-06,1.773678099969402,0.0026674316558553458,1.5801757806912065,ok,,131,9.911827646350438e-07,132,0.19921460014302284,131,0.12447430053725839,0.019110399996861815,1.2775699000339955,0.0003711999743245542,0.4705429000314325,0.004994199960492551,cufinufft,NVIDIA GeForce RTX 3050 Laptop GPU,,18,20
20260424_022751_gpu_v3_topq_rand_subspace_rr_q64_N100000_20260440,2026-04-24T02:31:22.573804,gpu_v3_topq_rand_subspace_rr,100000,1e-05,64,0.1,1e-06,1.7896596000064164,0.002534370266626322,1.5801757806912065,ok,,132,9.385562227620509e-07,133,0.20553659996949136,132,0.12618360028136522,0.019206899974960834,1.2754684000392444,0.0003793999785557389,0.4885794000001624,0.005019299976993352,cufinufft,NVIDIA GeForce RTX 3050 Laptop GPU,,19,20
20260424_022751_gpu_v3_topq_combo_q32_N100000_20260421,2026-04-24T02:31:23.893561,gpu_v3_topq_combo,100000,1e-05,32,0.1,1e-06,1.1739552000071853,0.0025973756643176385,1.5801757806912065,ok,,221,8.559995425514865e-07,222,0.3306293995701708,221,0.165119000535924,0.019392099988181144,0.4251333000138402,0.00024349999148398638,0.7239521000301465,0.004251400008797646,cufinufft,NVIDIA GeForce RTX 3050 Laptop GPU,combo_g0p1_e100_s0p3,0,20
20260424_022751_gpu_v3_topq_combo_q32_N100000_20260422,2026-04-24T02:31:25.212546,gpu_v3_topq_combo,100000,1e-05,32,0.1,1e-06,1.1674745000200346,0.0027001355933718124,1.5801757806912065,ok,,221,9.704528389322244e-07,222,0.33012289978796616,221,0.16313430003356189,0.01925339997978881,0.4213075000443496,0.00024829996982589364,0.7218985999934375,0.0037651999737136066,cufinufft,NVIDIA GeForce RTX 3050 Laptop GPU,combo_g0p1_e100_s0p3,1,20
20260424_022751_gpu_v3_topq_combo_q32_N100000_20260423,2026-04-24T02:31:26.540264,gpu_v3_topq_combo,100000,1e-05,32,0.1,1e-06,1.1807330999872647,0.002518368562842712,1.5801757806912065,ok,,227,7.08238737620775e-07,228,0.33701929985545576,227,0.16712610074318945,0.018883900018408895,0.4197911999654025,0.00023790000705048442,0.7368341999826953,0.0037201999803073704,cufinufft,NVIDIA GeForce RTX 3050 Laptop GPU,combo_g0p1_e100_s0p3,2,20
20260424_022751_gpu_v3_topq_combo_q32_N100000_20260424,2026-04-24T02:31:27.875951,gpu_v3_topq_combo,100000,1e-05,32,0.1,1e-06,1.1896599999745376,0.0026134660218707193,1.5801757806912065,ok,,221,8.807132408814812e-07,222,0.33319110004231334,221,0.1645264002145268,0.020020600000862032,0.42459209996741265,0.00023509998572990298,0.740006500040181,0.003832200018223375,cufinufft,NVIDIA GeForce RTX 3050 Laptop GPU,combo_g0p1_e100_s0p3,3,20
20260424_022751_gpu_v3_topq_combo_q32_N100000_20260425,2026-04-24T02:31:29.202884,gpu_v3_topq_combo,100000,1e-05,32,0.1,1e-06,1.1828094000229612,0.0025891349008555892,1.5801757806912065,ok,,221,9.365524588653873e-07,222,0.33296740043442696,221,0.16428489983081818,0.019865599984768778,0.4345752999652177,0.0002430000458844006,0.722839499998372,0.004122000013012439,cufinufft,NVIDIA GeForce RTX 3050 Laptop GPU,combo_g0p1_e100_s0p3,4,20
20260424_022751_gpu_v3_topq_combo_q32_N100000_20260426,2026-04-24T02:31:30.528403,gpu_v3_topq_combo,100000,1e-05,32,0.1,1e-06,1.1578821999719366,0.0025086668390072358,1.5801757806912065,ok,,218,9.890800507315688e-07,219,0.32474779995391145,218,0.16073840047465637,0.021916199999395758,0.42346650001127273,0.00024369999300688505,0.7070264999638312,0.0037751999916508794,cufinufft,NVIDIA GeForce RTX 3050 Laptop GPU,combo_g0p1_e100_s0p3,5,20
20260424_022751_gpu_v3_topq_combo_q32_N100000_20260427,2026-04-24T02:31:31.845328,gpu_v3_topq_combo,100000,1e-05,32,0.1,1e-06,1.1707269999897107,0.0025447969697703758,1.5801757806912065,ok,,216,8.996967263721353e-07,217,0.321437899954617,216,0.16185770026640967,0.01860599999781698,0.43321370001649484,0.0002376000047661364,0.7140292999683879,0.0036626000073738396,cufinufft,NVIDIA GeForce RTX 3050 Laptop GPU,combo_g0p1_e100_s0p3,6,20
20260424_022751_gpu_v3_topq_combo_q32_N100000_20260428,2026-04-24T02:31:33.190009,gpu_v3_topq_combo,100000,1e-05,32,0.1,1e-06,1.1939701999654062,0.0025392219940538942,1.5801757806912065,ok,,218,9.992358341882171e-07,219,0.3265923996223137,218,0.16089359991019592,0.021814199979417026,0.457274199987296,0.0003160000196658075,0.7093877999577671,0.003794300020672381,cufinufft,NVIDIA GeForce RTX 3050 Laptop GPU,combo_g0p1_e100_s0p3,7,20
20260424_022751_gpu_v3_topq_combo_q32_N100000_20260429,2026-04-24T02:31:34.561774,gpu_v3_topq_combo,100000,1e-05,32,0.1,1e-06,1.1928918000194244,0.002584399823163219,1.5801757806912065,ok,,216,9.046872128123638e-07,217,0.32496039930265397,216,0.16303020023042336,0.021646999986842275,0.4406256999936886,0.0002586999908089638,0.7253512000315823,0.003727500035893172,cufinufft,NVIDIA GeForce RTX 3050 Laptop GPU,combo_g0p1_e100_s0p3,8,20
20260424_022751_gpu_v3_topq_combo_q32_N100000_20260430,2026-04-24T02:31:35.951802,gpu_v3_topq_combo,100000,1e-05,32,0.1,1e-06,1.2399755999795161,0.002398159581601822,1.5801757806912065,ok,,226,6.891198876615294e-07,227,0.3415924002183601,226,0.17240099975606427,0.018746300018392503,0.4371180000016466,0.00024199998006224632,0.778620500001125,0.004282200010493398,cufinufft,NVIDIA GeForce RTX 3050 Laptop GPU,combo_g0p1_e100_s0p3,9,20
20260424_022751_gpu_v3_topq_combo_q32_N100000_20260431,2026-04-24T02:31:37.281634,gpu_v3_topq_combo,100000,1e-05,32,0.1,1e-06,1.1856503000017256,0.0025870604184210703,1.5801757806912065,ok,,222,9.966566398530478e-07,223,0.3304524001432583,222,0.16465069976402447,0.019658799981698394,0.43954849999863654,0.0002615000121295452,0.7214860999956727,0.0038000000058673322,cufinufft,NVIDIA GeForce RTX 3050 Laptop GPU,combo_g0p1_e100_s0p3,10,20
20260424_022751_gpu_v3_topq_combo_q32_N100000_20260432,2026-04-24T02:31:38.638679,gpu_v3_topq_combo,100000,1e-05,32,0.1,1e-06,1.1947035000193864,0.002646857524439905,1.5801757806912065,ok,,218,9.810659324589988e-07,219,0.32454499969026074,218,0.16397190024144948,0.022832299990113825,0.44626050000078976,0.00023469998268410563,0.7202190000098199,0.004084599961061031,cufinufft,NVIDIA GeForce RTX 3050 Laptop GPU,combo_g0p1_e100_s0p3,11,20
20260424_022751_gpu_v3_topq_combo_q32_N100000_20260433,2026-04-24T02:31:39.946396,gpu_v3_topq_combo,100000,1e-05,32,0.1,1e-06,1.1659823000081815,0.0026555755821426373,1.5801757806912065,ok,,221,8.895983994457069e-07,222,0.330719799909275,221,0.16257090034196153,0.02030540001578629,0.41623979998985305,0.00023100001271814108,0.7245253999717534,0.003646500001195818,cufinufft,NVIDIA GeForce RTX 3050 Laptop GPU,combo_g0p1_e100_s0p3,12,20
20260424_022751_gpu_v3_topq_combo_q32_N100000_20260434,2026-04-24T02:31:41.271731,gpu_v3_topq_combo,100000,1e-05,32,0.1,1e-06,1.1812979000387713,0.002570955093599083,1.5801757806912065,ok,,226,7.429478879133566e-07,227,0.3355186997214332,226,0.16669359931256622,0.019205300020985305,0.42815409996546805,0.00027269998099654913,0.7292154000024311,0.0035997999948449433,cufinufft,NVIDIA GeForce RTX 3050 Laptop GPU,combo_g0p1_e100_s0p3,13,20
20260424_022751_gpu_v3_topq_combo_q32_N100000_20260435,2026-04-24T02:31:42.636250,gpu_v3_topq_combo,100000,1e-05,32,0.1,1e-06,1.195485300035216,0.002665904975414102,1.5801757806912065,ok,,221,9.431766938875829e-07,222,0.3301805009250529,221,0.16418210038682446,0.021086599968839437,0.4364886000403203,0.00023329997202381492,0.7323999999789521,0.003915200009942055,cufinufft,NVIDIA GeForce RTX 3050 Laptop GPU,combo_g0p1_e100_s0p3,14,20
20260424_022751_gpu_v3_topq_combo_q32_N100000_20260436,2026-04-24T02:31:43.941053,gpu_v3_topq_combo,100000,1e-05,32,0.1,1e-06,1.1623266999959014,0.0024687229818159398,1.5801757806912065,ok,,215,9.605852620179904e-07,216,0.319113799079787,215,0.16054469958180562,0.020494199998211116,0.4409042000188492,0.0002543999580666423,0.6954646999947727,0.004284600028768182,cufinufft,NVIDIA GeForce RTX 3050 Laptop GPU,combo_g0p1_e100_s0p3,15,20
20260424_022751_gpu_v3_topq_combo_q32_N100000_20260437,2026-04-24T02:31:45.279123,gpu_v3_topq_combo,100000,1e-05,32,0.1,1e-06,1.1902564000338316,0.002490023520257315,1.5801757806912065,ok,,225,8.297838700103098e-07,226,0.338779499870725,225,0.1666445005685091,0.019199599977582693,0.42200770002091303,0.0002511999919079244,0.7442489999812096,0.0037308000028133392,cufinufft,NVIDIA GeForce RTX 3050 Laptop GPU,combo_g0p1_e100_s0p3,16,20
20260424_022751_gpu_v3_topq_combo_q32_N100000_20260438,2026-04-24T02:31:46.560187,gpu_v3_topq_combo,100000,1e-05,32,0.1,1e-06,1.1416209999588318,0.0025836671861727014,1.5801757806912065,ok,,215,9.990064619512965e-07,216,0.31912099954206496,215,0.15888320049270988,0.01989029999822378,0.42161690001375973,0.00036449998151510954,0.6946866000071168,0.004125699982978404,cufinufft,NVIDIA GeForce RTX 3050 Laptop GPU,combo_g0p1_e100_s0p3,17,20
20260424_022751_gpu_v3_topq_combo_q32_N100000_20260439,2026-04-24T02:31:47.897461,gpu_v3_topq_combo,100000,1e-05,32,0.1,1e-06,1.1910225999890827,0.0026666310037589415,1.5801757806912065,ok,,225,7.780065735247932e-07,226,0.3373951999237761,225,0.16743330023018643,0.0195157999987714,0.4224063000292517,0.00023740000324323773,0.7439856000128202,0.003604400029871613,cufinufft,NVIDIA GeForce RTX 3050 Laptop GPU,combo_g0p1_e100_s0p3,18,20
20260424_022751_gpu_v3_topq_combo_q32_N100000_20260440,2026-04-24T02:31:49.258687,gpu_v3_topq_combo,100000,1e-05,32,0.1,1e-06,1.2027285000076517,0.002534264313039486,1.5801757806912065,ok,,221,9.418982798429814e-07,222,0.3325790999806486,221,0.1633476002025418,0.022322400007396936,0.44431240000994876,0.0003133999998681247,0.7301188000128604,0.003952500002924353,cufinufft,NVIDIA GeForce RTX 3050 Laptop GPU,combo_g0p1_e100_s0p3,19,20
20260424_022751_gpu_v3_topq_combo_q64_N100000_20260421,2026-04-24T02:31:50.691927,gpu_v3_topq_combo,100000,1e-05,64,0.1,1e-06,1.2845195999834687,0.0025975858128281693,1.5801757806912065,ok,,142,9.986914715052555e-07,143,0.21043209970230237,142,0.13180669985013083,0.018708999967202544,0.7726408000453375,0.00024019996635615826,0.4873080999823287,0.0043264999985694885,cufinufft,NVIDIA GeForce RTX 3050 Laptop GPU,combo_g0p1_e100_s0p3,0,20
20260424_022751_gpu_v3_topq_combo_q64_N100000_20260422,2026-04-24T02:31:52.159182,gpu_v3_topq_combo,100000,1e-05,64,0.1,1e-06,1.3188991000060923,0.0027001661361553205,1.5801757806912065,ok,,142,9.295094485722204e-07,143,0.21193809946998954,142,0.13320290006231517,0.018366599979344755,0.7893569000298157,0.00025099999038502574,0.5043789999908768,0.00560790003510192,cufinufft,NVIDIA GeForce RTX 3050 Laptop GPU,combo_g0p1_e100_s0p3,1,20
20260424_022751_gpu_v3_topq_combo_q64_N100000_20260423,2026-04-24T02:31:53.585923,gpu_v3_topq_combo,100000,1e-05,64,0.1,1e-06,1.2689608000218868,0.0025192046890976936,1.5801757806912065,ok,,141,9.290407439586989e-07,142,0.21149270044406876,141,0.1292058993712999,0.019765100034419447,0.7606211999664083,0.0002834000042639673,0.48363219999009743,0.0036638000165112317,cufinufft,NVIDIA GeForce RTX 3050 Laptop GPU,combo_g0p1_e100_s0p3,2,20
20260424_022751_gpu_v3_topq_combo_q64_N100000_20260424,2026-04-24T02:31:55.054105,gpu_v3_topq_combo,100000,1e-05,64,0.1,1e-06,1.3219339000061154,0.002613419291409443,1.5801757806912065,ok,,145,8.066460061652921e-07,146,0.2162594004184939,145,0.1349835996516049,0.01907129999017343,0.7982077000197023,0.0002395000192336738,0.49990779999643564,0.003633100015576929,cufinufft,NVIDIA GeForce RTX 3050 Laptop GPU,combo_g0p1_e100_s0p3,3,20
20260424_022751_gpu_v3_topq_combo_q64_N100000_20260425,2026-04-24T02:31:56.499341,gpu_v3_topq_combo,100000,1e-05,64,0.1,1e-06,1.287015900015831,0.0025888494294585753,1.5801757806912065,ok,,142,8.669540310010463e-07,143,0.21076899976469576,142,0.13143769942689687,0.019345700042322278,0.7684232000028715,0.00025759998243302107,0.48728649999247864,0.010647900053299963,cufinufft,NVIDIA GeForce RTX 3050 Laptop GPU,combo_g0p1_e100_s0p3,4,20
20260424_022751_gpu_v3_topq_combo_q64_N100000_20260426,2026-04-24T02:31:57.951011,gpu_v3_topq_combo,100000,1e-05,64,0.1,1e-06,1.2938080999883823,0.0025087902340393347,1.5801757806912065,ok,,142,7.796943248508294e-07,143,0.21089090028544888,142,0.13147849991219118,0.019222900038585067,0.777184699953068,0.00024140003370121121,0.4925218999851495,0.00360319996252656,cufinufft,NVIDIA GeForce RTX 3050 Laptop GPU,combo_g0p1_e100_s0p3,5,20
20260424_022751_gpu_v3_topq_combo_q64_N100000_20260427,2026-04-24T02:31:59.387989,gpu_v3_topq_combo,100000,1e-05,64,0.1,1e-06,1.292601699999068,0.002544150576437376,1.5801757806912065,ok,,144,8.720544430989108e-07,145,0.21324310038471594,144,0.13463100040098652,0.01901039999211207,0.7749548000283539,0.00036069995258003473,0.4938110000221059,0.0036337999626994133,cufinufft,NVIDIA GeForce RTX 3050 Laptop GPU,combo_g0p1_e100_s0p3,6,20
20260424_022751_gpu_v3_topq_combo_q64_N100000_20260428,2026-04-24T02:32:00.812680,gpu_v3_topq_combo,100000,1e-05,64,0.1,1e-06,1.279653999954462,0.0025394652032482983,1.5801757806912065,ok,,142,9.683851746877356e-07,143,0.20893410046119243,142,0.13323600008152425,0.01830060000065714,0.773537100001704,0.00028029998065903783,0.48283390002325177,0.0037625000113621354,cufinufft,NVIDIA GeForce RTX 3050 Laptop GPU,combo_g0p1_e100_s0p3,7,20
20260424_022751_gpu_v3_topq_combo_q64_N100000_20260429,2026-04-24T02:32:02.243941,gpu_v3_topq_combo,100000,1e-05,64,0.1,1e-06,1.2920635999762453,0.0025841487837544143,1.5801757806912065,ok,,142,7.93911262594119e-07,143,0.21178270014934242,142,0.1306961000082083,0.01941499998793006,0.7796526000020094,0.00026300002355128527,0.48813750001136214,0.003689900040626526,cufinufft,NVIDIA GeForce RTX 3050 Laptop GPU,combo_g0p1_e100_s0p3,8,20
20260424_022751_gpu_v3_topq_combo_q64_N100000_20260430,2026-04-24T02:32:03.710853,gpu_v3_topq_combo,100000,1e-05,64,0.1,1e-06,1.310668700025417,0.0023984713760452515,1.5801757806912065,ok,,142,8.269261343423503e-07,143,0.21719300019321963,142,0.13135869993129745,0.019780099974013865,0.7828169999993406,0.0002427000436000526,0.5020678999717347,0.004868699994403869,cufinufft,NVIDIA GeForce RTX 3050 Laptop GPU,combo_g0p1_e100_s0p3,9,20
20260424_022751_gpu_v3_topq_combo_q64_N100000_20260431,2026-04-24T02:32:05.183714,gpu_v3_topq_combo,100000,1e-05,64,0.1,1e-06,1.313474100024905,0.00258719130484473,1.5801757806912065,ok,,142,9.180927957790723e-07,143,0.21274989971425384,142,0.13368999946396798,0.019447699945885688,0.7853130000294186,0.0003418999840505421,0.5038080000085756,0.003678100008983165,cufinufft,NVIDIA GeForce RTX 3050 Laptop GPU,combo_g0p1_e100_s0p3,10,20
20260424_022751_gpu_v3_topq_combo_q64_N100000_20260432,2026-04-24T02:32:06.632514,gpu_v3_topq_combo,100000,1e-05,64,0.1,1e-06,1.309211200044956,0.0026467015367221164,1.5801757806912065,ok,,141,9.835577421790075e-07,142,0.21301240008324385,141,0.13084310002159327,0.01873960002558306,0.7868723000283353,0.0002432999899610877,0.4985154999885708,0.003849899978376925,cufinufft,NVIDIA GeForce RTX 3050 Laptop GPU,combo_g0p1_e100_s0p3,11,20
20260424_022751_gpu_v3_topq_combo_q64_N100000_20260433,2026-04-24T02:32:08.101131,gpu_v3_topq_combo,100000,1e-05,64,0.1,1e-06,1.3099169000051916,0.002655450354848971,1.5801757806912065,ok,,142,7.860752683800184e-07,143,0.2127563997055404,142,0.13286940020043403,0.02004289999604225,0.7872684000176378,0.00024089997168630362,0.4961943000089377,0.005034899979364127,cufinufft,NVIDIA GeForce RTX 3050 Laptop GPU,combo_g0p1_e100_s0p3,12,20
20260424_022751_gpu_v3_topq_combo_q64_N100000_20260434,2026-04-24T02:32:09.558823,gpu_v3_topq_combo,100000,1e-05,64,0.1,1e-06,1.3042249999707565,0.002571586995380118,1.5801757806912065,ok,,140,9.923230209370692e-07,141,0.2131147999316454,140,0.1292141997255385,0.02096900000469759,0.7824310999712907,0.00024280004436150193,0.4950956999673508,0.004142199992202222,cufinufft,NVIDIA GeForce RTX 3050 Laptop GPU,combo_g0p1_e100_s0p3,13,20
20260424_022751_gpu_v3_topq_combo_q64_N100000_20260435,2026-04-24T02:32:10.994987,gpu_v3_topq_combo,100000,1e-05,64,0.1,1e-06,1.2974808000144549,0.0026659931823410435,1.5801757806912065,ok,,142,8.029060551868028e-07,143,0.20946100034052506,142,0.12997449998511001,0.018753500015009195,0.7891103000147268,0.0002570999786257744,0.4837353000184521,0.004772400017827749,cufinufft,NVIDIA GeForce RTX 3050 Laptop GPU,combo_g0p1_e100_s0p3,14,20
20260424_022751_gpu_v3_topq_combo_q64_N100000_20260436,2026-04-24T02:32:12.424916,gpu_v3_topq_combo,100000,1e-05,64,0.1,1e-06,1.2546558000030927,0.0024682672485989796,1.5801757806912065,ok,,133,9.925597139447809e-07,134,0.19991830008802935,133,0.1227565003791824,0.018817099975422025,0.7687632000306621,0.0002466000150889158,0.4611470999661833,0.004667799978051335,cufinufft,NVIDIA GeForce RTX 3050 Laptop GPU,combo_g0p1_e100_s0p3,15,20
20260424_022751_gpu_v3_topq_combo_q64_N100000_20260437,2026-04-24T02:32:13.887745,gpu_v3_topq_combo,100000,1e-05,64,0.1,1e-06,1.307427799969446,0.0024901398524173226,1.5801757806912065,ok,,144,9.033653913164044e-07,145,0.2163921996834688,144,0.13374389987438917,0.019721099990420043,0.7763375999638811,0.00024090002989396453,0.5060137999826111,0.004050499992445111,cufinufft,NVIDIA GeForce RTX 3050 Laptop GPU,combo_g0p1_e100_s0p3,16,20
20260424_022751_gpu_v3_topq_combo_q64_N100000_20260438,2026-04-24T02:32:15.314722,gpu_v3_topq_combo,100000,1e-05,64,0.1,1e-06,1.2896673999493942,0.0025839550402709573,1.5801757806912065,ok,,144,7.750215923538388e-07,145,0.21285479969810694,144,0.1330364997847937,0.01841960003366694,0.7743911999859847,0.00024099997244775295,0.4919250000384636,0.0037549000116996467,cufinufft,NVIDIA GeForce RTX 3050 Laptop GPU,combo_g0p1_e100_s0p3,17,20
20260424_022751_gpu_v3_topq_combo_q64_N100000_20260439,2026-04-24T02:32:16.746023,gpu_v3_topq_combo,100000,1e-05,64,0.1,1e-06,1.273477999959141,0.0026675495250460947,1.5801757806912065,ok,,133,9.912818492807286e-07,134,0.19778140034759417,133,0.12306789954891428,0.019167900027241558,0.7925671999691986,0.000251400051638484,0.4564927999745123,0.0041368999518454075,cufinufft,NVIDIA GeForce RTX 3050 Laptop GPU,combo_g0p1_e100_s0p3,18,20
20260424_022751_gpu_v3_topq_combo_q64_N100000_20260440,2026-04-24T02:32:18.189276,gpu_v3_topq_combo,100000,1e-05,64,0.1,1e-06,1.2852830000338145,0.0025345260412881067,1.5801757806912065,ok,,142,8.096070390257137e-07,143,0.20968309993622825,142,0.13113139994675294,0.019661800004541874,0.7750656999996863,0.00023790000705048442,0.4849137000273913,0.004245000018272549,cufinufft,NVIDIA GeForce RTX 3050 Laptop GPU,combo_g0p1_e100_s0p3,19,20
20260424_022751_gpu_v1_topq0_q0_N300000_20260421,2026-04-24T02:32:19.808225,gpu_v1_topq0,300000,1e-05,0,0.1,1e-06,1.3379703999962658,0.0018123360710456033,0.8926757806912065,ok,,577,9.930127091553424e-07,578,0.8589583005523309,0,,0.03555359999882057,0.0,0.0,1.2885465999715962,0.009189500007778406,cufinufft,NVIDIA GeForce RTX 3050 Laptop GPU,,0,20
20260424_022751_gpu_v1_topq0_q0_N300000_20260422,2026-04-24T02:32:21.386646,gpu_v1_topq0,300000,1e-05,0,0.1,1e-06,1.3555340000311844,0.00187278475145698,0.8965820306912065,ok,,584,9.674551467935288e-07,585,0.8677403000183403,0,,0.03639840002870187,0.0,0.0,1.306853499962017,0.010291900020092726,cufinufft,NVIDIA GeForce RTX 3050 Laptop GPU,,1,20
20260424_022751_gpu_v1_topq0_q0_N300000_20260423,2026-04-24T02:32:22.905331,gpu_v1_topq0,300000,1e-05,0,0.1,1e-06,1.3056289999512956,0.0018463892534669633,0.8965820306912065,ok,,570,9.325755754813335e-07,571,0.8430414003087208,0,,0.03603120002662763,0.0,0.0,1.2594765999820083,0.008444300037808716,cufinufft,NVIDIA GeForce RTX 3050 Laptop GPU,,2,20
20260424_022751_gpu_v1_topq0_q0_N300000_20260424,2026-04-24T02:32:24.464898,gpu_v1_topq0,300000,1e-05,0,0.1,1e-06,1.3543357999878936,0.0017688159461297563,0.8965820306912065,ok,,582,8.462565214426038e-07,583,0.8653573010815307,0,,0.035855500027537346,0.0,0.0,1.3088674999889918,0.00811759999487549,cufinufft,NVIDIA GeForce RTX 3050 Laptop GPU,,3,20
20260424_022751_gpu_v1_topq0_q0_N300000_20260425,2026-04-24T02:32:26.044744,gpu_v1_topq0,300000,1e-05,0,0.1,1e-06,1.3788558000233024,0.0019045912717554259,0.8965820306912065,ok,,594,7.711873981047203e-07,595,0.8847704991349019,0,,0.035525200015399605,0.0,0.0,1.333151100028772,0.008249899954535067,cufinufft,NVIDIA GeForce RTX 3050 Laptop GPU,,4,20
20260424_022751_gpu_v1_topq0_q0_N300000_20260426,2026-04-24T02:32:27.603707,gpu_v1_topq0,300000,1e-05,0,0.1,1e-06,1.3453387000481598,0.0017388476522110358,0.8965820306912065,ok,,588,9.042394333461814e-07,589,0.8680201006354764,0,,0.03776039998047054,0.0,0.0,1.296546400000807,0.008969300019089133,cufinufft,NVIDIA GeForce RTX 3050 Laptop GPU,,5,20
20260424_022751_gpu_v1_topq0_q0_N300000_20260427,2026-04-24T02:32:29.174664,gpu_v1_topq0,300000,1e-05,0,0.1,1e-06,1.3566831999924034,0.0018836382763131,0.8965820306912065,ok,,577,8.982249295209138e-07,578,0.8648448989843018,0,,0.035645199997816235,0.0,0.0,1.3097571000107564,0.009381199954077601,cufinufft,NVIDIA GeForce RTX 3050 Laptop GPU,,6,20
20260424_022751_gpu_v1_topq0_q0_N300000_20260428,2026-04-24T02:32:30.725262,gpu_v1_topq0,300000,1e-05,0,0.1,1e-06,1.3420481000212021,0.0017202499680731074,0.8965820306912065,ok,,574,9.22041147860088e-07,575,0.8561994999763556,0,,0.03687700000591576,0.0,0.0,1.2940046999719925,0.009275300020817667,cufinufft,NVIDIA GeForce RTX 3050 Laptop GPU,,7,20
20260424_022751_gpu_v1_topq0_q0_N300000_20260429,2026-04-24T02:32:32.279909,gpu_v1_topq0,300000,1e-05,0,0.1,1e-06,1.353004599979613,0.0017968729718832652,0.8965820306912065,ok,,583,8.809308488730744e-07,584,0.8657877997611649,0,,0.03514349996112287,0.0,0.0,1.308094300038647,0.008114999975077808,cufinufft,NVIDIA GeForce RTX 3050 Laptop GPU,,8,20
20260424_022751_gpu_v1_topq0_q0_N300000_20260430,2026-04-24T02:32:33.876651,gpu_v1_topq0,300000,1e-05,0,0.1,1e-06,1.3874551000189967,0.0017915482983339003,0.8965820306912065,ok,,593,7.44674990640932e-07,594,0.8849245004239492,0,,0.03580320003675297,0.0,0.0,1.3391064000315964,0.010697799967601895,cufinufft,NVIDIA GeForce RTX 3050 Laptop GPU,,9,20
20260424_022751_gpu_v1_topq0_q0_N300000_20260431,2026-04-24T02:32:35.384670,gpu_v1_topq0,300000,1e-05,0,0.1,1e-06,1.3029967000475153,0.0018112335527533583,0.8965820306912065,ok,,565,9.586956486225441e-07,566,0.8364270004094578,0,,0.03760189999593422,0.0,0.0,1.2557406999985687,0.008069699979387224,cufinufft,NVIDIA GeForce RTX 3050 Laptop GPU,,10,20
20260424_022751_gpu_v1_topq0_q0_N300000_20260432,2026-04-24T02:32:36.934744,gpu_v1_topq0,300000,1e-05,0,0.1,1e-06,1.3494284999906085,0.0018401538838331327,0.8965820306912065,ok,,590,9.080372383864764e-07,591,0.870225599501282,0,,0.035600700008217245,0.0,0.0,1.3037739000283182,0.008503999968525022,cufinufft,NVIDIA GeForce RTX 3050 Laptop GPU,,11,20
20260424_022751_gpu_v1_topq0_q0_N300000_20260433,2026-04-24T02:32:38.523191,gpu_v1_topq0,300000,1e-05,0,0.1,1e-06,1.3734714000020176,0.0017615939075228098,0.8965820306912065,ok,,594,7.439386828470649e-07,595,0.8801462012925185,0,,0.036024199973326176,0.0,0.0,1.3267138000228442,0.009148099983576685,cufinufft,NVIDIA GeForce RTX 3050 Laptop GPU,,12,20
20260424_022751_gpu_v1_topq0_q0_N300000_20260434,2026-04-24T02:32:40.071842,gpu_v1_topq0,300000,1e-05,0,0.1,1e-06,1.347781699965708,0.0018152142123745837,0.8965820306912065,ok,,585,9.06788142243322e-07,586,0.8685622001066804,0,,0.03735669999150559,0.0,0.0,1.3002330999588594,0.008571600017603487,cufinufft,NVIDIA GeForce RTX 3050 Laptop GPU,,13,20
20260424_022751_gpu_v1_topq0_q0_N300000_20260435,2026-04-24T02:32:41.616025,gpu_v1_topq0,300000,1e-05,0,0.1,1e-06,1.3432107999688014,0.001807146081492535,0.8965820306912065,ok,,585,9.329323038452855e-07,586,0.8650718001299538,0,,0.03519299998879433,0.0,0.0,1.2981905000051484,0.008284000039566308,cufinufft,NVIDIA GeForce RTX 3050 Laptop GPU,,14,20
20260424_022751_gpu_v1_topq0_q0_N300000_20260436,2026-04-24T02:32:43.201674,gpu_v1_topq0,300000,1e-05,0,0.1,1e-06,1.373200599977281,0.0018430541229455348,0.8965820306912065,ok,,592,8.714996098190149e-07,593,0.87959249940468,0,,0.035880699986591935,0.0,0.0,1.326495600049384,0.00893829995766282,cufinufft,NVIDIA GeForce RTX 3050 Laptop GPU,,15,20
20260424_022751_gpu_v1_topq0_q0_N300000_20260437,2026-04-24T02:32:44.750165,gpu_v1_topq0,300000,1e-05,0,0.1,1e-06,1.3511453000246547,0.0017929314715477871,0.8965820306912065,ok,,576,9.772582684283704e-07,577,0.8576456005102955,0,,0.03593630000250414,0.0,0.0,1.3038477000081912,0.009659499977715313,cufinufft,NVIDIA GeForce RTX 3050 Laptop GPU,,16,20
20260424_022751_gpu_v1_topq0_q0_N300000_20260438,2026-04-24T02:32:46.273594,gpu_v1_topq0,300000,1e-05,0,0.1,1e-06,1.3230647000018507,0.0017886805171048023,0.8965820306912065,ok,,578,9.087177193602998e-07,579,0.8529989991802722,0,,0.035294100001920015,0.0,0.0,1.2778128999634646,0.00844810000853613,cufinufft,NVIDIA GeForce RTX 3050 Laptop GPU,,17,20
20260424_022751_gpu_v1_topq0_q0_N300000_20260439,2026-04-24T02:32:47.810499,gpu_v1_topq0,300000,1e-05,0,0.1,1e-06,1.3335342000355013,0.0018011724677523943,0.8965820306912065,ok,,582,9.86855787615821e-07,583,0.8605343998642638,0,,0.03534250002121553,0.0,0.0,1.287936000037007,0.008644199988339096,cufinufft,NVIDIA GeForce RTX 3050 Laptop GPU,,18,20
20260424_022751_gpu_v1_topq0_q0_N300000_20260440,2026-04-24T02:32:49.338632,gpu_v1_topq0,300000,1e-05,0,0.1,1e-06,1.3279309999779798,0.00180620051803328,0.8965820306912065,ok,,566,8.436618679971202e-07,567,0.8491460999939591,0,,0.03531880001537502,0.0,0.0,1.2825248999870382,0.008539700007531792,cufinufft,NVIDIA GeForce RTX 3050 Laptop GPU,,19,20
20260424_022751_gpu_v3_topq_q32_N300000_20260421,2026-04-24T02:32:51.113983,gpu_v3_topq,300000,1e-05,32,0.1,1e-06,1.5664298000046983,0.0018117236168203733,1.1368164056912065,ok,,309,7.778392418557187e-07,310,0.463034100306686,309,0.22925550024956465,0.03534609999042004,0.5064001000137068,0.00024100003065541387,1.0131735999602824,0.009440399997401983,cufinufft,NVIDIA GeForce RTX 3050 Laptop GPU,,0,20
20260424_022751_gpu_v3_topq_q32_N300000_20260422,2026-04-24T02:32:52.860221,gpu_v3_topq,300000,1e-05,32,0.1,1e-06,1.5412877000053413,0.0018726926803404281,1.1368164056912065,ok,,301,8.295069853249501e-07,302,0.45034179993672296,301,0.2252672003232874,0.03577529999893159,0.5032931999885477,0.0002384000108577311,0.9912766999914311,0.00881550001213327,cufinufft,NVIDIA GeForce RTX 3050 Laptop GPU,,1,20
20260424_022751_gpu_v3_topq_q32_N300000_20260423,2026-04-24T02:32:54.630741,gpu_v3_topq,300000,1e-05,32,0.1,1e-06,1.570570999989286,0.0018466155687668147,1.1368164056912065,ok,,311,7.465351900086059e-07,312,0.46349869994446635,311,0.23334680043626577,0.03566250001313165,0.5043670000159182,0.00025569996796548367,1.0205316999927163,0.008192200039047748,cufinufft,NVIDIA GeForce RTX 3050 Laptop GPU,,2,20
20260424_022751_gpu_v3_topq_q32_N300000_20260424,2026-04-24T02:32:56.377968,gpu_v3_topq,300000,1e-05,32,0.1,1e-06,1.5183243000064977,0.0017695061073237628,1.1368164056912065,ok,,297,9.652948482721623e-07,298,0.4431800001184456,297,0.22039940010290593,0.0383307000156492,0.502560299995821,0.00027050002245232463,0.9668990999925882,0.008631500008050352,cufinufft,NVIDIA GeForce RTX 3050 Laptop GPU,,3,20
20260424_022751_gpu_v3_topq_q32_N300000_20260425,2026-04-24T02:32:58.131622,gpu_v3_topq,300000,1e-05,32,0.1,1e-06,1.5532051000045612,0.0019050141373437802,1.1368164056912065,ok,,309,7.919840718732031e-07,310,0.4598159996676259,309,0.229365199978929,0.03611749998526648,0.5049589999835007,0.00023579999106004834,1.0018106000497937,0.008350799966137856,cufinufft,NVIDIA GeForce RTX 3050 Laptop GPU,,4,20
20260424_022751_gpu_v3_topq_q32_N300000_20260426,2026-04-24T02:32:59.895165,gpu_v3_topq,300000,1e-05,32,0.1,1e-06,1.5566777000203729,0.0017383369529584516,1.1368164056912065,ok,,310,8.861585600251611e-07,311,0.46176929981447756,310,0.2296265996992588,0.0358115000417456,0.5039450000040233,0.0002429999876767397,1.0064162999624386,0.008249100006651133,cufinufft,NVIDIA GeForce RTX 3050 Laptop GPU,,5,20
20260424_022751_gpu_v3_topq_q32_N300000_20260427,2026-04-24T02:33:01.687413,gpu_v3_topq,300000,1e-05,32,0.1,1e-06,1.5873164999647997,0.0018837631148021566,1.1368164056912065,ok,,307,8.092626998954607e-07,308,0.4700610000290908,307,0.23179669975070283,0.03654400003142655,0.5042186999926344,0.00024399999529123306,1.0361774999764748,0.008404800028074533,cufinufft,NVIDIA GeForce RTX 3050 Laptop GPU,,6,20
20260424_022751_gpu_v3_topq_q32_N300000_20260428,2026-04-24T02:33:03.448576,gpu_v3_topq,300000,1e-05,32,0.1,1e-06,1.546797199989669,0.0017201914616413738,1.1368164056912065,ok,,308,7.291992992389821e-07,309,0.4575224001891911,308,0.22923780023120344,0.03610239998670295,0.5041888999985531,0.00023559998953714967,0.9960538999876007,0.008521700045093894,cufinufft,NVIDIA GeForce RTX 3050 Laptop GPU,,7,20
20260424_022751_gpu_v3_topq_q32_N300000_20260429,2026-04-24T02:33:05.194943,gpu_v3_topq,300000,1e-05,32,0.1,1e-06,1.5239752999623306,0.0017968764692368896,1.1368164056912065,ok,,301,9.453558884827206e-07,302,0.4461185000836849,301,0.22431080043315887,0.03784350003115833,0.5042360000079498,0.00033789995359256864,0.9709892000537366,0.008391999988816679,cufinufft,NVIDIA GeForce RTX 3050 Laptop GPU,,8,20
20260424_022751_gpu_v3_topq_q32_N300000_20260430,2026-04-24T02:33:07.035869,gpu_v3_topq,300000,1e-05,32,0.1,1e-06,1.6266739999991842,0.0017912831676399417,1.1368164056912065,ok,,308,9.657957129866907e-07,309,0.4756483003147878,308,0.24239070096518844,0.0357670999947004,0.5040902000037022,0.00023300002794712782,1.0753678000182845,0.009245499968528748,cufinufft,NVIDIA GeForce RTX 3050 Laptop GPU,,9,20
20260424_022751_gpu_v3_topq_q32_N300000_20260431,2026-04-24T02:33:08.856244,gpu_v3_topq,300000,1e-05,32,0.1,1e-06,1.5729557999875396,0.0018103563863210723,1.1368164056912065,ok,,296,9.999229510839398e-07,297,0.4596813002717681,296,0.2315263997297734,0.03667140001198277,0.509608099993784,0.0002447000006213784,1.0164056000066921,0.008398700039833784,cufinufft,NVIDIA GeForce RTX 3050 Laptop GPU,,10,20
20260424_022751_gpu_v3_topq_q32_N300000_20260432,2026-04-24T02:33:10.692877,gpu_v3_topq,300000,1e-05,32,0.1,1e-06,1.6024043999495916,0.0018405678380159212,1.1368164056912065,ok,,308,9.528552812399534e-07,309,0.4701795994769782,308,0.2373751999111846,0.03850249998504296,0.5144291999749839,0.00023930001771077514,1.0380747999879532,0.00864980003098026,cufinufft,NVIDIA GeForce RTX 3050 Laptop GPU,,11,20
20260424_022751_gpu_v3_topq_q32_N300000_20260433,2026-04-24T02:33:12.562054,gpu_v3_topq,300000,1e-05,32,0.1,1e-06,1.6536489000427537,0.0017611676894401251,1.1368164056912065,ok,,310,8.387900484032881e-07,311,0.48324159922776744,310,0.24267199978930876,0.037593399989418685,0.5121208000346087,0.00025589996948838234,1.0920815000426956,0.009692799998447299,cufinufft,NVIDIA GeForce RTX 3050 Laptop GPU,,12,20
20260424_022751_gpu_v3_topq_q32_N300000_20260434,2026-04-24T02:33:14.347737,gpu_v3_topq,300000,1e-05,32,0.1,1e-06,1.568400099989958,0.0018164280517918828,1.1368164056912065,ok,,301,9.427655106142065e-07,302,0.4588229001383297,301,0.2278272002004087,0.03605439997045323,0.5143035000073723,0.00024140003370121121,1.0071496999589726,0.008383400039747357,cufinufft,NVIDIA GeForce RTX 3050 Laptop GPU,,13,20
20260424_022751_gpu_v3_topq_q32_N300000_20260435,2026-04-24T02:33:16.127773,gpu_v3_topq,300000,1e-05,32,0.1,1e-06,1.5710811999742873,0.001807054396904769,1.1368164056912065,ok,,306,9.9232683961373e-07,307,0.46465859981253743,306,0.22650789958424866,0.036153400025796145,0.5128513000090607,0.00024149997625499964,1.0111323000164703,0.009103099990170449,cufinufft,NVIDIA GeForce RTX 3050 Laptop GPU,,14,20
20260424_022751_gpu_v3_topq_q32_N300000_20260436,2026-04-24T02:33:17.918013,gpu_v3_topq,300000,1e-05,32,0.1,1e-06,1.5770304999896325,0.0018439217999517716,1.1368164056912065,ok,,300,8.977072301906144e-07,301,0.4574772006017156,300,0.23368289961945266,0.037801099999342114,0.5103408000431955,0.0002989000058732927,1.0173832000000402,0.008911099983379245,cufinufft,NVIDIA GeForce RTX 3050 Laptop GPU,,15,20
20260424_022751_gpu_v3_topq_q32_N300000_20260437,2026-04-24T02:33:19.720731,gpu_v3_topq,300000,1e-05,32,0.1,1e-06,1.5840031999978237,0.001793152727841032,1.1368164056912065,ok,,307,8.818254098679266e-07,308,0.4629351000767201,307,0.23675920005189255,0.03583710000384599,0.5110563999623992,0.0002400000230409205,1.0261091999709606,0.009093200031202286,cufinufft,NVIDIA GeForce RTX 3050 Laptop GPU,,16,20
20260424_022751_gpu_v3_topq_q32_N300000_20260438,2026-04-24T02:33:21.525489,gpu_v3_topq,300000,1e-05,32,0.1,1e-06,1.5896902000531554,0.001788690323294673,1.1368164056912065,ok,,308,9.956421238113234e-07,309,0.46520370023790747,308,0.23476159997517243,0.036011299991514534,0.5119030000059865,0.00024369999300688505,1.0314073000336066,0.008240199997089803,cufinufft,NVIDIA GeForce RTX 3050 Laptop GPU,,17,20
20260424_022751_gpu_v3_topq_q32_N300000_20260439,2026-04-24T02:33:23.338570,gpu_v3_topq,300000,1e-05,32,0.1,1e-06,1.5972269999911077,0.0018013530727477949,1.1368164056912065,ok,,307,9.458439061209311e-07,308,0.47274000017205253,307,0.23634940024930984,0.03714950004359707,0.5081385999801569,0.0002384000108577311,1.040931899973657,0.00910440000006929,cufinufft,NVIDIA GeForce RTX 3050 Laptop GPU,,18,20
20260424_022751_gpu_v3_topq_q32_N300000_20260440,2026-04-24T02:33:25.107857,gpu_v3_topq,300000,1e-05,32,0.1,1e-06,1.557496599969454,0.0018064553194963985,1.1368164056912065,ok,,303,9.625950833990797e-07,304,0.4561500995187089,303,0.2296774002024904,0.03664429998025298,0.5106335000018589,0.00030020001577213407,0.9998408000101335,0.008278199995402247,cufinufft,NVIDIA GeForce RTX 3050 Laptop GPU,,19,20
