dataset_stem,n_train,eps,selector_tag,route,method,precompute_mode,top_q,btab_eig_q,btab_active_size_raw,btab_box_size,tail_size,rho_max_T,tail_energy,epsilon_T,eta_inv,eta_eig,btab_eig_theta_q1_over_sigma2,btab_eig_eig_residual_max,cg_iters,outer_iters,time_precond_build,time_solve,time_total,time_post_diagnostics,time_total_with_diagnostics,rmse_test
USGS_LPC_IL_Winnebago_2018_ground_elevation_regression_ntrain100000,100000,1e-05,eigenpro_pcg,eigenpro_baseline,eigenpro_pcg_q45,c1,45.0,,,,,,,,,,,,252.0,,0.0004693000082625,0.7133439999888651,1.3439609999913955,,,0.0526789899737599
USGS_LPC_IL_Winnebago_2018_ground_elevation_regression_ntrain100000,100000,1e-05,eigenpro_pcg,eigenpro_baseline,eigenpro_pcg_q90,c1,90.0,,,,,,,,,,,,147.0,,0.0005421999958343,0.4900775999994948,1.9151015999959784,,,0.0526791245927107
USGS_LPC_IL_Winnebago_2018_ground_elevation_regression_ntrain100000,100000,1e-05,plain_cg,cg_baseline,plain_cg,original/default,,,,,,,,,,,,,578.0,,,1.3272310000029393,1.3476313000137452,,,0.0544179861178378
USGS_LPC_IL_Winnebago_2018_ground_elevation_regression_ntrain100000,100000,1e-05,topk_1024,boxeig,btab_boxeig_topk_1024_q64,c1,,64.0,1024.0,1369.0,34352.0,24.015196295328728,15924.37420763832,4.928656325459732,,0.9367790524021268,2564.208624380421,3.792438327844691e-15,369.0,369.0,0.2042603000008966,1.3363858999946387,1.362783299991861,0.2100090000021737,1.5727922999940347,0.0526787476860664
USGS_LPC_IL_Winnebago_2018_ground_elevation_regression_ntrain100000,100000,1e-05,topk_1024,boxeig,btab_boxeig_topk_1024_q128,c1,,128.0,1024.0,1369.0,34352.0,24.015196295328728,15924.37420763832,4.928656325459735,,1.091202578407544,658.2591643702655,8.855265926588724e-15,197.0,197.0,0.3402308999939123,0.9376225000014528,0.9651659000082872,0.2457231999869691,1.2108890999952564,0.0526789950918136
USGS_LPC_IL_Winnebago_2018_ground_elevation_regression_ntrain100000,100000,1e-05,topk_1024,boxeig,btab_boxeig_topk_1024_q192,c1,,192.0,1024.0,1369.0,34352.0,24.015196295328728,15924.37420763832,4.928656325459731,,1.2466843407116903,269.24504139864393,5.609536052657443e-14,132.0,132.0,0.5247481000114931,0.9238181000109762,0.9488121000031242,0.2815254000015557,1.23033750000468,0.0526789648110301
USGS_LPC_IL_Winnebago_2018_ground_elevation_regression_ntrain100000,100000,1e-05,topk_1024,boxeig,btab_boxeig_topk_1024_q256,c1,,256.0,1024.0,1369.0,34352.0,24.015196295328728,15924.37420763832,4.928656325459733,,1.4233372742358752,136.71971621259266,3.273528845356083e-14,96.0,96.0,0.7391033000021707,1.0279071999975713,1.0526327999978091,0.3315781999990577,1.384210999996867,0.0526789512541134
USGS_LPC_IL_Winnebago_2018_ground_elevation_regression_ntrain100000,100000,1e-05,topk_1024,inverse,btab_auto_topk_1024,c1,,,1024.0,1369.0,34352.0,24.015196295328728,15924.37420763832,4.928656325459733,2.5231077899208496,,,,63.0,63.0,0.1033726000023307,0.3750910999951884,0.4031308999983594,0.2044994000025326,0.607630300000892,0.0526789739685487
USGS_LPC_IL_Winnebago_2018_ground_elevation_regression_ntrain100000,100000,1e-05,topk_2048,boxeig,btab_boxeig_topk_2048_q64,c1,,64.0,2048.0,2601.0,33120.0,5.454774512434308,6302.112012772776,3.958777724326378,,0.6373474767943259,2568.654806132723,5.008584422585252e-15,369.0,369.0,0.1777646999980788,1.286376999996719,1.3126661999995122,0.2076225999917369,1.520288799991249,0.0526793307987764
USGS_LPC_IL_Winnebago_2018_ground_elevation_regression_ntrain100000,100000,1e-05,topk_2048,boxeig,btab_boxeig_topk_2048_q128,c1,,128.0,2048.0,2601.0,33120.0,5.454774512434308,6302.112012772776,3.958777724326379,,0.7366573111229595,660.9261207828021,9.585823986599786e-15,186.0,186.0,0.378575800001272,0.948973799997475,0.9737885999929858,0.2369149000005563,1.2107034999935422,0.0526791441930424
USGS_LPC_IL_Winnebago_2018_ground_elevation_regression_ntrain100000,100000,1e-05,topk_2048,boxeig,btab_boxeig_topk_2048_q192,c1,,192.0,2048.0,2601.0,33120.0,5.454774512434308,6302.112012772776,3.958777724326379,,0.8307653209159904,271.4831051118118,1.5254995493495105e-14,125.0,125.0,0.5398099000012735,0.917796100009582,0.9451845000003232,0.281724899992696,1.2269093999930192,0.0526791947298769
USGS_LPC_IL_Winnebago_2018_ground_elevation_regression_ntrain100000,100000,1e-05,topk_2048,boxeig,btab_boxeig_topk_2048_q256,c1,,256.0,2048.0,2601.0,33120.0,5.454774512434308,6302.112012772776,3.9587777243263775,,0.9196762883192184,140.13482730131622,2.4821933892142227e-14,91.0,91.0,0.7596864999941317,1.057176400005119,1.0832013000035658,0.3486466000031214,1.4318479000066873,0.0526791030048083
USGS_LPC_IL_Winnebago_2018_ground_elevation_regression_ntrain100000,100000,1e-05,topk_2048,inverse,btab_auto_topk_2048,c1,,,2048.0,2601.0,33120.0,5.454774512434308,6302.112012772776,3.958777724326378,2.15524863664228,,,,36.0,36.0,0.461886000004597,0.7332480999903055,0.7578981999977259,0.2908789000066463,1.0487771000043722,0.0526789794905785
USGS_LPC_IL_Winnebago_2018_ground_elevation_regression_ntrain100000,100000,1e-05,topk_256,boxeig,btab_boxeig_topk_256_q64,c1,,64.0,256.0,361.0,35360.0,385.2559473214425,91743.26479516704,5.90584082414094,,1.4361600705238706,2489.855462349687,3.952813401358182e-15,338.0,338.0,0.1843083000130718,1.2298197000054645,1.2624804000079166,0.212708000006387,1.4751884000143036,0.0526790516366198
USGS_LPC_IL_Winnebago_2018_ground_elevation_regression_ntrain100000,100000,1e-05,topk_256,boxeig,btab_boxeig_topk_256_q128,c1,,128.0,256.0,361.0,35360.0,385.2559473214425,91743.26479516704,5.905840824140942,,2.061893064849214,118.68757869775764,9.712016484171449e-14,186.0,186.0,0.3456344000005629,0.9180518000066512,0.9439133999985644,0.2398534999956609,1.1837668999942252,0.0526789664809192
USGS_LPC_IL_Winnebago_2018_ground_elevation_regression_ntrain100000,100000,1e-05,topk_256,boxeig,btab_boxeig_topk_256_q192,c1,,192.0,256.0,361.0,35360.0,385.2559473214425,91743.26479516704,5.905840824140942,,2.1880307775572345,1.0822952886365158,5.032583815871385e-12,187.0,187.0,0.450294300011592,1.0402672000054736,1.0647226000000956,0.283031300001312,1.3477539000014076,0.0526789487376391
USGS_LPC_IL_Winnebago_2018_ground_elevation_regression_ntrain100000,100000,1e-05,topk_256,boxeig,btab_boxeig_topk_256_q256,c1,,256.0,256.0,361.0,35360.0,385.2559473214425,91743.26479516704,5.905840824140942,,2.188041329789107,1.0000298883326717,9.494330176743182e-12,192.0,192.0,0.4380226999928709,1.0448365999909583,1.0688540999981342,0.3266991999989841,1.3955532999971183,0.0526789575028557
USGS_LPC_IL_Winnebago_2018_ground_elevation_regression_ntrain100000,100000,1e-05,topk_256,inverse,btab_auto_topk_256,c1,,,256.0,361.0,35360.0,385.2559473214425,91743.26479516704,5.905840824140942,2.589251841639784,,,,197.0,197.0,0.010349700009101,0.6353321000060532,0.6629516999964835,0.1678660000034142,0.8308176999998977,0.052678922186363
USGS_LPC_IL_Winnebago_2018_ground_elevation_regression_ntrain100000,100000,1e-05,topk_4096,boxeig,btab_boxeig_topk_4096_q64,c1,,64.0,4096.0,5329.0,30392.0,0.9838544680282528,2124.139962108919,2.1891921127873206,,0.3368414554763889,2569.0615366281013,3.3863450211199656e-15,315.0,315.0,0.192923000009614,1.151657200010959,1.1772740000014892,0.2271210000035353,1.4043950000050245,0.0526788867506425
USGS_LPC_IL_Winnebago_2018_ground_elevation_regression_ntrain100000,100000,1e-05,topk_4096,boxeig,btab_boxeig_topk_4096_q128,c1,,128.0,4096.0,5329.0,30392.0,0.9838544680282528,2124.139962108919,2.189192112787321,,0.4120535182622396,661.1591891679777,8.583091885915334e-15,158.0,158.0,0.3558021999924676,0.8370997999882093,0.8629404999956023,0.2546522999909939,1.1175927999865962,0.0526792018469073
USGS_LPC_IL_Winnebago_2018_ground_elevation_regression_ntrain100000,100000,1e-05,topk_4096,boxeig,btab_boxeig_topk_4096_q192,c1,,192.0,4096.0,5329.0,30392.0,0.9838544680282528,2124.139962108919,2.189192112787321,,0.4876233879542243,272.5350586187541,3.293814066307054e-14,103.0,103.0,0.5776780000014696,0.8940681000094628,0.9190548000042328,0.2993523000041023,1.218407100008335,0.0526790556469544
USGS_LPC_IL_Winnebago_2018_ground_elevation_regression_ntrain100000,100000,1e-05,topk_4096,boxeig,btab_boxeig_topk_4096_q256,c1,,256.0,4096.0,5329.0,30392.0,0.9838544680282528,2124.139962108919,2.1891921127873206,,0.5275127825447972,140.59604812248764,3.4725204563620246e-14,74.0,74.0,0.7851465999992797,1.026621900004102,1.0546995000040624,0.327226100009284,1.3819256000133464,0.0526791185784614
USGS_LPC_IL_Winnebago_2018_ground_elevation_regression_ntrain100000,100000,1e-05,topk_4096,inverse,btab_auto_topk_4096,c1,,,4096.0,5329.0,30392.0,0.9838544680282528,2124.139962108919,2.189192112787321,,,,,22.0,22.0,0.0038789999962318,2.0066578999976628,2.0309547999931965,0.0791046999947866,2.110059499987983,0.0526786985748551
USGS_LPC_IL_Winnebago_2018_ground_elevation_regression_ntrain100000,100000,1e-05,topk_512,boxeig,btab_boxeig_topk_512_q64,c1,,64.0,512.0,625.0,35096.0,131.3518777416826,46289.08004706075,5.715394083911416,,1.2194609446563769,2550.8722280184147,3.981727550289372e-15,350.0,350.0,0.174451400001999,1.2577053000131857,1.283015000008163,0.1958410000079311,1.4788560000160942,0.052678999107338
USGS_LPC_IL_Winnebago_2018_ground_elevation_regression_ntrain100000,100000,1e-05,topk_512,boxeig,btab_boxeig_topk_512_q128,c1,,128.0,512.0,625.0,35096.0,131.3518777416826,46289.08004706075,5.715394083911415,,1.536439845098651,624.6078475799991,1.816066361288866e-14,191.0,191.0,0.3353403999935835,0.9236824000108754,0.9485846000025048,0.2381331000069622,1.186717700009467,0.0526790580723823
USGS_LPC_IL_Winnebago_2018_ground_elevation_regression_ntrain100000,100000,1e-05,topk_512,boxeig,btab_boxeig_topk_512_q192,c1,,192.0,512.0,625.0,35096.0,131.3518777416826,46289.08004706075,5.715394083911413,,1.9585065087585924,96.8739008562674,9.267540399833156e-14,127.0,127.0,0.531483799990383,0.92667299999448,0.9537724999972852,0.2895235999894794,1.2432960999867646,0.0526789552665334
USGS_LPC_IL_Winnebago_2018_ground_elevation_regression_ntrain100000,100000,1e-05,topk_512,boxeig,btab_boxeig_topk_512_q256,c1,,256.0,,,,,,,,,,,,,,,,,,
USGS_LPC_IL_Winnebago_2018_ground_elevation_regression_ntrain100000,100000,1e-05,topk_512,inverse,btab_auto_topk_512,c1,,,512.0,625.0,35096.0,131.3518777416826,46289.08004706075,5.715394083911413,2.6544345015766795,,,,130.0,130.0,0.0232613000116543,0.4424001000006683,0.4687369000021135,0.174104100005934,0.6428410000080476,0.0526789274350958
USGS_LPC_IL_Winnebago_2018_ground_elevation_regression_ntrain1000000,1000000,1e-05,eigenpro_pcg,eigenpro_baseline,eigenpro_pcg_q45,c1,45.0,,,,,,,,,,,,652.0,,0.0004422000056365,1.858710899992729,2.5380869999935385,,,0.035526731668654
USGS_LPC_IL_Winnebago_2018_ground_elevation_regression_ntrain1000000,1000000,1e-05,eigenpro_pcg,eigenpro_baseline,eigenpro_pcg_q90,c1,90.0,,,,,,,,,,,,368.0,,0.000422700002673,1.2590294999972684,2.7317219999968074,,,0.0355270873632021
USGS_LPC_IL_Winnebago_2018_ground_elevation_regression_ntrain1000000,1000000,1e-05,plain_cg,cg_baseline,plain_cg,original/default,,,,,,,,,,,,,1497.0,,,3.319049300000188,3.4134196000086376,,,0.0357788159083114
USGS_LPC_IL_Winnebago_2018_ground_elevation_regression_ntrain1000000,1000000,1e-05,topk_1024,boxeig,btab_boxeig_topk_1024_q64,c1,,64.0,1024.0,1369.0,34352.0,240.15196295342733,159243.74207647605,5.9653489787690495,,1.015581459239556,25624.91576210088,4.09002931253748e-15,814.0,814.0,0.2046049000055063,2.706789999996545,2.778156799991848,0.2091890000010607,2.9873457999929087,0.0355269650194852
USGS_LPC_IL_Winnebago_2018_ground_elevation_regression_ntrain1000000,1000000,1e-05,topk_1024,boxeig,btab_boxeig_topk_1024_q128,c1,,128.0,1024.0,1369.0,34352.0,240.15196295342733,159243.74207647605,5.9653489787690495,,1.2011182154975113,6548.670269578815,9.654705865558824e-15,443.0,443.0,0.3461418000078993,1.676286900008563,1.7463355000072625,0.2389700999920023,1.9853055999992648,0.0355268485873817
USGS_LPC_IL_Winnebago_2018_ground_elevation_regression_ntrain1000000,1000000,1e-05,topk_1024,boxeig,btab_boxeig_topk_1024_q192,c1,,192.0,1024.0,1369.0,34352.0,240.15196295342736,159243.74207647608,5.9653489787690495,,1.3689696274786554,2686.5773727103024,4.274050080470924e-14,309.0,309.0,0.5207814000023063,1.4758308000018587,1.5451090999995358,0.2815123999898787,1.8266214999894144,0.0355267253388265
USGS_LPC_IL_Winnebago_2018_ground_elevation_regression_ntrain1000000,1000000,1e-05,topk_1024,boxeig,btab_boxeig_topk_1024_q256,c1,,256.0,1024.0,1369.0,34352.0,240.15196295342733,159243.74207647605,5.965348978769048,,1.57333690915409,1365.431159602138,6.433698404363102e-14,240.0,240.0,0.7242688999976963,1.4495530999993207,1.518959900000482,0.3298309000092558,1.8487908000097375,0.0355267472142366
USGS_LPC_IL_Winnebago_2018_ground_elevation_regression_ntrain1000000,1000000,1e-05,topk_1024,inverse,btab_auto_topk_1024,c1,,,1024.0,1369.0,34352.0,240.15196295342736,159243.74207647608,5.965348978769048,3.0681859332900787,,,,154.0,154.0,0.1027086000103736,0.7644364000007045,0.8341737999871839,0.2142119999916758,1.0483857999788595,0.0355266718784881
USGS_LPC_IL_Winnebago_2018_ground_elevation_regression_ntrain1000000,1000000,1e-05,topk_2048,boxeig,btab_boxeig_topk_2048_q64,c1,,64.0,2048.0,2601.0,33120.0,54.5477451243749,63021.1201277645,5.690954425193257,,0.7673190444209929,25674.77850254029,4.934884521099304e-15,864.0,864.0,0.1804891999927349,2.824518600013107,2.894184500008123,0.2070256000006338,3.101210100008757,0.0355270064821318
USGS_LPC_IL_Winnebago_2018_ground_elevation_regression_ntrain1000000,1000000,1e-05,topk_2048,boxeig,btab_boxeig_topk_2048_q128,c1,,128.0,2048.0,2601.0,33120.0,54.5477451243749,63021.1201277645,5.690954425193257,,0.9069243994497476,6573.94452024365,9.507658916391263e-15,455.0,455.0,0.3565521000127774,1.740255700002308,1.8103991999960272,0.2362597000028472,2.0466588999988744,0.0355267234970795
USGS_LPC_IL_Winnebago_2018_ground_elevation_regression_ntrain1000000,1000000,1e-05,topk_2048,boxeig,btab_boxeig_topk_2048_q192,c1,,192.0,2048.0,2601.0,33120.0,54.54774512437489,63021.1201277645,5.690954425193255,,1.0260143409977454,2706.305521967504,1.5769231149948762e-14,310.0,310.0,0.5317116000078386,1.4864576000109082,1.5558642000105465,0.2925622000038856,1.848426400014432,0.0355267158922683
USGS_LPC_IL_Winnebago_2018_ground_elevation_regression_ntrain1000000,1000000,1e-05,topk_2048,boxeig,btab_boxeig_topk_2048_q256,c1,,256.0,2048.0,2601.0,33120.0,54.54774512437489,63021.1201277645,5.690954425193257,,1.139412146009938,1394.297272464023,5.688784710497299e-14,243.0,243.0,0.7299205000017537,1.4712352999922589,1.5404369000025326,0.3253406999865547,1.8657775999890875,0.035526704194399
USGS_LPC_IL_Winnebago_2018_ground_elevation_regression_ntrain1000000,1000000,1e-05,topk_2048,inverse,btab_auto_topk_2048,c1,,,2048.0,2601.0,33120.0,54.54774512437489,63021.1201277645,5.690954425193257,3.0281045245555127,,,,90.0,90.0,0.4582825999968918,1.099116800003685,1.1699076000077184,0.2926098000025376,1.462517400010256,0.0355266295178468
USGS_LPC_IL_Winnebago_2018_ground_elevation_regression_ntrain1000000,1000000,1e-05,topk_256,boxeig,btab_boxeig_topk_256_q64,c1,,64.0,256.0,361.0,35360.0,3852.559473216672,917432.6479522056,6.4152145451566165,,1.4973277948365011,24987.61897047113,3.853667507086655e-15,693.0,693.0,0.176850200004992,2.301024700005655,2.387189800007036,0.199946099994122,2.587135900001158,0.0355268063753385
USGS_LPC_IL_Winnebago_2018_ground_elevation_regression_ntrain1000000,1000000,1e-05,topk_256,boxeig,btab_boxeig_topk_256_q128,c1,,128.0,256.0,361.0,35360.0,3852.559473216672,917432.6479522054,6.415214545156617,,2.1407881665912067,1196.4824994146477,5.446285784339021e-14,447.0,447.0,0.3385084999899845,1.7190207999956328,1.7899548999994297,0.2435798000078648,2.0335347000072943,0.035526635368787
USGS_LPC_IL_Winnebago_2018_ground_elevation_regression_ntrain1000000,1000000,1e-05,topk_256,boxeig,btab_boxeig_topk_256_q192,c1,,192.0,256.0,361.0,35360.0,3852.559473216672,917432.6479522054,6.4152145451566165,,2.319470037116292,1.865217365934289,3.2574705654437085e-11,447.0,447.0,0.4272316999995382,1.7956761000095869,1.8644461000076265,0.2864687999972375,2.150914900004864,0.0355266193173958
USGS_LPC_IL_Winnebago_2018_ground_elevation_regression_ntrain1000000,1000000,1e-05,topk_256,boxeig,btab_boxeig_topk_256_q256,c1,,256.0,256.0,361.0,35360.0,3852.559473216672,917432.6479522054,6.4152145451566165,,2.320282387760689,1.000327300598538,1.6749502987901874e-10,448.0,448.0,0.440229800005909,1.7976037000044016,1.8670147999946491,0.3126713000092422,2.179686100003892,0.0355266039706211
USGS_LPC_IL_Winnebago_2018_ground_elevation_regression_ntrain1000000,1000000,1e-05,topk_256,inverse,btab_auto_topk_256,c1,,,256.0,361.0,35360.0,3852.559473216672,917432.6479522054,6.415214545156618,2.835031733549705,,,,442.0,442.0,0.0102340000012191,1.4405560000013793,1.511399099996197,0.1761139000009279,1.687512999997125,0.0355266409441167
USGS_LPC_IL_Winnebago_2018_ground_elevation_regression_ntrain1000000,1000000,1e-05,topk_4096,boxeig,btab_boxeig_topk_4096_q64,c1,,64.0,4096.0,5329.0,30392.0,9.838544680288264,21241.399621101573,4.931851559891996,,0.5291317992084598,25677.509423345076,3.820495404790401e-15,979.0,979.0,0.1983132000023033,3.2003668999968795,3.2708287999994354,0.2031912999955238,3.4740200999949598,0.035526665770418
USGS_LPC_IL_Winnebago_2018_ground_elevation_regression_ntrain1000000,1000000,1e-05,topk_4096,boxeig,btab_boxeig_topk_4096_q128,c1,,128.0,4096.0,5329.0,30392.0,9.838544680288264,21241.399621101573,4.931851559891998,,0.6216539708957955,6575.664981475207,9.31368275515568e-15,495.0,495.0,0.3686104000080377,1.8771989999950165,1.9462174000072991,0.2522872999979881,2.1985047000052877,0.0355266488397365
USGS_LPC_IL_Winnebago_2018_ground_elevation_regression_ntrain1000000,1000000,1e-05,topk_4096,boxeig,btab_boxeig_topk_4096_q192,c1,,192.0,4096.0,5329.0,30392.0,9.838544680288264,21241.399621101573,4.931851559891995,,0.6991630655277287,2716.911292688934,1.4424428643756705e-14,315.0,315.0,0.5954022000078112,1.5667681000049924,1.6371305999928154,0.3053459000075236,1.942476500000339,0.0355266030744735
USGS_LPC_IL_Winnebago_2018_ground_elevation_regression_ntrain1000000,1000000,1e-05,topk_4096,boxeig,btab_boxeig_topk_4096_q256,c1,,256.0,4096.0,5329.0,30392.0,9.838544680288264,21241.399621101573,4.931851559891995,,0.7654205720998004,1399.13735787016,5.5141680248847895e-14,236.0,236.0,0.8132803000044078,1.5696465999935754,1.6395308999926783,0.3417404000065289,1.9812712999992077,0.0355266781620991
USGS_LPC_IL_Winnebago_2018_ground_elevation_regression_ntrain1000000,1000000,1e-05,topk_4096,inverse,btab_auto_topk_4096,c1,,,4096.0,5329.0,30392.0,9.838544680288264,21241.399621101573,4.931851559891995,,,,,40.0,40.0,0.0037867000064579,3.972920600004727,4.041930400009733,0.0809504999924684,4.122880900002201,0.0355270230039111
USGS_LPC_IL_Winnebago_2018_ground_elevation_regression_ntrain1000000,1000000,1e-05,topk_512,boxeig,btab_boxeig_topk_512_q64,c1,,64.0,512.0,625.0,35096.0,1313.518777417592,462890.8004708774,6.388460870011983,,1.2866795459888154,25526.5581953913,3.922584368613894e-15,737.0,737.0,0.1779578999994555,2.400154899994959,2.4711019999958808,0.2055017000093357,2.6766037000052165,0.0355266088864603
USGS_LPC_IL_Winnebago_2018_ground_elevation_regression_ntrain1000000,1000000,1e-05,topk_512,boxeig,btab_boxeig_topk_512_q128,c1,,128.0,512.0,625.0,35096.0,1313.518777417592,462890.8004708774,6.388460870011983,,1.6070515748410463,6211.929643640087,2.2404646210994696e-14,415.0,415.0,0.337664799997583,1.6165348000067752,1.6864015000028303,0.2431876000046031,1.9295891000074332,0.0355266496533248
USGS_LPC_IL_Winnebago_2018_ground_elevation_regression_ntrain1000000,1000000,1e-05,topk_512,boxeig,btab_boxeig_topk_512_q192,c1,,192.0,512.0,625.0,35096.0,1313.518777417592,462890.8004708774,6.388460870011983,,2.0381304135739184,966.736262953726,6.568989442791746e-14,304.0,304.0,0.5579754999926081,1.4962171999941347,1.565531900007045,0.2773253000050317,1.8428572000120769,0.0355266052282731
USGS_LPC_IL_Winnebago_2018_ground_elevation_regression_ntrain1000000,1000000,1e-05,topk_512,boxeig,btab_boxeig_topk_512_q256,c1,,256.0,512.0,625.0,35096.0,1313.518777417592,462890.8004708774,6.388460870011982,,2.2896726635808347,14.847644191780438,3.355656126876807e-12,296.0,296.0,0.7024030999891693,1.6293492000113474,1.70066780000343,0.3571999999985564,2.0578678000019863,0.0355266228722775
USGS_LPC_IL_Winnebago_2018_ground_elevation_regression_ntrain1000000,1000000,1e-05,topk_512,inverse,btab_auto_topk_512,c1,,,512.0,625.0,35096.0,1313.518777417592,462890.8004708774,6.388460870011983,2.9635431788641746,,,,301.0,301.0,0.023322699998971,1.0139525999984471,1.0843834999977844,0.1733590999938314,1.257742599991616,0.0355266802832276
USGS_LPC_IL_Winnebago_2018_ground_elevation_regression_ntrain300000,300000,1e-05,eigenpro_pcg,eigenpro_baseline,eigenpro_pcg_q45,c1,45.0,,,,,,,,,,,,400.0,,0.0004514000029303,1.1680466999969212,1.8129188000020804,,,0.0435167114857871
USGS_LPC_IL_Winnebago_2018_ground_elevation_regression_ntrain300000,300000,1e-05,eigenpro_pcg,eigenpro_baseline,eigenpro_pcg_q90,c1,90.0,,,,,,,,,,,,234.0,,0.0004778000002261,0.7659578999882797,2.203606499999296,,,0.0435166676286383
USGS_LPC_IL_Winnebago_2018_ground_elevation_regression_ntrain300000,300000,1e-05,plain_cg,cg_baseline,plain_cg,original/default,,,,,,,,,,,,,905.0,,,2.0243377999868244,2.0617205999878934,,,0.044279567110076
USGS_LPC_IL_Winnebago_2018_ground_elevation_regression_ntrain300000,300000,1e-05,topk_1024,boxeig,btab_boxeig_topk_1024_q64,c1,,64.0,1024.0,1369.0,34352.0,72.0455888859866,47773.12262291523,5.643314555990229,,0.9690827774022728,7696.133937189048,5.1643441258476246e-15,564.0,564.0,0.1847762999968836,1.8859162000007927,1.9224888999888208,0.2027282000053674,2.125217099994188,0.0435167031955883
USGS_LPC_IL_Winnebago_2018_ground_elevation_regression_ntrain300000,300000,1e-05,topk_1024,boxeig,btab_boxeig_topk_1024_q128,c1,,128.0,1024.0,1369.0,34352.0,72.04558888598662,47773.12262291524,5.643314555990227,,1.1189491508102312,1959.9186134482304,1.1931029060695121e-14,294.0,294.0,0.351061599998502,1.250875999990967,1.288366799999494,0.2452880999917397,1.5336548999912338,0.0435167241732561
USGS_LPC_IL_Winnebago_2018_ground_elevation_regression_ntrain300000,300000,1e-05,topk_1024,boxeig,btab_boxeig_topk_1024_q192,c1,,192.0,1024.0,1369.0,34352.0,72.04558888598662,47773.12262291524,5.6433145559902265,,1.2865600580674144,807.6898882439664,4.4254004710776454e-14,191.0,191.0,0.521443999998155,1.105509200002416,1.1444036000029882,0.2835064999962924,1.4279100999992806,0.0435169043760057
USGS_LPC_IL_Winnebago_2018_ground_elevation_regression_ntrain300000,300000,1e-05,topk_1024,boxeig,btab_boxeig_topk_1024_q256,c1,,256.0,1024.0,1369.0,34352.0,72.04558888598662,47773.12262291524,5.6433145559902265,,1.4902455637310246,410.4461052449216,8.365549711232612e-14,151.0,151.0,0.7501039000053424,1.2090886000078171,1.2465684000053443,0.3390099999960512,1.5855784000013955,0.0435167359416212
USGS_LPC_IL_Winnebago_2018_ground_elevation_regression_ntrain300000,300000,1e-05,topk_1024,inverse,btab_auto_topk_1024,c1,,,1024.0,1369.0,34352.0,72.04558888598662,47773.12262291524,5.643314555990227,2.753906870754017,,,,96.0,96.0,0.109294800000498,0.5407464999880176,0.579769199990551,0.2067942999856313,0.7865634999761824,0.0435167365140895
USGS_LPC_IL_Winnebago_2018_ground_elevation_regression_ntrain300000,300000,1e-05,topk_2048,boxeig,btab_boxeig_topk_2048_q64,c1,,64.0,2048.0,2601.0,33120.0,16.364323537303022,18906.336038318444,4.973095772877804,,0.6825982103247222,7711.043062521617,5.487498304145792e-15,592.0,592.0,0.1926375999901211,2.0970949999900768,2.134893900001771,0.1994173999992199,2.3343113000009907,0.0435167734274996
USGS_LPC_IL_Winnebago_2018_ground_elevation_regression_ntrain300000,300000,1e-05,topk_2048,boxeig,btab_boxeig_topk_2048_q128,c1,,128.0,2048.0,2601.0,33120.0,16.364323537303022,18906.336038318444,4.973095772877804,,0.8016320333990908,1967.870679260697,1.2690013976888898e-14,301.0,301.0,0.3688680000050226,1.2796113999938823,1.3168087999947602,0.2444255000009434,1.5612342999957036,0.0435166823084065
USGS_LPC_IL_Winnebago_2018_ground_elevation_regression_ntrain300000,300000,1e-05,topk_2048,boxeig,btab_boxeig_topk_2048_q192,c1,,192.0,2048.0,2601.0,33120.0,16.36432353730302,18906.33603831844,4.973095772877806,,0.9166096559433684,813.362185193241,4.4868920627270967e-14,205.0,205.0,0.5474494000081904,1.1906592000013916,1.2275646000052802,0.281018599998788,1.5085832000040682,0.0435166725384618
USGS_LPC_IL_Winnebago_2018_ground_elevation_regression_ntrain300000,300000,1e-05,topk_2048,boxeig,btab_boxeig_topk_2048_q256,c1,,256.0,2048.0,2601.0,33120.0,16.364323537303022,18906.336038318444,4.973095772877804,,1.0253158550651185,417.2910363694636,1.045003614049312e-13,151.0,151.0,0.7225266000023112,1.1765752000064822,1.2133561999944504,0.3162412000092445,1.529597400003695,0.0435166587099641
USGS_LPC_IL_Winnebago_2018_ground_elevation_regression_ntrain300000,300000,1e-05,topk_2048,inverse,btab_auto_topk_2048,c1,,,2048.0,2601.0,33120.0,16.364323537303022,18906.336038318444,4.973095772877806,2.5782611824149813,,,,56.0,56.0,0.4583795000071404,0.8583720000024186,0.8990701000002446,0.2946004999976139,1.1936705999978583,0.0435166539893594
USGS_LPC_IL_Winnebago_2018_ground_elevation_regression_ntrain300000,300000,1e-05,topk_256,boxeig,btab_boxeig_topk_256_q64,c1,,64.0,256.0,361.0,35360.0,1155.7678419643344,275229.7943855028,6.514084379768329,,1.4402464523873375,7501.635247173629,3.920386539755024e-15,448.0,448.0,0.1798064000031445,1.5628456999984337,1.6013314000010723,0.205541399991489,1.8068727999925611,0.043516575625469
USGS_LPC_IL_Winnebago_2018_ground_elevation_regression_ntrain300000,300000,1e-05,topk_256,boxeig,btab_boxeig_topk_256_q128,c1,,128.0,256.0,361.0,35360.0,1155.7678419643346,275229.7943855028,6.514084379768329,,2.0950207604387723,358.0874377827789,4.582497116100872e-14,278.0,278.0,0.3618138000019826,1.2049744999967515,1.2433718999964185,0.2395109999924898,1.4828828999889083,0.043516707920164
USGS_LPC_IL_Winnebago_2018_ground_elevation_regression_ntrain300000,300000,1e-05,topk_256,boxeig,btab_boxeig_topk_256_q192,c1,,192.0,256.0,361.0,35360.0,1155.7678419643346,275229.7943855028,6.514084379768329,,2.252695148119864,1.2576186931356896,1.6460811474515868e-11,273.0,273.0,0.4516113999998197,1.2635333000071114,1.301602500010631,0.2926424000033876,1.5942449000140186,0.0435166913049727
USGS_LPC_IL_Winnebago_2018_ground_elevation_regression_ntrain300000,300000,1e-05,topk_256,boxeig,btab_boxeig_topk_256_q256,c1,,256.0,256.0,361.0,35360.0,1155.7678419643346,275229.7943855028,6.514084379768329,,2.2527813700008616,1.0000957434915474,7.361652985635922e-11,277.0,277.0,0.4350358000083361,1.2814874000032432,1.318906000000425,0.3264469999994617,1.6453529999998864,0.0435166779438889
USGS_LPC_IL_Winnebago_2018_ground_elevation_regression_ntrain300000,300000,1e-05,topk_256,inverse,btab_auto_topk_256,c1,,,256.0,361.0,35360.0,1155.7678419643346,275229.7943855028,6.514084379768329,2.6423462619651272,,,,277.0,277.0,0.0105190000031143,0.8670171999983722,0.9047617000032916,0.167895699996734,1.0726574000000255,0.0435166156669136
USGS_LPC_IL_Winnebago_2018_ground_elevation_regression_ntrain300000,300000,1e-05,topk_4096,boxeig,btab_boxeig_topk_4096_q64,c1,,64.0,4096.0,5329.0,30392.0,2.951563404084776,6372.419886326795,3.598141238064297,,0.4263112107780814,7711.934721563507,3.782103036941112e-15,572.0,572.0,0.1936471000080928,1.950430700002471,1.986143100002664,0.2099042999907396,2.196047399993404,0.0435170256664287
USGS_LPC_IL_Winnebago_2018_ground_elevation_regression_ntrain300000,300000,1e-05,topk_4096,boxeig,btab_boxeig_topk_4096_q128,c1,,128.0,4096.0,5329.0,30392.0,2.951563404084776,6372.419886326795,3.598141238064298,,0.4971732013610865,1968.4148812800688,1.1866901753300611e-14,287.0,287.0,0.3683218999940436,1.2719616999966092,1.3115665999939663,0.2528123999945819,1.5643789999885485,0.0435170302419736
USGS_LPC_IL_Winnebago_2018_ground_elevation_regression_ntrain300000,300000,1e-05,topk_4096,boxeig,btab_boxeig_topk_4096_q192,c1,,192.0,4096.0,5329.0,30392.0,2.951563404084776,6372.419886326795,3.598141238064298,,0.5876890798066415,816.6527368360347,5.622293567186045e-14,186.0,186.0,0.5777763000078266,1.148122999991756,1.1859950999933062,0.2848316000017803,1.4708266999950863,0.0435170416619876
USGS_LPC_IL_Winnebago_2018_ground_elevation_regression_ntrain300000,300000,1e-05,topk_4096,boxeig,btab_boxeig_topk_4096_q256,c1,,256.0,4096.0,5329.0,30392.0,2.951563404084776,6372.419886326795,3.598141238064297,,0.636691316044929,418.6121473884061,9.964271432406053e-14,138.0,138.0,0.8014109000068856,1.243064800000866,1.2799155999964569,0.3245739999983925,1.6044895999948494,0.0435169347378148
USGS_LPC_IL_Winnebago_2018_ground_elevation_regression_ntrain300000,300000,1e-05,topk_4096,inverse,btab_auto_topk_4096,c1,,,4096.0,5329.0,30392.0,2.951563404084776,6372.419886326795,3.598141238064297,,,,,33.0,33.0,0.0047284000029321,3.246811400007573,3.283577000009245,0.0876565999933518,3.371233600002597,0.0435166912364425
USGS_LPC_IL_Winnebago_2018_ground_elevation_regression_ntrain300000,300000,1e-05,topk_512,boxeig,btab_boxeig_topk_512_q64,c1,,64.0,512.0,625.0,35096.0,394.0556332250501,138867.24014118308,6.308960510920808,,1.2267314881822635,7664.49932256465,3.723848755043869e-15,542.0,542.0,0.1856699000054504,1.8296018999972148,1.869104700002936,0.2021478000096976,2.0712525000126334,0.0435167375208579
USGS_LPC_IL_Winnebago_2018_ground_elevation_regression_ntrain300000,300000,1e-05,topk_512,boxeig,btab_boxeig_topk_512_q128,c1,,128.0,512.0,625.0,35096.0,394.0556332250501,138867.24014118308,6.308960510920808,,1.556815868319259,1859.5224400128168,1.0156374368446232e-14,303.0,303.0,0.3405580000107875,1.268028400008916,1.305259400003706,0.2361531000060495,1.5414125000097556,0.0435166663672005
USGS_LPC_IL_Winnebago_2018_ground_elevation_regression_ntrain300000,300000,1e-05,topk_512,boxeig,btab_boxeig_topk_512_q192,c1,,192.0,512.0,625.0,35096.0,394.0556332250501,138867.24014118308,6.308960510920811,,1.99594699775328,290.6826352821867,5.1658289715902975e-14,192.0,192.0,0.5207500999968033,1.1032135999994352,1.1391252000030363,0.2749220999976387,1.414047300000675,0.0435166793462708
USGS_LPC_IL_Winnebago_2018_ground_elevation_regression_ntrain300000,300000,1e-05,topk_512,boxeig,btab_boxeig_topk_512_q256,c1,,256.0,512.0,625.0,35096.0,394.0556332250501,138867.24014118308,6.308960510920808,,2.2129328871452985,5.13231039797876,2.5811756685792848e-12,182.0,182.0,0.7076246000069659,1.2745961000036914,1.312944899997092,0.3241232000000309,1.6370680999971228,0.0435167479017659
USGS_LPC_IL_Winnebago_2018_ground_elevation_regression_ntrain300000,300000,1e-05,topk_512,inverse,btab_auto_topk_512,c1,,,512.0,625.0,35096.0,394.0556332250501,138867.24014118308,6.30896051092081,2.74781122392469,,,,196.0,196.0,0.0231588000024203,0.6517131999862613,0.6894190999882994,0.1784990999876754,0.8679181999759749,0.0435167155508763
USGS_LPC_IL_Winnebago_2018_ground_elevation_regression_ntrain3000000,3000000,1e-05,eigenpro_pcg,eigenpro_baseline,eigenpro_pcg_q45,c1,45.0,,,,,,,,,,,,986.0,,0.0004941999941365,2.862474900000961,3.657354099996155,,,0.0310976967271089
USGS_LPC_IL_Winnebago_2018_ground_elevation_regression_ntrain3000000,3000000,1e-05,eigenpro_pcg,eigenpro_baseline,eigenpro_pcg_q90,c1,90.0,,,,,,,,,,,,570.0,,0.0004687000036938,1.8828844999952707,3.4686656999983825,,,0.0310978374636049
USGS_LPC_IL_Winnebago_2018_ground_elevation_regression_ntrain3000000,3000000,1e-05,plain_cg,cg_baseline,plain_cg,original/default,,,,,,,,,,,,,2250.0,,,5.034900099999504,5.544350500000292,,,0.0311743828649996
USGS_LPC_IL_Winnebago_2018_ground_elevation_regression_ntrain3000000,3000000,1e-05,topk_1024,boxeig,btab_boxeig_topk_1024_q64,c1,,64.0,1024.0,1369.0,34352.0,720.4558888598436,477731.2262291375,7.294641315144397,,1.0663137722670963,76912.45806811315,3.900801044148373e-15,1114.0,1114.0,0.1995613999897614,3.6101364999922234,3.795695599997998,0.2063664000015705,4.002061999999569,0.0310973849907859
USGS_LPC_IL_Winnebago_2018_ground_elevation_regression_ntrain3000000,3000000,1e-05,topk_1024,boxeig,btab_boxeig_topk_1024_q128,c1,,128.0,1024.0,1369.0,34352.0,720.4558888598436,477731.2262291375,7.294641315144398,,1.251076261675439,19595.849402133423,9.982493431960642e-15,608.0,608.0,0.3577045000129146,2.233482900002855,2.422623500009649,0.237448999992921,2.6600725000025705,0.031097437225141
USGS_LPC_IL_Winnebago_2018_ground_elevation_regression_ntrain3000000,3000000,1e-05,topk_1024,boxeig,btab_boxeig_topk_1024_q192,c1,,192.0,1024.0,1369.0,34352.0,720.4558888598436,477731.2262291375,7.294641315144395,,1.423222562911181,8060.122807017874,4.2264781846357365e-14,449.0,449.0,0.53024639999785,1.8995701000094412,2.086906500000623,0.2761681999982102,2.363074699998833,0.031097496954109
USGS_LPC_IL_Winnebago_2018_ground_elevation_regression_ntrain3000000,3000000,1e-05,topk_1024,boxeig,btab_boxeig_topk_1024_q256,c1,,256.0,1024.0,1369.0,34352.0,720.4558888598436,477731.2262291375,7.294641315144397,,1.619184861431603,4090.8252622346986,2.9242691973147564e-14,321.0,321.0,0.7271843000053195,1.700106499993126,1.8861749999923632,0.3224302000016905,2.2086051999940537,0.0310974472911775
USGS_LPC_IL_Winnebago_2018_ground_elevation_regression_ntrain3000000,3000000,1e-05,topk_1024,inverse,btab_auto_topk_1024,c1,,,1024.0,1369.0,34352.0,720.4558888598436,477731.2262291375,7.294641315144396,3.208422249082864,,,,248.0,248.0,0.1080991000053472,1.1641762999934144,1.35314720000315,0.2039264000050025,1.5570736000081524,0.031097446586251
USGS_LPC_IL_Winnebago_2018_ground_elevation_regression_ntrain3000000,3000000,1e-05,topk_2048,boxeig,btab_boxeig_topk_2048_q64,c1,,64.0,2048.0,2601.0,33120.0,163.64323537302514,189063.3603831785,6.659925207394541,,0.8259654784846756,77061.85759565416,4.129106174927671e-15,1312.0,1312.0,0.1769490000006044,4.206024399987655,4.388699799994356,0.1998363000020617,4.588536099996418,0.0310974100928769
USGS_LPC_IL_Winnebago_2018_ground_elevation_regression_ntrain3000000,3000000,1e-05,topk_2048,boxeig,btab_boxeig_topk_2048_q128,c1,,128.0,2048.0,2601.0,33120.0,163.64323537302514,189063.3603831785,6.659925207394541,,0.9732761079462012,19672.93585219951,8.606672043354384e-15,673.0,673.0,0.3440512999950442,2.378940299997339,2.563037300002179,0.2367768000112846,2.799814100013464,0.0310973830865595
USGS_LPC_IL_Winnebago_2018_ground_elevation_regression_ntrain3000000,3000000,1e-05,topk_2048,boxeig,btab_boxeig_topk_2048_q192,c1,,192.0,2048.0,2601.0,33120.0,163.64323537302514,189063.3603831785,6.65992520739454,,1.1059377773921502,8128.403230441646,1.9232222497834363e-14,446.0,446.0,0.5489980000129435,1.9060191999888048,2.0912946999887936,0.2794993999996222,2.370794099988416,0.031097513020329
USGS_LPC_IL_Winnebago_2018_ground_elevation_regression_ntrain3000000,3000000,1e-05,topk_2048,boxeig,btab_boxeig_topk_2048_q256,c1,,256.0,2048.0,2601.0,33120.0,163.64323537302514,189063.3603831785,6.659925207394543,,1.2224976575222892,4179.842675932733,5.101198371016319e-14,340.0,340.0,0.733623299995088,1.782974900008412,1.9670921000069936,0.3264314999978523,2.2935236000048462,0.0310974268579053
USGS_LPC_IL_Winnebago_2018_ground_elevation_regression_ntrain3000000,3000000,1e-05,topk_2048,inverse,btab_auto_topk_2048,c1,,,2048.0,2601.0,33120.0,163.64323537302514,189063.3603831785,6.659925207394539,3.222190938576632,,,,140.0,140.0,0.4527131999930134,1.4607488000037847,1.6476660999906017,0.2908063999930164,1.938472499983618,0.0310974038387763
USGS_LPC_IL_Winnebago_2018_ground_elevation_regression_ntrain3000000,3000000,1e-05,topk_256,boxeig,btab_boxeig_topk_256_q64,c1,,64.0,256.0,361.0,35360.0,11557.678419642983,2752297.943854942,7.724376330846832,,1.5101601248983767,74866.1305623177,3.054508613490397e-15,829.0,829.0,0.1841659999918192,2.771219100002781,2.9565854000102263,0.2253439000051003,3.1819293000153266,0.0310974333273614
USGS_LPC_IL_Winnebago_2018_ground_elevation_regression_ntrain3000000,3000000,1e-05,topk_256,boxeig,btab_boxeig_topk_256_q128,c1,,128.0,256.0,361.0,35360.0,11557.678419642983,2752297.943854942,7.7243763308468285,,2.1706170522485944,3578.8949212989905,5.0408865495588244e-14,656.0,656.0,0.3800472000002628,2.514359799999511,2.6975642000033986,0.2676731999963522,2.965237399999751,0.0310973718552564
USGS_LPC_IL_Winnebago_2018_ground_elevation_regression_ntrain3000000,3000000,1e-05,topk_256,boxeig,btab_boxeig_topk_256_q192,c1,,192.0,256.0,361.0,35360.0,11557.678419642983,2752297.943854942,7.724376330846827,,2.370467501508493,3.591396976277792,1.0108302366463477e-10,718.0,718.0,0.4573818999924697,2.7980168999929447,2.983052299998235,0.2987348999886308,3.2817871999868657,0.0310974211721657
USGS_LPC_IL_Winnebago_2018_ground_elevation_regression_ntrain3000000,3000000,1e-05,topk_256,boxeig,btab_boxeig_topk_256_q256,c1,,256.0,256.0,361.0,35360.0,11557.678419642983,2752297.943854942,7.72437633084683,,2.3734063279568303,1.000981848208955,2.8183607055632125e-10,719.0,719.0,0.4851402999920537,2.756824100011727,2.943536500009941,0.3108238999993773,3.2543604000093183,0.0310973906551124
USGS_LPC_IL_Winnebago_2018_ground_elevation_regression_ntrain3000000,3000000,1e-05,topk_256,inverse,btab_auto_topk_256,c1,,,256.0,361.0,35360.0,11557.678419642983,2752297.943854942,7.72437633084683,2.8794718789162186,,,,722.0,722.0,0.0105434999859426,2.294984200008912,2.47839030000614,0.1844946000055642,2.6628849000117043,0.0310974229580537
USGS_LPC_IL_Winnebago_2018_ground_elevation_regression_ntrain3000000,3000000,1e-05,topk_4096,boxeig,btab_boxeig_topk_4096_q64,c1,,64.0,4096.0,5329.0,30392.0,29.51563404084684,63724.19886326596,5.64118809530764,,0.6259270333067737,77070.10248133786,4.275935783688026e-15,1439.0,1439.0,0.1925410999974701,4.590947099990444,4.777932999990298,0.2075703000009525,4.985503299991251,0.0310973530636573
USGS_LPC_IL_Winnebago_2018_ground_elevation_regression_ntrain3000000,3000000,1e-05,topk_4096,boxeig,btab_boxeig_topk_4096_q128,c1,,128.0,4096.0,5329.0,30392.0,29.51563404084684,63724.19886326596,5.6411880953076405,,0.7518668657075573,19678.08164618142,9.123695383476248e-15,745.0,745.0,0.3668557000055443,2.6449247999989893,2.829490100004477,0.2479680999967968,3.0774582000012742,0.031097410700628
USGS_LPC_IL_Winnebago_2018_ground_elevation_regression_ntrain3000000,3000000,1e-05,topk_4096,boxeig,btab_boxeig_topk_4096_q192,c1,,192.0,4096.0,5329.0,30392.0,29.51563404084684,63724.19886326596,5.641188095307639,,0.8393746415592412,8157.913459002125,1.4671227506718112e-14,486.0,486.0,0.5634141999908024,2.072936399999889,2.2558391999918967,0.2966451999964192,2.552484399988316,0.0310973157443197
USGS_LPC_IL_Winnebago_2018_ground_elevation_regression_ntrain3000000,3000000,1e-05,topk_4096,boxeig,btab_boxeig_topk_4096_q256,c1,,256.0,4096.0,5329.0,30392.0,29.51563404084684,63724.19886326596,5.64118809530764,,0.9110547788560448,4193.712956093717,8.307979775559526e-14,364.0,364.0,0.799707700003637,1.955172500005574,2.1404051999998046,0.3271263999922666,2.4675315999920717,0.0310973242302571
USGS_LPC_IL_Winnebago_2018_ground_elevation_regression_ntrain3000000,3000000,1e-05,topk_4096,inverse,btab_auto_topk_4096,c1,,,4096.0,5329.0,30392.0,29.51563404084684,63724.19886326596,5.6411880953076405,,,,,46.0,46.0,0.0042920999985653,4.722602399997413,4.907815699989442,0.0710490999917965,4.978864799981238,0.0310976522681384
USGS_LPC_IL_Winnebago_2018_ground_elevation_regression_ntrain3000000,3000000,1e-05,topk_512,boxeig,btab_boxeig_topk_512_q64,c1,,64.0,512.0,625.0,35096.0,3940.556332250379,1388672.4014117874,7.621116718924883,,1.3124266851537856,76619.42627312426,3.958646914042448e-15,1024.0,1024.0,0.1816433000058168,3.320053599993116,3.5048392999888165,0.2043433999933768,3.709182699982193,0.0310976033431329
USGS_LPC_IL_Winnebago_2018_ground_elevation_regression_ntrain3000000,3000000,1e-05,topk_512,boxeig,btab_boxeig_topk_512_q128,c1,,128.0,512.0,625.0,35096.0,3940.556332250379,1388672.4014117874,7.621116718924885,,1.64096591712935,18591.589531375288,1.120288649926575e-14,645.0,645.0,0.3371048999979393,2.326956699995208,2.510213500005193,0.2585447000019485,2.7687582000071416,0.0310974941496474
USGS_LPC_IL_Winnebago_2018_ground_elevation_regression_ntrain3000000,3000000,1e-05,topk_512,boxeig,btab_boxeig_topk_512_q192,c1,,192.0,512.0,625.0,35096.0,3940.556332250379,1388672.4014117874,7.621116718924885,,2.0839847042126443,2882.9336391107745,7.381038727145562e-14,486.0,486.0,0.5158755000011297,2.0038153000059538,2.189841900006286,0.28574849999859,2.475590400004876,0.0310974242999225
USGS_LPC_IL_Winnebago_2018_ground_elevation_regression_ntrain3000000,3000000,1e-05,topk_512,boxeig,btab_boxeig_topk_512_q256,c1,,256.0,512.0,625.0,35096.0,3940.556332250379,1388672.4014117874,7.621116718924882,,2.330358004673653,42.71619176296449,6.078050420520268e-12,495.0,495.0,0.7022337000089465,2.253613399996538,2.4393917999987025,0.3231348999979673,2.7625266999966698,0.0310974165138675
USGS_LPC_IL_Winnebago_2018_ground_elevation_regression_ntrain3000000,3000000,1e-05,topk_512,inverse,btab_auto_topk_512,c1,,,512.0,625.0,35096.0,3940.556332250379,1388672.4014117874,7.621116718924885,3.0957921696018382,,,,487.0,487.0,0.0225434999883873,1.6251541999954495,1.813152499991702,0.1750934000010602,1.988245899992762,0.0310974451872528
synthetic_true_func_2d_n100000,100000,1e-05,eigenpro_pcg,eigenpro_baseline,eigenpro_pcg_q45,c1,45.0,,,,,,,,,,,,183.0,,0.0006504000048153,0.5348200000007637,1.1582003000075929,,,0.0028672909537384
synthetic_true_func_2d_n100000,100000,1e-05,eigenpro_pcg,eigenpro_baseline,eigenpro_pcg_q90,c1,90.0,,,,,,,,,,,,106.0,,0.001293599998462,0.4041460000007646,1.8046017000015129,,,0.0028687221986296
synthetic_true_func_2d_n100000,100000,1e-05,plain_cg,cg_baseline,plain_cg,original/default,,,,,,,,,,,,,403.0,,,1.007784499990521,1.2933325999911176,,,0.0025967334317768
synthetic_true_func_2d_n100000,100000,1e-05,topk_1024,boxeig,btab_boxeig_topk_1024_q64,c1,,64.0,1024.0,1369.0,34352.0,24.014718329869016,15924.037585041096,2.8909697413207454,,0.6425140298723246,2534.0719233094323,4.248610756260035e-15,200.0,200.0,0.1944416999904206,0.8227210999903036,0.8508432999951765,0.2217645999917294,1.072607899986906,0.0028654172312979
synthetic_true_func_2d_n100000,100000,1e-05,topk_1024,boxeig,btab_boxeig_topk_1024_q128,c1,,128.0,1024.0,1369.0,34352.0,24.014718329869016,15924.037585041096,2.8909697413207445,,0.8298579336478146,693.4614989168365,1.121003946876221e-14,92.0,92.0,0.3326486999867484,0.6191184000053909,0.6426901999948313,0.2437499999941792,0.8864401999890106,0.0028653169928203
synthetic_true_func_2d_n100000,100000,1e-05,topk_1024,boxeig,btab_boxeig_topk_1024_q192,c1,,192.0,1024.0,1369.0,34352.0,24.014718329869016,15924.037585041096,2.8909697413207454,,0.9956199440082084,294.93686056536563,3.2246339009071425e-14,77.0,77.0,0.5446880999952555,0.7802078999957303,0.8048312999890186,0.2811962999985553,1.086027599987574,0.0028665449593852
synthetic_true_func_2d_n100000,100000,1e-05,topk_1024,boxeig,btab_boxeig_topk_1024_q256,c1,,256.0,1024.0,1369.0,34352.0,24.014718329869016,15924.037585041096,2.890969741320745,,1.1569524313195656,149.270311437689,2.8202678763927583e-14,53.0,53.0,0.7149803999927826,0.8810326999955578,0.9047140999900876,0.3194239000004018,1.2241379999904891,0.0028623276784648
synthetic_true_func_2d_n100000,100000,1e-05,topk_1024,inverse,btab_auto_topk_1024,c1,,,1024.0,1369.0,34352.0,24.01471832986902,15924.037585041098,2.8909697413207445,1.6979056015001457,,,,43.0,43.0,0.1070724000019254,0.2993868000048678,0.3238507999922149,0.2011135999928228,0.5249643999850377,0.0028663056555757
synthetic_true_func_2d_n100000,100000,1e-05,topk_2048,boxeig,btab_boxeig_topk_2048_q64,c1,,64.0,2048.0,2601.0,33120.0,5.454659259340382,6301.974534358144,2.4078465970894896,,0.4538704240718502,2534.7744232875743,4.61604172445859e-15,190.0,190.0,0.1831200000015087,0.7784818999934942,0.8044672999967588,0.1974639999971259,1.0019312999938847,0.0028636115187741
synthetic_true_func_2d_n100000,100000,1e-05,topk_2048,boxeig,btab_boxeig_topk_2048_q128,c1,,128.0,2048.0,2601.0,33120.0,5.454659259340382,6301.974534358144,2.4078465970894904,,0.5619288614729965,694.4065796663409,1.0738590333180178e-14,102.0,102.0,0.3514253000030294,0.6641013999906136,0.6902265999960946,0.2443629999906988,0.9345895999867936,0.0028631111465727
synthetic_true_func_2d_n100000,100000,1e-05,topk_2048,boxeig,btab_boxeig_topk_2048_q192,c1,,192.0,2048.0,2601.0,33120.0,5.454659259340382,6301.974534358144,2.4078465970894896,,0.6546599605660313,296.4448805312892,2.568588486276799e-14,69.0,69.0,0.5370629000099143,0.7547581999970134,0.7832950999872992,0.307040900006541,1.0903359999938402,0.002864330545276
synthetic_true_func_2d_n100000,100000,1e-05,topk_2048,boxeig,btab_boxeig_topk_2048_q256,c1,,256.0,2048.0,2601.0,33120.0,5.454659259340382,6301.974534358144,2.4078465970894896,,0.7420226636841663,150.3982877971416,3.4793113839599123e-14,50.0,50.0,0.727582400009851,0.8820031999930507,0.9072544999944512,0.3207240999909118,1.227978599985363,0.0028664500770886
synthetic_true_func_2d_n100000,100000,1e-05,topk_2048,inverse,btab_auto_topk_2048,c1,,,2048.0,2601.0,33120.0,5.454659259340382,6301.974534358144,2.4078465970894887,1.434504427106825,,,,24.0,24.0,0.4946804999926826,0.6620538999995915,0.6876088999997592,0.3005671999999322,0.9881760999996914,0.0028668116533099
synthetic_true_func_2d_n100000,100000,1e-05,topk_256,boxeig,btab_boxeig_topk_256_q64,c1,,64.0,256.0,361.0,35360.0,385.250428730141,91741.62177133362,3.334062017948677,,1.1366637214523017,2502.4832267823817,3.766795198705072e-15,195.0,195.0,0.2145973000006051,0.8100000999984331,0.8351831000036327,1.202116399988881,2.037299499992514,0.0028645911797894
synthetic_true_func_2d_n100000,100000,1e-05,topk_256,boxeig,btab_boxeig_topk_256_q128,c1,,128.0,256.0,361.0,35360.0,385.250428730141,91741.62177133362,3.3340620179486784,,1.7976082893070056,122.2218360902479,3.365923840783941e-14,121.0,121.0,0.3949551999976393,0.7787293000001227,0.8066446000011638,0.2552776000084122,1.061922200009576,0.0028657925920781
synthetic_true_func_2d_n100000,100000,1e-05,topk_256,boxeig,btab_boxeig_topk_256_q192,c1,,192.0,256.0,361.0,35360.0,385.250428730141,91741.62177133362,3.334062017948678,,1.8275284159700176,1.0944680849587196,1.1572716231251219e-11,119.0,119.0,0.48084239999298,0.8550683999928879,0.8808051999949384,0.3293743000103859,1.2101795000053244,0.0028658916233291
synthetic_true_func_2d_n100000,100000,1e-05,topk_256,boxeig,btab_boxeig_topk_256_q256,c1,,256.0,256.0,361.0,35360.0,385.250428730141,91741.62177133362,3.334062017948677,,1.827530064079816,1.0000325699900332,1.1546284021673444e-11,119.0,119.0,0.4619485000002896,0.8364925999921979,0.8614151999936439,0.3377853999991203,1.1992005999927642,0.0028659008696685
synthetic_true_func_2d_n100000,100000,1e-05,topk_256,inverse,btab_auto_topk_256,c1,,,256.0,361.0,35360.0,385.250428730141,91741.62177133362,3.3340620179486784,1.909119086018836,,,,124.0,124.0,0.0153824000008171,0.4485284999973373,0.4755108000099426,0.1833324000035645,0.6588432000135072,0.0028661512193466
synthetic_true_func_2d_n100000,100000,1e-05,topk_4096,boxeig,btab_boxeig_topk_4096_q64,c1,,64.0,4096.0,5329.0,30392.0,0.983832940883816,2124.092769245548,1.3113255278082412,,0.2648980984507286,2534.927038661535,4.557341675518246e-15,177.0,177.0,0.212686599988956,0.7545344000100158,0.7804697000101442,0.2101659999898402,0.9906356999999844,0.00286545130689
synthetic_true_func_2d_n100000,100000,1e-05,topk_4096,boxeig,btab_boxeig_topk_4096_q128,c1,,128.0,4096.0,5329.0,30392.0,0.983832940883816,2124.092769245548,1.3113255278082403,,0.3254524872945459,694.5443595341724,1.3959233910994222e-14,91.0,91.0,0.3737190000101691,0.6583219000021927,0.6830409999965923,0.2500892000098247,0.933130200006417,0.0028663301542965
synthetic_true_func_2d_n100000,100000,1e-05,topk_4096,boxeig,btab_boxeig_topk_4096_q192,c1,,192.0,4096.0,5329.0,30392.0,0.983832940883816,2124.092769245548,1.311325527808241,,0.3722674467949352,296.6176413274461,5.098659667773728e-14,59.0,59.0,0.6126744000066537,0.7910440000123344,0.8164782000094419,0.3096501999971224,1.1261284000065643,0.0028673041802699
synthetic_true_func_2d_n100000,100000,1e-05,topk_4096,boxeig,btab_boxeig_topk_4096_q256,c1,,256.0,4096.0,5329.0,30392.0,0.983832940883816,2124.092769245548,1.3113255278082407,,0.4176358350309191,150.58459569547426,3.747477161553045e-14,42.0,42.0,0.8223312999907648,0.952453100006096,0.9775802999938604,0.3319785999919986,1.3095588999858592,0.0028672803667491
synthetic_true_func_2d_n100000,100000,1e-05,topk_4096,inverse,btab_auto_topk_4096,c1,,,4096.0,5329.0,30392.0,0.983832940883816,2124.092769245548,1.3113255278082407,,,,,15.0,15.0,0.0178717999951913,1.7729057999968063,1.799311900002067,0.059688699999242,1.859000600001309,0.0028663640811152
synthetic_true_func_2d_n100000,100000,1e-05,topk_512,boxeig,btab_boxeig_topk_512_q64,c1,,64.0,512.0,625.0,35096.0,131.34961397239357,46288.17184947727,3.1871976068283057,,0.9075112635269644,2527.237731624298,3.783099861341001e-15,196.0,196.0,0.1933705999981612,0.8269773999927565,0.8612247999990359,0.2039896000060252,1.0652144000050612,0.0028649209185232
synthetic_true_func_2d_n100000,100000,1e-05,topk_512,boxeig,btab_boxeig_topk_512_q128,c1,,128.0,512.0,625.0,35096.0,131.34961397239357,46288.17184947727,3.187197606828307,,1.2666766706075574,682.6511755497157,1.1415158707328852e-14,112.0,112.0,0.3570226000010734,0.7256484999961685,0.7511894000053871,0.2466347000008681,0.9978241000062552,0.0028665237020055
synthetic_true_func_2d_n100000,100000,1e-05,topk_512,boxeig,btab_boxeig_topk_512_q192,c1,,192.0,512.0,625.0,35096.0,131.34961397239357,46288.17184947727,3.1871976068283066,,1.7215607245321212,108.36585568069589,5.2928588477214605e-14,79.0,79.0,0.5563675000012154,0.8280467000004137,0.854627699998673,0.2857817999902181,1.1404094999888912,0.0028659003785854
synthetic_true_func_2d_n100000,100000,1e-05,topk_512,boxeig,btab_boxeig_topk_512_q256,c1,,256.0,512.0,625.0,35096.0,131.34961397239357,46288.17184947727,3.1871976068283066,,1.7650310536067382,2.497322406683148,2.6869925571635468e-12,81.0,81.0,0.7546480000019073,0.9988562999933492,1.0250458999944383,0.3226832999935141,1.3477291999879526,0.0028659286501677
synthetic_true_func_2d_n100000,100000,1e-05,topk_512,inverse,btab_auto_topk_512,c1,,,512.0,625.0,35096.0,131.34961397239357,46288.17184947727,3.1871976068283066,1.859318297231479,,,,84.0,84.0,0.0234067999990656,0.2873208999953931,0.3157761999900685,0.1692067000112729,0.4849829000013415,0.0028662263247393
synthetic_true_func_2d_n1000000,1000000,1e-05,eigenpro_pcg,eigenpro_baseline,eigenpro_pcg_q45,c1,45.0,,,,,,,,,,,,350.0,,0.0004209999897284,1.0029699000006076,1.6763681000011277,,,0.0012667475028323
synthetic_true_func_2d_n1000000,1000000,1e-05,eigenpro_pcg,eigenpro_baseline,eigenpro_pcg_q90,c1,90.0,,,,,,,,,,,,212.0,,0.0004301000008126,0.6999361000052886,2.1762243999983184,,,0.001267816569062
synthetic_true_func_2d_n1000000,1000000,1e-05,plain_cg,cg_baseline,plain_cg,original/default,,,,,,,,,,,,,789.0,,,1.8018212000024505,1.8959426999936115,,,0.0012503683325033
synthetic_true_func_2d_n1000000,1000000,1e-05,topk_1024,boxeig,btab_boxeig_topk_1024_q64,c1,,64.0,1024.0,1369.0,34352.0,240.1514296249552,159243.36646233394,2.8394050022110275,,0.6671994563160231,25210.699316286817,5.156765161189144e-15,294.0,294.0,0.197770999991917,1.1187982999981614,1.188069600000745,0.2057444999954896,1.3938140999962343,0.0012658830373629
synthetic_true_func_2d_n1000000,1000000,1e-05,topk_1024,boxeig,btab_boxeig_topk_1024_q128,c1,,128.0,1024.0,1369.0,34352.0,240.1514296249552,159243.36646233394,2.8394050022110267,,0.8840375934997825,6912.003545512331,1.1369561134248644e-14,116.0,116.0,0.3566388000035658,0.7197660000092583,0.7903746000083629,0.2371695999900112,1.027544199998374,0.0012631436138646
synthetic_true_func_2d_n1000000,1000000,1e-05,topk_1024,boxeig,btab_boxeig_topk_1024_q192,c1,,192.0,1024.0,1369.0,34352.0,240.1514296249552,159243.36646233394,2.8394050022110275,,1.0640009197356075,2975.20069756412,3.2299537756630144e-14,117.0,117.0,0.5294023999886122,0.885300100009772,0.9543199000036112,0.2781342999951448,1.232454199998756,0.0012657790405227
synthetic_true_func_2d_n1000000,1000000,1e-05,topk_1024,boxeig,btab_boxeig_topk_1024_q256,c1,,256.0,1024.0,1369.0,34352.0,240.1514296249552,159243.36646233394,2.8394050022110267,,1.234164292453524,1493.1064460987968,3.8355353909265815e-14,99.0,99.0,0.7282588999951258,1.0443326999957208,1.1143718999956036,0.3196469999966211,1.4340188999922248,0.0012662557773109
synthetic_true_func_2d_n1000000,1000000,1e-05,topk_1024,inverse,btab_auto_topk_1024,c1,,,1024.0,1369.0,34352.0,240.1514296249552,159243.36646233394,2.8394050022110275,1.8063859279535828,,,,91.0,91.0,0.1037869000138016,0.4885326999938115,0.5578022999980021,0.2042385000095237,0.7620408000075258,0.0012661960952068
synthetic_true_func_2d_n1000000,1000000,1e-05,topk_2048,boxeig,btab_boxeig_topk_2048_q64,c1,,64.0,2048.0,2601.0,33120.0,54.54761652132973,63020.96672492494,2.731338618741145,,0.5147380161861835,25216.03655035041,5.056491417224552e-15,263.0,263.0,0.1754289999953471,0.9738560999976472,1.0434860999957891,0.1998855999991065,1.2433716999948956,0.0012655110248703
synthetic_true_func_2d_n1000000,1000000,1e-05,topk_2048,boxeig,btab_boxeig_topk_2048_q128,c1,,128.0,2048.0,2601.0,33120.0,54.54761652132973,63020.96672492494,2.731338618741145,,0.6600444618855943,6919.820422213618,1.0856741052621952e-14,135.0,135.0,0.3374978000065312,0.7548888999881456,0.8270610999898054,0.2393034999986412,1.0663645999884466,0.0012634089671683
synthetic_true_func_2d_n1000000,1000000,1e-05,topk_2048,boxeig,btab_boxeig_topk_2048_q192,c1,,192.0,2048.0,2601.0,33120.0,54.54761652132973,63020.96672492494,2.731338618741146,,0.7681114449395562,2986.9774733530994,4.4199289593601517e-14,93.0,93.0,0.5687077999900794,0.8594719000102486,0.9293239999969956,0.2805417000054149,1.2098657000024104,0.0012619118619454
synthetic_true_func_2d_n1000000,1000000,1e-05,topk_2048,boxeig,btab_boxeig_topk_2048_q256,c1,,256.0,2048.0,2601.0,33120.0,54.54761652132973,63020.96672492494,2.731338618741145,,0.8704974460587935,1500.5503948928954,3.126348979692961e-14,78.0,78.0,0.7129095000127563,0.9501588999992236,1.022176300000865,0.3292909000010695,1.3514672000019343,0.0012606639666843
synthetic_true_func_2d_n1000000,1000000,1e-05,topk_2048,inverse,btab_auto_topk_2048,c1,,,2048.0,2601.0,33120.0,54.54761652132973,63020.96672492494,2.731338618741146,1.7168587239733133,,,,57.0,57.0,0.4652139999961946,0.8778615000046557,0.9487147000036202,0.2937149999925168,1.242429699996137,0.0012655525452145
synthetic_true_func_2d_n1000000,1000000,1e-05,topk_256,boxeig,btab_boxeig_topk_256_q64,c1,,64.0,256.0,361.0,35360.0,3852.553315432024,917430.8146185433,2.948956654334704,,1.1444115744226246,24894.591493151533,4.042939561652268e-15,223.0,223.0,0.1878175000019837,0.864971399991191,0.9343318999890472,0.2062197000050218,1.140551599994069,0.0012656955504004
synthetic_true_func_2d_n1000000,1000000,1e-05,topk_256,boxeig,btab_boxeig_topk_256_q128,c1,,128.0,256.0,361.0,35360.0,3852.553315432024,917430.8146185433,2.948956654334705,,1.8158332760606863,1218.6892884191418,8.083138846481181e-14,178.0,178.0,0.3407067000080133,0.8811779000097886,0.95400410000002,0.2426515999977709,1.196655699997791,0.0012666548122693
synthetic_true_func_2d_n1000000,1000000,1e-05,topk_256,boxeig,btab_boxeig_topk_256_q192,c1,,192.0,256.0,361.0,35360.0,3852.553315432024,917430.8146185433,2.948956654334704,,1.8717497866321493,1.9833160933488676,3.8117174796335426e-11,214.0,214.0,0.4452555000025313,1.0989333000034094,1.168976200002362,0.2770135000027949,1.445989700005157,0.0012644043094889
synthetic_true_func_2d_n1000000,1000000,1e-05,topk_256,boxeig,btab_boxeig_topk_256_q256,c1,,256.0,256.0,361.0,35360.0,3852.553315432024,917430.8146185433,2.948956654334704,,1.8717174554882217,1.0003539879831276,1.4500299516013112e-10,214.0,214.0,0.4504257999942638,1.1127717000053965,1.1833708000049228,0.3240454000042518,1.5074162000091746,0.001264382293692
synthetic_true_func_2d_n1000000,1000000,1e-05,topk_256,inverse,btab_auto_topk_256,c1,,,256.0,361.0,35360.0,3852.553315432024,917430.8146185433,2.948956654334704,1.8800557892970728,,,,249.0,249.0,0.0122275999892735,0.7912177000107476,0.861182499997085,0.1677710000076331,1.028953500004718,0.001265606847605
synthetic_true_func_2d_n1000000,1000000,1e-05,topk_4096,boxeig,btab_boxeig_topk_4096_q64,c1,,64.0,4096.0,5329.0,30392.0,9.83852065960661,21241.346961770272,2.4296804987506406,,0.3516530812789513,25217.084430653813,5.448776504090503e-15,266.0,266.0,0.1952015999995637,1.0123555999889504,1.083273600001121,0.2053679999953601,1.288641599996481,0.0012646304520344
synthetic_true_func_2d_n1000000,1000000,1e-05,topk_4096,boxeig,btab_boxeig_topk_4096_q128,c1,,128.0,4096.0,5329.0,30392.0,9.83852065960661,21241.346961770272,2.4296804987506406,,0.4456954004128927,6920.767201498466,8.374027950381205e-15,134.0,134.0,0.3664595000009285,0.7744636999996146,0.8436569000041345,0.2689475999941351,1.1126044999982696,0.0012659554833785
synthetic_true_func_2d_n1000000,1000000,1e-05,topk_4096,boxeig,btab_boxeig_topk_4096_q192,c1,,192.0,4096.0,5329.0,30392.0,9.83852065960661,21241.346961770272,2.42968049875064,,0.5136205114308366,2988.0136316594007,3.0790330811722073e-14,90.0,90.0,0.5723205999966012,0.8545095000008587,0.9241532000014558,0.2887977000063984,1.2129509000078542,0.001264857984266
synthetic_true_func_2d_n1000000,1000000,1e-05,topk_4096,boxeig,btab_boxeig_topk_4096_q256,c1,,256.0,4096.0,5329.0,30392.0,9.83852065960661,21241.346961770272,2.4296804987506406,,0.5752428520806905,1501.7769986621352,2.7789389280628126e-14,67.0,67.0,0.803996200003894,1.011180899993633,1.0817259999894304,0.3315365000016754,1.413262499991106,0.0012644875295748
synthetic_true_func_2d_n1000000,1000000,1e-05,topk_4096,inverse,btab_auto_topk_4096,c1,,,4096.0,5329.0,30392.0,9.838520659606608,21241.346961770272,2.429680498750641,,,,,21.0,21.0,0.0037942999915685,1.8731716999900527,1.9459633999940704,0.0814159000001382,2.027379299994209,0.0012659150488504
synthetic_true_func_2d_n1000000,1000000,1e-05,topk_512,boxeig,btab_boxeig_topk_512_q64,c1,,64.0,512.0,625.0,35096.0,1313.5162514399249,462889.78707640665,2.921056339067285,,0.9205164773889444,25143.502241995324,3.929293429408175e-15,235.0,235.0,0.1832062999892514,0.8966180999996141,0.9666529000096488,0.210834600002272,1.177487500011921,0.001265027891817
synthetic_true_func_2d_n1000000,1000000,1e-05,topk_512,boxeig,btab_boxeig_topk_512_q128,c1,,128.0,512.0,625.0,35096.0,1313.5162514399249,462889.78707640665,2.921056339067285,,1.299007089778044,6816.42171173562,1.8589536892414516e-14,210.0,210.0,0.3480781999969622,0.9855794999893988,1.0541142000001855,0.2404496999952243,1.29456389999541,0.0012651385843646
synthetic_true_func_2d_n1000000,1000000,1e-05,topk_512,boxeig,btab_boxeig_topk_512_q192,c1,,192.0,512.0,625.0,35096.0,1313.5162514399249,462889.78707640665,2.921056339067284,,1.7675688159594014,1098.4655724987467,6.504384738511558e-14,170.0,170.0,0.5510364000074333,1.0762360000080662,1.1471572000009471,0.2763670999993337,1.423524300000281,0.0012664589076895
synthetic_true_func_2d_n1000000,1000000,1e-05,topk_512,boxeig,btab_boxeig_topk_512_q256,c1,,256.0,512.0,625.0,35096.0,1313.5162514399249,462889.78707640665,2.921056339067285,,1.8601253932749535,16.530115099630457,2.3581827015752095e-12,181.0,181.0,0.7124600999959512,1.264235299997381,1.335107099992456,0.3154892000020481,1.650596299994504,0.0012663705402812
synthetic_true_func_2d_n1000000,1000000,1e-05,topk_512,inverse,btab_auto_topk_512,c1,,,512.0,625.0,35096.0,1313.5162514399249,462889.78707640665,2.921056339067285,1.868381911280368,,,,186.0,186.0,0.0249800000019604,0.6417469999869354,0.7121853999997256,0.1729475000029197,0.8851329000026453,0.0012663059652412
synthetic_true_func_2d_n300000,300000,1e-05,eigenpro_pcg,eigenpro_baseline,eigenpro_pcg_q45,c1,45.0,,,,,,,,,,,,264.0,,0.0005284000071696,0.7970414000010351,1.4379113000031791,,,0.0018759272651659
synthetic_true_func_2d_n300000,300000,1e-05,eigenpro_pcg,eigenpro_baseline,eigenpro_pcg_q90,c1,90.0,,,,,,,,,,,,150.0,,0.0005738000036217,0.5073238000040874,1.9538517000037243,,,0.0018769163485341
synthetic_true_func_2d_n300000,300000,1e-05,plain_cg,cg_baseline,plain_cg,original/default,,,,,,,,,,,,,607.0,,,1.363977500004694,1.400381200000993,,,0.0018110474465949
synthetic_true_func_2d_n300000,300000,1e-05,topk_1024,boxeig,btab_boxeig_topk_1024_q64,c1,,64.0,1024.0,1369.0,34352.0,72.04464791750979,47772.45991525851,2.883063160976817,,0.6572373393857635,7571.625003225247,4.039863361407049e-15,227.0,227.0,0.1785875000059604,0.8708474000013666,0.9086476999946173,0.2037621000054059,1.112409800000023,0.0018723599322385
synthetic_true_func_2d_n300000,300000,1e-05,topk_1024,boxeig,btab_boxeig_topk_1024_q128,c1,,128.0,1024.0,1369.0,34352.0,72.04464791750979,47772.45991525851,2.8830631609768167,,0.8615909308322613,2076.5372121896285,1.3627906744230826e-14,120.0,120.0,0.3622727000038139,0.7277475000009872,0.7653523000044515,0.2438397000078112,1.0091920000122627,0.0018754473392963
synthetic_true_func_2d_n300000,300000,1e-05,topk_1024,boxeig,btab_boxeig_topk_1024_q192,c1,,192.0,1024.0,1369.0,34352.0,72.04464791750979,47772.45991525851,2.8830631609768167,,1.035468009957527,888.8565660316757,3.375638593674065e-14,85.0,85.0,0.5468968000059249,0.8002754999906756,0.8367113999993308,0.2769354000047315,1.1136468000040622,0.0018757658916364
synthetic_true_func_2d_n300000,300000,1e-05,topk_1024,boxeig,btab_boxeig_topk_1024_q256,c1,,256.0,1024.0,1369.0,34352.0,72.04464791750979,47772.45991525851,2.8830631609768167,,1.200096014665337,447.8817900020141,3.3543157056120184e-14,68.0,68.0,0.7320564999972703,0.9436290000012376,0.9795550999988336,0.3218756999995094,1.301430799998343,0.0018770837888329
synthetic_true_func_2d_n300000,300000,1e-05,topk_1024,inverse,btab_auto_topk_1024,c1,,,1024.0,1369.0,34352.0,72.04464791750979,47772.45991525851,2.883063160976817,1.7600713880463406,,,,64.0,64.0,0.111898300005123,0.3923407000111183,0.4334111000061966,0.2171257000009063,0.650536800007103,0.0018751596965656
synthetic_true_func_2d_n300000,300000,1e-05,topk_2048,boxeig,btab_boxeig_topk_2048_q64,c1,,64.0,2048.0,2601.0,33120.0,16.364096638967,18906.06538502218,2.614080814673302,,0.4814882686571279,7573.41063874981,4.284898676394929e-15,242.0,242.0,0.1753632000036304,0.9286909999937052,0.9647655000007944,0.2153357000061078,1.1801012000069022,0.0018760891222471
synthetic_true_func_2d_n300000,300000,1e-05,topk_2048,boxeig,btab_boxeig_topk_2048_q128,c1,,128.0,2048.0,2601.0,33120.0,16.364096638967,18906.06538502218,2.6140808146733017,,0.6160648045903933,2079.099489315557,9.007179866739093e-15,97.0,97.0,0.3707705999986501,0.6709966999915196,0.7095550999947591,0.2455334999976912,0.9550885999924504,0.0018769626318043
synthetic_true_func_2d_n300000,300000,1e-05,topk_2048,boxeig,btab_boxeig_topk_2048_q192,c1,,192.0,2048.0,2601.0,33120.0,16.364096638967,18906.06538502218,2.6140808146733017,,0.7131482324484261,893.8750523445086,5.28099422174867e-14,70.0,70.0,0.5310709000041243,0.7433007000072394,0.7800014000094961,0.2800063999893609,1.060007799998857,0.0018757721398505
synthetic_true_func_2d_n300000,300000,1e-05,topk_2048,boxeig,btab_boxeig_topk_2048_q256,c1,,256.0,2048.0,2601.0,33120.0,16.364096638967,18906.06538502218,2.6140808146733026,,0.80774021119009,450.3273647685676,3.862861432476365e-14,55.0,55.0,0.7386728999990737,0.906177500000922,0.9452132000005804,0.3158941000001505,1.261107300000731,0.0018771616054669
synthetic_true_func_2d_n300000,300000,1e-05,topk_2048,inverse,btab_auto_topk_2048,c1,,,2048.0,2601.0,33120.0,16.364096638967,18906.06538502218,2.6140808146733017,1.5775544987697807,,,,36.0,36.0,0.5008917999948608,0.7675768999906722,0.804900599992834,0.2954205999994883,1.1003211999923224,0.0018749872826183
synthetic_true_func_2d_n300000,300000,1e-05,topk_256,boxeig,btab_boxeig_topk_256_q64,c1,,64.0,256.0,361.0,35360.0,1155.7569775576071,275226.5597735452,3.0609582701008,,1.1399491438243885,7477.166087668113,3.403658231042813e-15,232.0,232.0,0.2190979000006336,0.956809900002554,0.9981631999980892,0.2067427000001771,1.2049058999982662,0.0018716693464837
synthetic_true_func_2d_n300000,300000,1e-05,topk_256,boxeig,btab_boxeig_topk_256_q128,c1,,128.0,256.0,361.0,35360.0,1155.7569775576071,275226.5597735452,3.060958270100799,,1.8013881827298774,365.4588071764377,4.3829585998118156e-14,134.0,134.0,0.3935320999880787,0.8327903999888804,0.8728230999986408,0.2609730999974999,1.1337961999961408,0.001874986242771
synthetic_true_func_2d_n300000,300000,1e-05,topk_256,boxeig,btab_boxeig_topk_256_q192,c1,,192.0,256.0,361.0,35360.0,1155.7569775576071,275226.5597735452,3.0609582701008,,1.8437769698832904,1.2912540305946878,1.6024543196784257e-11,147.0,147.0,0.4924702999996952,0.9801518000022044,1.0189898000098765,0.3085355999937746,1.3275254000036512,0.0018739913336374
synthetic_true_func_2d_n300000,300000,1e-05,topk_256,boxeig,btab_boxeig_topk_256_q256,c1,,256.0,256.0,361.0,35360.0,1155.7569775576071,275226.5597735452,3.060958270100799,,1.8437862411542405,1.0001035324113694,3.8464111656867004e-11,147.0,147.0,0.4953298000036739,0.969407600001432,1.0066931000037584,0.3395776999968802,1.3462708000006387,0.0018739885373869
synthetic_true_func_2d_n300000,300000,1e-05,topk_256,inverse,btab_auto_topk_256,c1,,,256.0,361.0,35360.0,1155.7569775576071,275226.5597735452,3.0609582701007985,1.878367586682567,,,,156.0,156.0,0.0128665999945951,0.5254501999879722,0.5665710999892326,0.1764266999962274,0.74299779998546,0.0018743570959141
synthetic_true_func_2d_n300000,300000,1e-05,topk_4096,boxeig,btab_boxeig_topk_4096_q64,c1,,64.0,4096.0,5329.0,30392.0,2.9515210236665936,6372.326977883447,1.9715623338514645,,0.2943954489242803,7573.780142843221,3.5280680161426864e-15,252.0,252.0,0.1994302000093739,0.972829799997271,1.0091290999989724,0.2084573000029195,1.217586400001892,0.0018725862508728
synthetic_true_func_2d_n300000,300000,1e-05,topk_4096,boxeig,btab_boxeig_topk_4096_q128,c1,,128.0,4096.0,5329.0,30392.0,2.9515210236665936,6372.326977883447,1.9715623338514645,,0.3668938191758052,2079.4274538236946,1.1777939399046412e-14,130.0,130.0,0.3584348000003956,0.7528144000098109,0.7903012000024319,0.24862949999806,1.038930700000492,0.0018724619004816
synthetic_true_func_2d_n300000,300000,1e-05,topk_4096,boxeig,btab_boxeig_topk_4096_q192,c1,,192.0,4096.0,5329.0,30392.0,2.9515210236665936,6372.326977883447,1.9715623338514647,,0.423021358285724,894.305112417119,4.96665425869081e-14,84.0,84.0,0.5746180999994976,0.8409438000089722,0.8782861000072444,0.2992386999976588,1.1775248000049032,0.0018732558313666
synthetic_true_func_2d_n300000,300000,1e-05,topk_4096,boxeig,btab_boxeig_topk_4096_q256,c1,,256.0,4096.0,5329.0,30392.0,2.9515210236665936,6372.326977883447,1.9715623338514645,,0.474782335315151,450.7425846555288,6.130249837661562e-14,62.0,62.0,0.8961130999960005,1.0898655000055442,1.1283664000075078,0.3408160999970278,1.4691825000045355,0.0018721939392889
synthetic_true_func_2d_n300000,300000,1e-05,topk_4096,inverse,btab_auto_topk_4096,c1,,,4096.0,5329.0,30392.0,2.9515210236665936,6372.326977883447,1.971562333851464,,,,,17.0,17.0,0.0051207999931648,1.7135433000075864,1.7519353000097908,0.0638611000031232,1.815796400012914,0.0018746597804685
synthetic_true_func_2d_n300000,300000,1e-05,topk_512,boxeig,btab_boxeig_topk_512_q64,c1,,64.0,512.0,625.0,35096.0,394.05117655616414,138865.4521767447,3.004412446749192,,0.9123319477950922,7551.242156188876,3.312010884036948e-15,238.0,238.0,0.1929410000011557,0.972606299998006,1.0108729999919888,0.2053578000050038,1.2162307999969926,0.001874012645469
synthetic_true_func_2d_n300000,300000,1e-05,topk_512,boxeig,btab_boxeig_topk_512_q128,c1,,128.0,512.0,625.0,35096.0,394.05117655616414,138865.4521767447,3.0044124467491917,,1.2832754783440108,2047.1222465036533,1.1997893809699412e-14,153.0,153.0,0.3890290999988792,0.8577266999927815,0.8971908999956213,0.2588352000020677,1.156026099997689,0.0018757952606608
synthetic_true_func_2d_n300000,300000,1e-05,topk_512,boxeig,btab_boxeig_topk_512_q192,c1,,192.0,512.0,625.0,35096.0,394.05117655616414,138865.4521767447,3.004412446749191,,1.7444802028362885,327.4677486809714,7.424173038898506e-14,104.0,104.0,0.515522300003795,0.838442499996745,0.8748180999973556,0.2777941999956965,1.152612299993052,0.0018754180769833
synthetic_true_func_2d_n300000,300000,1e-05,topk_512,boxeig,btab_boxeig_topk_512_q256,c1,,256.0,512.0,625.0,35096.0,394.05117655616414,138865.4521767447,3.004412446749191,,1.8157016486563429,5.588076442937769,6.669958505218616e-12,112.0,112.0,0.69929509999929,1.045619099997566,1.082866800003103,0.3156025000062072,1.3984693000093102,0.0018753561014747
synthetic_true_func_2d_n300000,300000,1e-05,topk_512,inverse,btab_auto_topk_512,c1,,,512.0,625.0,35096.0,394.05117655616414,138865.4521767447,3.004412446749192,1.8578788458869604,,,,122.0,122.0,0.027634099998977,0.4727988999948138,0.5114422999904491,0.1965875999885611,0.7080298999790102,0.0018756846957805
synthetic_true_func_2d_n3000000,3000000,1e-05,eigenpro_pcg,eigenpro_baseline,eigenpro_pcg_q45,c1,45.0,,,,,,,,,,,,448.0,,0.0004780999879585,1.2883075999998257,2.0850816999882227,,,0.0008886836390865
synthetic_true_func_2d_n3000000,3000000,1e-05,eigenpro_pcg,eigenpro_baseline,eigenpro_pcg_q90,c1,90.0,,,,,,,,,,,,244.0,,0.0004501999937929,0.7914675000065472,2.386850399998366,,,0.0008895160002434
synthetic_true_func_2d_n3000000,3000000,1e-05,plain_cg,cg_baseline,plain_cg,original/default,,,,,,,,,,,,,1041.0,,,2.317150800008676,2.5736063000076683,,,0.0008818472532774
synthetic_true_func_2d_n3000000,3000000,1e-05,topk_1024,boxeig,btab_boxeig_topk_1024_q64,c1,,64.0,1024.0,1369.0,34352.0,720.4550297588038,477730.6211788942,2.790658341840178,,0.691638151030792,75515.73531100975,5.5926951259013545e-15,252.0,252.0,0.1846466999995755,0.9442115999991074,1.129486399993766,0.2150687000103062,1.3445551000040723,0.0008872818006038
synthetic_true_func_2d_n3000000,3000000,1e-05,topk_1024,boxeig,btab_boxeig_topk_1024_q128,c1,,128.0,1024.0,1369.0,34352.0,720.4550297588038,477730.6211788942,2.790658341840178,,0.91159239826621,20735.684077170557,1.1311916326146575e-14,164.0,164.0,0.3512345000053756,0.8617308999964735,1.049124999990454,0.2510372000106144,1.3001622000010684,0.0008838800046647
synthetic_true_func_2d_n3000000,3000000,1e-05,topk_1024,boxeig,btab_boxeig_topk_1024_q192,c1,,192.0,1024.0,1369.0,34352.0,720.4550297588038,477730.6211788942,2.790658341840178,,1.0908099702623246,8917.925581800928,3.2735215822707725e-14,162.0,162.0,0.5322292000055313,1.0371603000094185,1.2252289000025485,0.2977787999989232,1.5230077000014717,0.0008821002387928
synthetic_true_func_2d_n3000000,3000000,1e-05,topk_1024,boxeig,btab_boxeig_topk_1024_q256,c1,,256.0,1024.0,1369.0,34352.0,720.4550297588038,477730.6211788942,2.790658341840178,,1.2572116711612795,4485.126916524397,3.78624118653928e-14,144.0,144.0,0.7129234000021825,1.1558614000095986,1.3412756000034278,0.3413513999985298,1.6826270000019576,0.0008829464053797
synthetic_true_func_2d_n3000000,3000000,1e-05,topk_1024,inverse,btab_auto_topk_1024,c1,,,1024.0,1369.0,34352.0,720.4550297588038,477730.6211788942,2.790658341840178,1.836263068178598,,,,134.0,134.0,0.1017902000021422,0.6737202999938745,0.8591973999864422,0.2051554999925429,1.064352899978985,0.0008850994567809
synthetic_true_func_2d_n3000000,3000000,1e-05,topk_2048,boxeig,btab_boxeig_topk_2048_q64,c1,,64.0,2048.0,2601.0,33120.0,163.6430282154797,189063.11327739028,2.742519728549873,,0.5455153020787571,75531.0913837808,5.953532573536487e-15,257.0,257.0,0.1888967999984743,0.9703464999911376,1.1566320999991149,0.2007923000055598,1.357424400004675,0.0008852874920771
synthetic_true_func_2d_n3000000,3000000,1e-05,topk_2048,boxeig,btab_boxeig_topk_2048_q128,c1,,128.0,2048.0,2601.0,33120.0,163.6430282154797,189063.11327739028,2.742519728549873,,0.6997439650929607,20758.850797797044,9.661810000622544e-15,129.0,129.0,0.3585259000101359,0.7526128000026802,0.9387025000032736,0.2443363000056706,1.1830388000089442,0.0008845944111025
synthetic_true_func_2d_n3000000,3000000,1e-05,topk_2048,boxeig,btab_boxeig_topk_2048_q192,c1,,192.0,2048.0,2601.0,33120.0,163.6430282154797,189063.11327739028,2.742519728549873,,0.8074023737886121,8945.960814328684,3.372243873896693e-14,100.0,100.0,0.5302188000059687,0.8314243000058923,1.017658600001596,0.2825223999971058,1.3001809999987015,0.0008833239225467
synthetic_true_func_2d_n3000000,3000000,1e-05,topk_2048,boxeig,btab_boxeig_topk_2048_q256,c1,,256.0,2048.0,2601.0,33120.0,163.6430282154797,189063.11327739028,2.742519728549873,,0.90569011533778,4507.117174574282,3.316562878722652e-14,84.0,84.0,0.7560870000015711,1.0203698000113943,1.206815400000778,0.3190865999931702,1.5259019999939485,0.0008820257573435
synthetic_true_func_2d_n3000000,3000000,1e-05,topk_2048,inverse,btab_auto_topk_2048,c1,,,2048.0,2601.0,33120.0,163.64302821547972,189063.1132773904,2.7425197285498726,1.7823184813868314,,,,86.0,86.0,0.4693873999931384,1.0895507999957772,1.2743856000015512,0.2946385000104783,1.5690241000120295,0.0008843257865721
synthetic_true_func_2d_n3000000,3000000,1e-05,topk_256,boxeig,btab_boxeig_topk_256_q64,c1,,64.0,256.0,361.0,35360.0,11557.66850050752,2752294.990667977,2.8301000497284674,,1.152800474467314,74600.39638874965,4.0115979252866306e-15,285.0,285.0,0.1795434999949066,1.0633015999919735,1.24902750000183,0.2082028000004356,1.4572303000022655,0.0008859959899548
synthetic_true_func_2d_n3000000,3000000,1e-05,topk_256,boxeig,btab_boxeig_topk_256_q128,c1,,128.0,256.0,361.0,35360.0,11557.66850050752,2752294.990667977,2.8301000497284683,,1.824479446494964,3650.018452093217,6.550936639171267e-14,245.0,245.0,0.3380190000025322,1.090467499991064,1.275440899989917,0.2419302000052994,1.5173710999952164,0.0008844834486074
synthetic_true_func_2d_n3000000,3000000,1e-05,topk_256,boxeig,btab_boxeig_topk_256_q192,c1,,192.0,256.0,361.0,35360.0,11557.66850050752,2752294.990667977,2.830100049728468,,1.8851420257254905,3.94073514669249,4.618940492257852e-11,250.0,250.0,0.4402307999989716,1.2253510000009555,1.4111902000004193,0.2836168999929214,1.694807099993341,0.000884687682661
synthetic_true_func_2d_n3000000,3000000,1e-05,topk_256,boxeig,btab_boxeig_topk_256_q256,c1,,256.0,256.0,361.0,35360.0,11557.66850050752,2752294.990667977,2.8301000497284683,,1.8850174694032968,1.0010711271439658,2.943782995901121e-10,255.0,255.0,0.4285951999918325,1.2031341999972938,1.393488999994588,0.3212520999950357,1.7147410999896238,0.0008840498668647
synthetic_true_func_2d_n3000000,3000000,1e-05,topk_256,inverse,btab_auto_topk_256,c1,,,256.0,361.0,35360.0,11557.66850050752,2752294.990667977,2.8301000497284683,1.8876566794718348,,,,305.0,305.0,0.0112209999933838,0.9608578999905149,1.148169299995061,0.1671747000073082,1.3153440000023693,0.0008845151306137
synthetic_true_func_2d_n3000000,3000000,1e-05,topk_4096,boxeig,btab_boxeig_topk_4096_q64,c1,,64.0,4096.0,5329.0,30392.0,29.51559534762896,63724.11403807059,2.6066564905600496,,0.3935342956265937,75534.06916743558,4.073940802571256e-15,342.0,342.0,0.1918299999961163,1.224288700002944,1.4100910999986809,0.2014541999960784,1.6115452999947593,0.0008829453420416
synthetic_true_func_2d_n3000000,3000000,1e-05,topk_4096,boxeig,btab_boxeig_topk_4096_q128,c1,,128.0,4096.0,5329.0,30392.0,29.51559534762896,63724.11403807059,2.6066564905600487,,0.5056852415738492,20761.63387044434,9.946841076793836e-15,119.0,119.0,0.3852170999889495,0.7567413000069791,0.9423040999972728,0.2443461999937426,1.1866502999910151,0.0008886637048553
synthetic_true_func_2d_n3000000,3000000,1e-05,topk_4096,boxeig,btab_boxeig_topk_4096_q192,c1,,192.0,4096.0,5329.0,30392.0,29.51559534762896,63724.11403807059,2.606656490560049,,0.583885386155026,8948.925003561326,2.7283902365405072e-14,79.0,79.0,0.5682160000142176,0.8066256000020076,0.9924892999988516,0.2911184999975376,1.283607799996389,0.000887502665055
synthetic_true_func_2d_n3000000,3000000,1e-05,topk_4096,boxeig,btab_boxeig_topk_4096_q256,c1,,256.0,4096.0,5329.0,30392.0,29.51559534762896,63724.11403807059,2.606656490560049,,0.6499248450450938,4510.712240422261,3.602747796174938e-14,59.0,59.0,0.8288697999960277,1.0159138000017265,1.2031342999980552,0.3348016999952961,1.5379359999933513,0.0008853014731768
synthetic_true_func_2d_n3000000,3000000,1e-05,topk_4096,inverse,btab_auto_topk_4096,c1,,,4096.0,5329.0,30392.0,29.51559534762896,63724.11403807059,2.606656490560049,,,,,25.0,25.0,0.0041733999969437,2.364059700004873,2.5534608000016306,0.0673747999971965,2.620835599998827,0.0008832209814129
synthetic_true_func_2d_n3000000,3000000,1e-05,topk_512,boxeig,btab_boxeig_topk_512_q64,c1,,64.0,512.0,625.0,35096.0,3940.552263332592,1388670.769006471,2.818312874100871,,0.928844978589248,75318.2858895418,4.770422610410577e-15,287.0,287.0,0.1781769999943208,1.0690342000016244,1.2544633000070462,0.2249003000033553,1.4793636000104016,0.0008846802588767
synthetic_true_func_2d_n3000000,3000000,1e-05,topk_512,boxeig,btab_boxeig_topk_512_q128,c1,,128.0,512.0,625.0,35096.0,3940.552263332592,1388670.769006471,2.8183128741008705,,1.3133520668421022,20455.481945311774,1.3446829467699398e-14,228.0,228.0,0.3467692999984137,1.047719500013045,1.2336322000046491,0.2428622000006726,1.476494400005322,0.000881421751672
synthetic_true_func_2d_n3000000,3000000,1e-05,topk_512,boxeig,btab_boxeig_topk_512_q192,c1,,192.0,512.0,625.0,35096.0,3940.552263332592,1388670.769006471,2.8183128741008705,,1.784431954701491,3297.6401707466985,9.174668798880733e-14,233.0,233.0,0.5202611999993678,1.2609219000005396,1.4479806999879656,0.2850380000018049,1.7330186999897703,0.0008860387556324
synthetic_true_func_2d_n3000000,3000000,1e-05,topk_512,boxeig,btab_boxeig_topk_512_q256,c1,,256.0,512.0,625.0,35096.0,3940.552263332592,1388670.769006471,2.8183128741008705,,1.8791333762432376,47.54944719401722,4.858805404881973e-12,216.0,216.0,0.7076282000052743,1.3661342000123111,1.5523798000067472,0.3641271999949822,1.9165070000017292,0.0008849544058824
synthetic_true_func_2d_n3000000,3000000,1e-05,topk_512,inverse,btab_auto_topk_512,c1,,,512.0,625.0,35096.0,3940.552263332592,1388670.769006471,2.818312874100871,1.8773831811616903,,,,256.0,256.0,0.0246027000102913,0.8746221000037622,1.0637236000038683,0.1731754999927943,1.2368990999966627,0.0008855251332584
