Dataset,N,Kernel,reg_lambda,Method,method,top-k,|B|,q,Iter.,T_solve,T_total,RMSE,RMSE / RMSE_EFGP,Speedup
USGS_LPC_IL_Winnebago_2018_ground_elevation_regression_ntrain1000000,1000000,Matern-1.5,0.1,Active inverse,btab_auto_topk_512,512.0,625.0,,420.0,0.6478593639999417,0.667301395999857,0.0349148335930724,0.9927075855312045,3.248384431673344
USGS_LPC_IL_Winnebago_2018_ground_elevation_regression_ntrain1000000,1000000,Matern-1.5,0.1,Active inverse,btab_auto_topk_728,728.0,961.0,,284.0,0.4616678329998649,0.4812819579997267,0.0349148291456068,0.9927074590797114,4.503911750627178
USGS_LPC_IL_Winnebago_2018_ground_elevation_regression_ntrain1000000,1000000,Matern-1.5,0.1,Active inverse,btab_auto_topk_1024,1024.0,1369.0,,205.0,0.377284392999627,0.3998809209997489,0.0349148348875093,0.9927076223349695,5.420742406465513
USGS_LPC_IL_Winnebago_2018_ground_elevation_regression_ntrain1000000,1000000,Matern-1.5,0.1,Active inverse,btab_auto_topk_2048,2048.0,2601.0,,120.0,0.4067546149999543,0.4292885780000688,0.0349148299736811,0.9927074826237343,5.049404007202534
USGS_LPC_IL_Winnebago_2018_ground_elevation_regression_ntrain1000000,1000000,Matern-1.5,0.1,Active inverse,btab_auto_topk_4096,4096.0,5329.0,,56.0,1.0006304089997684,1.0230557959998805,0.0349148323984479,0.9927075515653315,2.1188008263823743
USGS_LPC_IL_Winnebago_2018_ground_elevation_regression_ntrain1000000,1000000,Matern-1.5,0.1,Box-EigenPro,btab_boxeig_topk_2048_q192,2048.0,2601.0,192.0,462.0,1.1324461779995545,1.1518286589998752,0.0349148246161901,0.9927073302981636,1.8819218023989621
USGS_LPC_IL_Winnebago_2018_ground_elevation_regression_ntrain1000000,1000000,Matern-1.5,0.1,Box-EigenPro,btab_boxeig_topk_4096_q192,4096.0,5329.0,192.0,455.0,1.1363485379997655,1.155699039999945,0.034914846528339,0.9927079533100523,1.8756193359820805
USGS_LPC_IL_Winnebago_2018_ground_elevation_regression_ntrain1000000,1000000,Matern-1.5,0.1,Box-EigenPro,btab_boxeig_topk_4096_q256,4096.0,5329.0,256.0,334.0,1.0514501070001645,1.0739440550000836,0.0349148368962374,0.9927076794476467,2.0184025936059173
USGS_LPC_IL_Winnebago_2018_ground_elevation_regression_ntrain1000000,1000000,Matern-1.5,0.1,Box-EigenPro,btab_boxeig_topk_8192_q192,8192.0,10609.0,192.0,415.0,1.0727582380000058,1.0953243849999126,0.0349148218944799,0.9927072529137946,1.9790041157533416
USGS_LPC_IL_Winnebago_2018_ground_elevation_regression_ntrain1000000,1000000,Matern-1.5,0.1,Box-EigenPro,btab_boxeig_topk_8192_q256,8192.0,10609.0,256.0,302.0,1.0041853200000332,1.0265871840001637,0.0349148166119438,0.992707102719361,2.111512299962123
USGS_LPC_IL_Winnebago_2018_ground_elevation_regression_ntrain1000000,1000000,Matern-1.5,0.1,Box-EigenPro,btab_boxeig_topk_8192_q320,8192.0,10609.0,320.0,235.0,0.993641750000279,1.0164580440000464,0.034914810702774,0.992706934708316,2.1325538016989967
USGS_LPC_IL_Winnebago_2018_ground_elevation_regression_ntrain1000000,1000000,Matern-1.5,0.1,Box-EigenPro,btab_boxeig_topk_16384_q192,16384.0,21025.0,192.0,328.0,0.9284908820000056,0.9508090730000732,0.0349148137176651,0.9927070204284798,2.2797967831336186
USGS_LPC_IL_Winnebago_2018_ground_elevation_regression_ntrain1000000,1000000,Matern-1.5,0.1,Box-EigenPro,btab_boxeig_topk_16384_q256,16384.0,21025.0,256.0,239.0,0.8903348310000183,0.9128239320002648,0.0349148115609133,0.9927069591071545,2.374665463962875
USGS_LPC_IL_Winnebago_2018_ground_elevation_regression_ntrain1000000,1000000,Matern-1.5,0.1,Box-EigenPro,btab_boxeig_topk_16384_q320,16384.0,21025.0,320.0,182.0,0.919341845999952,0.9408086290000028,0.0349148181859537,0.9927071474720178,2.304030170624443
USGS_LPC_IL_Winnebago_2018_ground_elevation_regression_ntrain1000000,1000000,SE,0.1,Active inverse,btab_auto_topk_512,512.0,625.0,,18.0,0.0441773289999218,0.062414976999662,0.1488842473262831,0.9996228961049975,28.46440773357223
USGS_LPC_IL_Winnebago_2018_ground_elevation_regression_ntrain1000000,1000000,SE,0.1,Active inverse,btab_auto_topk_1024,1024.0,1225.0,,14.0,0.0672403759999724,0.0856976619998022,0.1488842498340114,0.9996229129421221,20.731083118743808
USGS_LPC_IL_Winnebago_2018_ground_elevation_regression_ntrain1000000,1000000,SE,0.1,Box-EigenPro,btab_boxeig_topk_256_q128,256.0,361.0,128.0,207.0,0.5952959599999303,0.6139890300000843,0.1488842375030896,0.9996228301511486,2.8935457592779272
USGS_LPC_IL_Winnebago_2018_ground_elevation_regression_ntrain1000000,1000000,SE,0.1,Box-EigenPro,btab_boxeig_topk_512_q128,512.0,625.0,128.0,149.0,0.5033484900000076,0.5215914450000128,0.1488842474834445,0.9996228971601939,3.40612441218216
USGS_LPC_IL_Winnebago_2018_ground_elevation_regression_ntrain1000000,1000000,SE,0.1,Box-EigenPro,btab_boxeig_topk_512_q256,512.0,625.0,256.0,14.0,1.134016836000228,1.152749545000006,0.1488842492444026,0.999622908983433,1.541189377784489
USGS_LPC_IL_Winnebago_2018_ground_elevation_regression_ntrain1000000,1000000,SE,0.1,Box-EigenPro,btab_boxeig_topk_768_q128,768.0,961.0,128.0,105.0,1.1698047799995948,1.1886686659995576,0.1488842520498548,0.9996229278195039,1.4946178063051367
USGS_LPC_IL_Winnebago_2018_ground_elevation_regression_ntrain1000000,1000000,SE,0.1,Box-EigenPro,btab_boxeig_topk_768_q256,768.0,961.0,256.0,9.0,0.4766048279998358,0.495718074999786,0.1488842532651071,0.9996229359788226,3.583902713252243
USGS_LPC_IL_Winnebago_2018_ground_elevation_regression_ntrain10000000,10000000,Matern-1.5,0.1,Active inverse,btab_auto_topk_512,512.0,625.0,,1058.0,1.613801432999935,1.686497301000145,0.0284772733854218,0.9988980181306555,3.375367932474056
USGS_LPC_IL_Winnebago_2018_ground_elevation_regression_ntrain10000000,10000000,Matern-1.5,0.1,Active inverse,btab_auto_topk_728,728.0,961.0,,736.0,1.1531499679999797,1.2350165319999178,0.0284772787218332,0.9988982053160892,4.609289641476892
USGS_LPC_IL_Winnebago_2018_ground_elevation_regression_ntrain10000000,10000000,Matern-1.5,0.1,Active inverse,btab_auto_topk_1024,1024.0,1369.0,,543.0,0.8942541119999987,0.9669140810001408,0.0284772787623443,0.9988982067370981,5.887336858422591
USGS_LPC_IL_Winnebago_2018_ground_elevation_regression_ntrain10000000,10000000,Matern-1.5,0.1,Active inverse,btab_auto_topk_2048,2048.0,2601.0,,300.0,0.6831315659997017,0.7556836059998204,0.0284772790369558,0.9988982163696525,7.532979229406874
USGS_LPC_IL_Winnebago_2018_ground_elevation_regression_ntrain10000000,10000000,Matern-1.5,0.1,Active inverse,btab_auto_topk_4096,4096.0,5329.0,,153.0,1.1626711059998345,1.2357631189997846,0.0284772758568625,0.9988981048214416,4.606504936486074
USGS_LPC_IL_Winnebago_2018_ground_elevation_regression_ntrain10000000,10000000,Matern-1.5,0.1,Box-EigenPro,btab_boxeig_topk_2048_q192,2048.0,2601.0,192.0,1172.0,2.3144681769999806,2.3871427200001563,0.0284772681788676,0.9988978355002259,2.384670535324994
USGS_LPC_IL_Winnebago_2018_ground_elevation_regression_ntrain10000000,10000000,Matern-1.5,0.1,Box-EigenPro,btab_boxeig_topk_4096_q192,4096.0,5329.0,192.0,1216.0,2.402417178000178,2.4867635440000413,0.0284773182624948,0.9988995922848476,2.2891396014448895
USGS_LPC_IL_Winnebago_2018_ground_elevation_regression_ntrain10000000,10000000,Matern-1.5,0.1,Box-EigenPro,btab_boxeig_topk_4096_q256,4096.0,5329.0,256.0,873.0,3.2740636319999794,3.3583837800001675,0.0284773218351191,0.9988997176018779,1.695026322453133
USGS_LPC_IL_Winnebago_2018_ground_elevation_regression_ntrain10000000,10000000,Matern-1.5,0.1,Box-EigenPro,btab_boxeig_topk_8192_q192,8192.0,10609.0,192.0,1257.0,2.4846701960000246,2.56928198300011,0.0284772967437578,0.9988988374715813,2.215618583582965
USGS_LPC_IL_Winnebago_2018_ground_elevation_regression_ntrain10000000,10000000,Matern-1.5,0.1,Box-EigenPro,btab_boxeig_topk_8192_q256,8192.0,10609.0,256.0,906.0,2.0061913869999444,2.0908243999997467,0.0284772986826205,0.9988989054811157,2.7226336692840514
USGS_LPC_IL_Winnebago_2018_ground_elevation_regression_ntrain10000000,10000000,Matern-1.5,0.1,Box-EigenPro,btab_boxeig_topk_8192_q320,8192.0,10609.0,320.0,699.0,1.7685600909999266,1.8524406599999568,0.0284773002345475,0.9988989599180972,3.0729993305157035
USGS_LPC_IL_Winnebago_2018_ground_elevation_regression_ntrain10000000,10000000,Matern-1.5,0.1,Box-EigenPro,btab_boxeig_topk_16384_q192,16384.0,21025.0,192.0,1229.0,2.4467893650003134,2.5310631960001047,0.0284773036840365,0.9988990809159076,2.2490741902438454
USGS_LPC_IL_Winnebago_2018_ground_elevation_regression_ntrain10000000,10000000,Matern-1.5,0.1,Box-EigenPro,btab_boxeig_topk_16384_q256,16384.0,21025.0,256.0,891.0,2.679973848999907,2.7650251239997488,0.0284773034922589,0.99889907418892,2.0587693249475345
USGS_LPC_IL_Winnebago_2018_ground_elevation_regression_ntrain10000000,10000000,Matern-1.5,0.1,Box-EigenPro,btab_boxeig_topk_16384_q320,16384.0,21025.0,320.0,696.0,1.79054697499987,1.873905883000134,0.0284772982073652,0.9988988888105739,3.0377987281229575
USGS_LPC_IL_Winnebago_2018_ground_elevation_regression_ntrain10000000,10000000,SE,0.1,Active inverse,btab_auto_topk_512,512.0,625.0,,36.0,0.0732562050002343,0.1359532390001732,0.1370908358206969,0.9994985130275581,32.37554044589145
USGS_LPC_IL_Winnebago_2018_ground_elevation_regression_ntrain10000000,10000000,SE,0.1,Active inverse,btab_auto_topk_1024,1024.0,1225.0,,14.0,0.0651087400001415,0.1278787969999939,0.1370908323875246,0.9994984879970694,34.419776313662574
USGS_LPC_IL_Winnebago_2018_ground_elevation_regression_ntrain10000000,10000000,SE,0.1,Box-EigenPro,btab_boxeig_topk_256_q128,256.0,361.0,128.0,552.0,1.171590364000167,1.2341449350001312,0.1370907857510803,0.9994981479812219,3.566485153544455
USGS_LPC_IL_Winnebago_2018_ground_elevation_regression_ntrain10000000,10000000,SE,0.1,Box-EigenPro,btab_boxeig_topk_512_q128,512.0,625.0,128.0,422.0,1.6851268640002672,1.747890901000119,0.1370908142524256,0.9994983557781333,2.5182118549169994
USGS_LPC_IL_Winnebago_2018_ground_elevation_regression_ntrain10000000,10000000,SE,0.1,Box-EigenPro,btab_boxeig_topk_512_q256,512.0,625.0,256.0,38.0,0.5401293199997781,0.6135939099999632,0.1370908580751381,0.9994986752796938,7.173408204133445
USGS_LPC_IL_Winnebago_2018_ground_elevation_regression_ntrain10000000,10000000,SE,0.1,Box-EigenPro,btab_boxeig_topk_768_q128,768.0,961.0,128.0,272.0,0.7055235080001694,0.7731800310002654,0.1370908578738221,0.9994986738119441,5.6928003977362724
USGS_LPC_IL_Winnebago_2018_ground_elevation_regression_ntrain10000000,10000000,SE,0.1,Box-EigenPro,btab_boxeig_topk_768_q256,768.0,961.0,256.0,23.0,0.5297015720002491,0.5932788079999227,0.1370908304788476,0.9994984740813339,7.41904064100774
USGS_LPC_IL_Winnebago_2018_ground_elevation_regression_ntrain100000000,100000000,Matern-1.5,0.1,Active inverse,btab_auto_topk_2048,2048.0,2601.0,,820.0,1.4969730269995123,2.021599065999908,0.0276408173241516,0.9997680423831126,7.657931613825331
USGS_LPC_IL_Winnebago_2018_ground_elevation_regression_ntrain100000000,100000000,Matern-1.5,0.1,Active inverse,btab_auto_topk_4096,4096.0,5329.0,,388.0,1.5996481629999837,2.1245382460001565,0.0276408158813193,0.9997679901958851,7.286885716059412
USGS_LPC_IL_Winnebago_2018_ground_elevation_regression_ntrain100000000,100000000,Matern-1.5,0.1,Box-EigenPro,btab_boxeig_topk_20480_q320,20480.0,25921.0,320.0,1921.0,4.007841915999961,4.532397834000221,0.02764085355149,0.9997693527255228,3.4156903177973983
USGS_LPC_IL_Winnebago_2018_ground_elevation_regression_ntrain100000000,100000000,Matern-1.5,0.1,Box-EigenPro,btab_boxeig_topk_20480_q384,20480.0,25921.0,384.0,1599.0,3.646258608000608,4.171356202999959,0.0276408339118525,0.999768642360062,3.7113271187118055
USGS_LPC_IL_Winnebago_2018_ground_elevation_regression_ntrain100000000,100000000,Matern-1.5,0.1,Box-EigenPro,btab_boxeig_topk_32768_q192,32768.0,35721.0,192.0,1355.0,2.682394048999413,3.207528607999848,0.0276409298477645,0.9997721123608876,4.826540707817497
USGS_LPC_IL_Winnebago_2018_ground_elevation_regression_ntrain100000000,100000000,Matern-1.5,0.1,Box-EigenPro,btab_boxeig_topk_32768_q256,32768.0,35721.0,256.0,991.0,2.246311144000174,2.771398769999905,0.0276409367061149,0.9997723604273421,5.5860843865500405
USGS_LPC_IL_Winnebago_2018_ground_elevation_regression_ntrain100000000,100000000,Matern-1.5,0.1,Box-EigenPro,btab_boxeig_topk_32768_q320,32768.0,35721.0,320.0,772.0,1.998598483999558,2.523644250999496,0.0276409421516404,0.9997725573919364,6.134488802004903
USGS_LPC_IL_Winnebago_2018_ground_elevation_regression_ntrain100000000,100000000,Matern-1.5,0.1,Box-EigenPro,btab_boxeig_topk_32768_q384,32768.0,35721.0,384.0,608.0,1.893800647999342,2.418500488999598,0.0276409870707981,0.9997741821173499,6.40118431582547
USGS_LPC_IL_Winnebago_2018_ground_elevation_regression_ntrain100000000,100000000,Matern-1.5,0.1,Box-EigenPro,btab_boxeig_topk_32768_q448,32768.0,35721.0,448.0,505.0,1.9279859030002624,2.452482350000537,0.0276410105785577,0.9997750323927422,6.3124888128132985
USGS_LPC_IL_Winnebago_2018_ground_elevation_regression_ntrain100000000,100000000,Matern-1.5,0.1,Box-EigenPro,btab_boxeig_topk_35721_q192,35721.0,35721.0,192.0,1345.0,2.6561828740004785,3.180873588000395,0.027640938767031,0.9997724349706536,4.866986055781143
USGS_LPC_IL_Winnebago_2018_ground_elevation_regression_ntrain100000000,100000000,Matern-1.5,0.1,Box-EigenPro,btab_boxeig_topk_35721_q256,35721.0,35721.0,256.0,978.0,2.426315245999831,2.951126896999994,0.027640952774076,0.9997729416053089,5.245883331461665
USGS_LPC_IL_Winnebago_2018_ground_elevation_regression_ntrain100000000,100000000,Matern-1.5,0.1,Box-EigenPro,btab_boxeig_topk_35721_q320,35721.0,35721.0,320.0,770.0,1.9970547430002623,2.521850903000086,0.0276409452627928,0.9997726699222826,6.138851182511772
USGS_LPC_IL_Winnebago_2018_ground_elevation_regression_ntrain100000000,100000000,Matern-1.5,0.1,Box-EigenPro,btab_boxeig_topk_35721_q384,35721.0,35721.0,384.0,608.0,3.4576240349997533,3.982323749999523,0.0276409874797002,0.9997741969073342,3.8874959370147417
USGS_LPC_IL_Winnebago_2018_ground_elevation_regression_ntrain100000000,100000000,Matern-1.5,0.1,Box-EigenPro,btab_boxeig_topk_35721_q448,35721.0,35721.0,448.0,504.0,1.87221617600062,2.397169820000272,0.0276410140473832,0.9997751578601205,6.458143794751554
USGS_LPC_IL_Winnebago_2018_ground_elevation_regression_ntrain100000000,100000000,SE,0.1,Active inverse,btab_auto_topk_512,512.0,625.0,,87.0,0.1590054970001801,0.6696946860001844,0.1288735709569454,0.9996552582705043,18.239543214767156
USGS_LPC_IL_Winnebago_2018_ground_elevation_regression_ntrain100000000,100000000,SE,0.1,Active inverse,btab_auto_topk_1024,1024.0,1225.0,,15.0,0.0670536929997069,0.577233643999989,0.1288735751682132,0.9996552909367521,21.161145565521675
USGS_LPC_IL_Winnebago_2018_ground_elevation_regression_ntrain100000000,100000000,SE,0.1,Box-EigenPro,btab_boxeig_topk_256_q128,256.0,361.0,128.0,1330.0,2.686474508000174,3.196726873999978,0.1288737378931622,0.999656553172676,3.8210725055519297
USGS_LPC_IL_Winnebago_2018_ground_elevation_regression_ntrain100000000,100000000,SE,0.1,Box-EigenPro,btab_boxeig_topk_512_q128,512.0,625.0,128.0,1152.0,2.1512721619997137,2.661519152999972,0.1288735744443751,0.9996552853220356,4.589456045143257
USGS_LPC_IL_Winnebago_2018_ground_elevation_regression_ntrain100000000,100000000,SE,0.1,Box-EigenPro,btab_boxeig_topk_512_q256,512.0,625.0,256.0,110.0,0.9214325390003067,1.432342353000422,0.1288735843684522,0.99965536230179,8.527936872363563
USGS_LPC_IL_Winnebago_2018_ground_elevation_regression_ntrain100000000,100000000,SE,0.1,Box-EigenPro,btab_boxeig_topk_768_q128,768.0,961.0,128.0,755.0,1.5055485240000053,2.015600324999923,0.128873574733166,0.9996552875621483,6.060192099840404
USGS_LPC_IL_Winnebago_2018_ground_elevation_regression_ntrain100000000,100000000,SE,0.1,Box-EigenPro,btab_boxeig_topk_768_q256,768.0,961.0,256.0,72.0,0.5939805879997948,1.10414558399998,0.1288735745147123,0.9996552858676317,11.06278496513962
USGS_LPC_IL_Winnebago_2018_ground_elevation_regression_ntrain3000000,3000000,Matern-1.5,0.1,Active inverse,btab_auto_topk_512,512.0,625.0,,674.0,1.0194596689998434,1.0558142969998698,0.0306542985029001,0.9975058551432162,3.2545652069347293
USGS_LPC_IL_Winnebago_2018_ground_elevation_regression_ntrain3000000,3000000,Matern-1.5,0.1,Active inverse,btab_auto_topk_728,728.0,961.0,,451.0,0.7146229869999843,0.7568729680001525,0.0306542992283854,0.9975058787508624,4.540017441869234
USGS_LPC_IL_Winnebago_2018_ground_elevation_regression_ntrain3000000,3000000,Matern-1.5,0.1,Active inverse,btab_auto_topk_1024,1024.0,1369.0,,317.0,0.5393995459999132,0.5821825779999017,0.0306543052721544,0.9975060754180595,5.902300422326632
USGS_LPC_IL_Winnebago_2018_ground_elevation_regression_ntrain3000000,3000000,Matern-1.5,0.1,Active inverse,btab_auto_topk_2048,2048.0,2601.0,,183.0,0.5033069999999498,0.5460610390000511,0.0306542977508812,0.9975058306721537,6.292733285444497
USGS_LPC_IL_Winnebago_2018_ground_elevation_regression_ntrain3000000,3000000,Matern-1.5,0.1,Active inverse,btab_auto_topk_4096,4096.0,5329.0,,92.0,1.078306657000212,1.120819307000147,0.0306542978353919,0.997505833422173,3.0658077127498804
USGS_LPC_IL_Winnebago_2018_ground_elevation_regression_ntrain3000000,3000000,Matern-1.5,0.1,Box-EigenPro,btab_boxeig_topk_2048_q192,2048.0,2601.0,192.0,717.0,1.5611106890000883,1.5970902809999643,0.0306542912022295,0.9975056175758268,2.151548047646095
USGS_LPC_IL_Winnebago_2018_ground_elevation_regression_ntrain3000000,3000000,Matern-1.5,0.1,Box-EigenPro,btab_boxeig_topk_4096_q192,4096.0,5329.0,192.0,720.0,1.6460025549999957,1.688969113999974,0.0306543373010829,0.9975071176550465,2.034505218311576
USGS_LPC_IL_Winnebago_2018_ground_elevation_regression_ntrain3000000,3000000,Matern-1.5,0.1,Box-EigenPro,btab_boxeig_topk_4096_q256,4096.0,5329.0,256.0,530.0,1.5493974510000044,1.591995929999939,0.0306543313222022,0.9975069230993464,2.1584329527778117
USGS_LPC_IL_Winnebago_2018_ground_elevation_regression_ntrain3000000,3000000,Matern-1.5,0.1,Box-EigenPro,btab_boxeig_topk_8192_q192,8192.0,10609.0,192.0,731.0,1.6034944120001455,1.646208423999724,0.0306542929645944,0.997505674924042,2.087352018070224
USGS_LPC_IL_Winnebago_2018_ground_elevation_regression_ntrain3000000,3000000,Matern-1.5,0.1,Box-EigenPro,btab_boxeig_topk_8192_q256,8192.0,10609.0,256.0,534.0,1.3859099239998611,1.428394292000121,0.0306542979471604,0.9975058370591747,2.405649823193032
USGS_LPC_IL_Winnebago_2018_ground_elevation_regression_ntrain3000000,3000000,Matern-1.5,0.1,Box-EigenPro,btab_boxeig_topk_8192_q320,8192.0,10609.0,320.0,410.0,1.2893763750003018,1.3315191630003935,0.0306543021333178,0.9975059732787824,2.5806736932399756
USGS_LPC_IL_Winnebago_2018_ground_elevation_regression_ntrain3000000,3000000,Matern-1.5,0.1,Box-EigenPro,btab_boxeig_topk_16384_q192,16384.0,21025.0,192.0,654.0,1.4777163530002326,1.5203058810002403,0.0306543184030564,0.9975065027040281,2.260213894416609
USGS_LPC_IL_Winnebago_2018_ground_elevation_regression_ntrain3000000,3000000,Matern-1.5,0.1,Box-EigenPro,btab_boxeig_topk_16384_q256,16384.0,21025.0,256.0,459.0,1.2528408100001798,1.2954879910003,0.0306543319406942,0.9975069432253785,2.652449501555612
USGS_LPC_IL_Winnebago_2018_ground_elevation_regression_ntrain3000000,3000000,Matern-1.5,0.1,Box-EigenPro,btab_boxeig_topk_16384_q320,16384.0,21025.0,320.0,357.0,1.2068742090000342,1.2433987859999434,0.0306543314203466,0.9975069262930133,2.763567501183151
USGS_LPC_IL_Winnebago_2018_ground_elevation_regression_ntrain3000000,3000000,SE,0.1,Active inverse,btab_auto_topk_512,512.0,625.0,,25.0,0.0566840179999417,0.0884676230002696,0.1431809943486871,0.9995997236955528,31.619480597905575
USGS_LPC_IL_Winnebago_2018_ground_elevation_regression_ntrain3000000,3000000,SE,0.1,Active inverse,btab_auto_topk_1024,1024.0,1225.0,,14.0,0.0670113080000192,0.0985709450001195,0.1431809949053552,0.9995997275818597,28.378547948347848
USGS_LPC_IL_Winnebago_2018_ground_elevation_regression_ntrain3000000,3000000,SE,0.1,Box-EigenPro,btab_boxeig_topk_256_q128,256.0,361.0,128.0,333.0,0.8060428550002143,0.8378604120002819,0.1431809990756716,0.999599756696388,3.3386232944478924
USGS_LPC_IL_Winnebago_2018_ground_elevation_regression_ntrain3000000,3000000,SE,0.1,Box-EigenPro,btab_boxeig_topk_512_q128,512.0,625.0,128.0,242.0,0.6570270440001877,0.6884726230000524,0.1431809997872946,0.9995997616644925,4.063052321253501
USGS_LPC_IL_Winnebago_2018_ground_elevation_regression_ntrain3000000,3000000,SE,0.1,Box-EigenPro,btab_boxeig_topk_512_q256,512.0,625.0,256.0,23.0,0.5929295770001772,0.6243450370002392,0.1431809812084229,0.9995996319584858,4.480375630820907
USGS_LPC_IL_Winnebago_2018_ground_elevation_regression_ntrain3000000,3000000,SE,0.1,Box-EigenPro,btab_boxeig_topk_768_q128,768.0,961.0,128.0,168.0,1.2059079159998871,1.2375249480001005,0.1431809896275781,0.9995996907357366,2.260399108333469
USGS_LPC_IL_Winnebago_2018_ground_elevation_regression_ntrain3000000,3000000,SE,0.1,Box-EigenPro,btab_boxeig_topk_768_q256,768.0,961.0,256.0,13.0,0.9462804800000412,0.9782048289998784,0.1431809898116773,0.9995996920210014,2.8596263339446235
USGS_LPC_IL_Winnebago_2018_ground_elevation_regression_ntrain30000000,30000000,Matern-1.5,0.1,Active inverse,btab_auto_topk_512,512.0,625.0,,1721.0,2.6168222069995863,2.7903137939997578,0.0278759085893782,0.999427848418307,3.1930473401088633
USGS_LPC_IL_Winnebago_2018_ground_elevation_regression_ntrain30000000,30000000,Matern-1.5,0.1,Active inverse,btab_auto_topk_728,728.0,961.0,,1199.0,1.8413476880000417,2.014689001000079,0.0278759161092958,0.9994281180279967,4.422322270870256
USGS_LPC_IL_Winnebago_2018_ground_elevation_regression_ntrain30000000,30000000,Matern-1.5,0.1,Active inverse,btab_auto_topk_1024,1024.0,1369.0,,851.0,1.3568699950001246,1.5302559299998393,0.0278759131975784,0.9994280136349347,5.822296691247544
USGS_LPC_IL_Winnebago_2018_ground_elevation_regression_ntrain30000000,30000000,Matern-1.5,0.1,Active inverse,btab_auto_topk_2048,2048.0,2601.0,,494.0,1.02445735099991,1.1977041899999676,0.0278759153395472,0.9994280904303964,7.4389019529106255
USGS_LPC_IL_Winnebago_2018_ground_elevation_regression_ntrain30000000,30000000,Matern-1.5,0.1,Active inverse,btab_auto_topk_4096,4096.0,5329.0,,241.0,1.330123341000217,1.503357662000326,0.0278759102409007,0.9994279076299224,5.926469969990459
USGS_LPC_IL_Winnebago_2018_ground_elevation_regression_ntrain30000000,30000000,Matern-1.5,0.1,Box-EigenPro,btab_boxeig_topk_2048_q192,2048.0,2601.0,192.0,1744.0,3.762507540000115,3.9361525460003577,0.0278759157781555,0.9994281061557079,2.2635311853076714
USGS_LPC_IL_Winnebago_2018_ground_elevation_regression_ntrain30000000,30000000,Matern-1.5,0.1,Box-EigenPro,btab_boxeig_topk_4096_q192,4096.0,5329.0,192.0,1876.0,3.530253814999924,3.7197924160000175,0.0278759378019297,0.999428895768473,2.3951885055942745
USGS_LPC_IL_Winnebago_2018_ground_elevation_regression_ntrain30000000,30000000,Matern-1.5,0.1,Box-EigenPro,btab_boxeig_topk_4096_q256,4096.0,5329.0,256.0,1359.0,2.7970236789997216,2.9795747729999675,0.0278759397452101,0.9994289654404103,2.9902266990364583
USGS_LPC_IL_Winnebago_2018_ground_elevation_regression_ntrain30000000,30000000,Matern-1.5,0.1,Box-EigenPro,btab_boxeig_topk_8192_q192,8192.0,10609.0,192.0,1988.0,3.740642998000112,3.920863286999975,0.0278759052162922,0.999427727483914,2.2723577400774735
USGS_LPC_IL_Winnebago_2018_ground_elevation_regression_ntrain30000000,30000000,Matern-1.5,0.1,Box-EigenPro,btab_boxeig_topk_8192_q256,8192.0,10609.0,256.0,1428.0,2.845836499999677,3.0203417009997797,0.027875905800961,0.9994277484458954,2.9498662469384778
USGS_LPC_IL_Winnebago_2018_ground_elevation_regression_ntrain30000000,30000000,Matern-1.5,0.1,Box-EigenPro,btab_boxeig_topk_8192_q320,8192.0,10609.0,320.0,1111.0,2.485851231000197,2.665748160000021,0.0278759048545517,0.9994277145145241,3.3422527197767726
USGS_LPC_IL_Winnebago_2018_ground_elevation_regression_ntrain30000000,30000000,Matern-1.5,0.1,Box-EigenPro,btab_boxeig_topk_16384_q192,16384.0,21025.0,192.0,2075.0,4.015469345999918,4.205027467000036,0.0278759234162611,0.9994283800027619,2.1187980596845697
USGS_LPC_IL_Winnebago_2018_ground_elevation_regression_ntrain30000000,30000000,Matern-1.5,0.1,Box-EigenPro,btab_boxeig_topk_16384_q256,16384.0,21025.0,256.0,1495.0,3.02016711799979,3.199817248999807,0.0278759232995629,0.9994283758188112,2.784410278676054
USGS_LPC_IL_Winnebago_2018_ground_elevation_regression_ntrain30000000,30000000,Matern-1.5,0.1,Box-EigenPro,btab_boxeig_topk_16384_q320,16384.0,21025.0,320.0,1170.0,2.616070769000089,2.7976296470001216,0.0278759215326447,0.9994283124699431,3.1846974625657483
USGS_LPC_IL_Winnebago_2018_ground_elevation_regression_ntrain30000000,30000000,SE,0.1,Active inverse,btab_auto_topk_512,512.0,625.0,,55.0,0.1082009670003572,0.2709792050000033,0.1326596204642331,0.9994898437955493,25.809069492988204
USGS_LPC_IL_Winnebago_2018_ground_elevation_regression_ntrain30000000,30000000,SE,0.1,Active inverse,btab_auto_topk_1024,1024.0,1225.0,,14.0,0.0694011030000183,0.2317020899999988,0.132659618972578,0.9994898325570569,30.184108969409024
USGS_LPC_IL_Winnebago_2018_ground_elevation_regression_ntrain30000000,30000000,SE,0.1,Box-EigenPro,btab_boxeig_topk_256_q128,256.0,361.0,128.0,828.0,1.6229386740001246,1.7852025110000795,0.1326597173160522,0.9994905735007089,3.9176065963977735
USGS_LPC_IL_Winnebago_2018_ground_elevation_regression_ntrain30000000,30000000,SE,0.1,Box-EigenPro,btab_boxeig_topk_512_q128,512.0,625.0,128.0,693.0,1.402707126000223,1.5655278439999163,0.1326596577357257,0.999490124608039,4.467324653345581
USGS_LPC_IL_Winnebago_2018_ground_elevation_regression_ntrain30000000,30000000,SE,0.1,Box-EigenPro,btab_boxeig_topk_512_q256,512.0,625.0,256.0,65.0,1.175877951000075,1.3504171640001914,0.1326596410790106,0.9994899991122965,5.17893382833128
USGS_LPC_IL_Winnebago_2018_ground_elevation_regression_ntrain30000000,30000000,SE,0.1,Box-EigenPro,btab_boxeig_topk_768_q128,768.0,961.0,128.0,444.0,0.9886128469997856,1.1638401929999418,0.1326596383994485,0.999489978923824,6.00917649610691
USGS_LPC_IL_Winnebago_2018_ground_elevation_regression_ntrain30000000,30000000,SE,0.1,Box-EigenPro,btab_boxeig_topk_768_q256,768.0,961.0,256.0,41.0,0.537941717999729,0.7164106119998905,0.1326596172047533,0.9994898192378358,9.762168532758766
USGS_LPC_IL_Winnebago_2018_ground_elevation_regression_ntrain300000000,300000000,Matern-1.5,0.1,Active inverse,btab_auto_topk_2048,2048.0,2601.0,,3000.0,4.982791094000277,6.53735217600024,0.1800868999323533,1.628221461012719,4.146309312126421
USGS_LPC_IL_Winnebago_2018_ground_elevation_regression_ntrain300000000,300000000,Matern-1.5,0.1,Active inverse,btab_auto_topk_4096,4096.0,5329.0,,3000.0,6.475940098000137,8.029818822999914,0.2647704308477465,2.3938715026457915,3.3756532745620595
USGS_LPC_IL_Winnebago_2018_ground_elevation_regression_ntrain300000000,300000000,Matern-1.5,0.1,Box-EigenPro,btab_boxeig_topk_20480_q320,20480.0,25921.0,320.0,2784.0,6.379817696999908,7.935033434000161,0.1105757069915006,0.999749228055151,3.415976054726624
USGS_LPC_IL_Winnebago_2018_ground_elevation_regression_ntrain300000000,300000000,Matern-1.5,0.1,Box-EigenPro,btab_boxeig_topk_20480_q384,20480.0,25921.0,384.0,2244.0,4.764704270000038,6.3194977489997655,0.1105757161658649,0.9997493110034212,4.289246595315264
USGS_LPC_IL_Winnebago_2018_ground_elevation_regression_ntrain300000000,300000000,Matern-1.5,0.1,Box-EigenPro,btab_boxeig_topk_32768_q192,32768.0,35721.0,192.0,789.0,1.70428382900036,3.2591034120000586,0.110575924090083,0.9997511909107011,8.316975798986778
USGS_LPC_IL_Winnebago_2018_ground_elevation_regression_ntrain300000000,300000000,Matern-1.5,0.1,Box-EigenPro,btab_boxeig_topk_32768_q256,32768.0,35721.0,256.0,544.0,1.4634777370001757,3.019020585999897,0.1105759935547587,0.9997518189623571,8.978370114366834
USGS_LPC_IL_Winnebago_2018_ground_elevation_regression_ntrain300000000,300000000,Matern-1.5,0.1,Box-EigenPro,btab_boxeig_topk_32768_q320,32768.0,35721.0,320.0,412.0,1.3604884799997308,2.915010467999764,0.110576014972519,0.9997520126069641,9.298726197233648
USGS_LPC_IL_Winnebago_2018_ground_elevation_regression_ntrain300000000,300000000,Matern-1.5,0.1,Box-EigenPro,btab_boxeig_topk_32768_q384,32768.0,35721.0,384.0,321.0,1.3448567699997511,2.899769573999947,0.110576048032241,0.9997523115101541,9.347599356527429
USGS_LPC_IL_Winnebago_2018_ground_elevation_regression_ntrain300000000,300000000,Matern-1.5,0.1,Box-EigenPro,btab_boxeig_topk_32768_q448,32768.0,35721.0,448.0,270.0,1.448660676000145,3.0030584559999625,0.1105759330197961,0.999751271647004,9.02609276547498
USGS_LPC_IL_Winnebago_2018_ground_elevation_regression_ntrain300000000,300000000,Matern-1.5,0.1,Box-EigenPro,btab_boxeig_topk_35721_q192,35721.0,35721.0,192.0,807.0,1.97109411800011,3.526111028999821,0.110575868446437,0.9997506878192568,7.6871896491836464
USGS_LPC_IL_Winnebago_2018_ground_elevation_regression_ntrain300000000,300000000,Matern-1.5,0.1,Box-EigenPro,btab_boxeig_topk_35721_q256,35721.0,35721.0,256.0,545.0,2.524076136000076,4.079217571999834,0.1105759778434271,0.9997516769113401,6.644873367397042
USGS_LPC_IL_Winnebago_2018_ground_elevation_regression_ntrain300000000,300000000,Matern-1.5,0.1,Box-EigenPro,btab_boxeig_topk_35721_q320,35721.0,35721.0,320.0,409.0,1.3545577849999972,2.909183540000413,0.1105760333942195,0.9997521791632662,9.317351013197289
USGS_LPC_IL_Winnebago_2018_ground_elevation_regression_ntrain300000000,300000000,Matern-1.5,0.1,Box-EigenPro,btab_boxeig_topk_35721_q384,35721.0,35721.0,384.0,320.0,1.3388173889998145,2.8935304959995847,0.1105760599888434,0.9997524196135011,9.367754803854542
USGS_LPC_IL_Winnebago_2018_ground_elevation_regression_ntrain300000000,300000000,Matern-1.5,0.1,Box-EigenPro,btab_boxeig_topk_35721_q448,35721.0,35721.0,448.0,273.0,1.448190271000385,3.0027345420003257,0.1105759030131386,0.9997510003475162,9.027066437229129
USGS_LPC_IL_Winnebago_2018_ground_elevation_regression_ntrain300000000,300000000,SE,0.1,Active inverse,btab_auto_topk_512,512.0,625.0,,3000.0,5.135876043999815,6.901156392999837,0.3593689687711359,1.0087177421482367,1.5592823470737225
USGS_LPC_IL_Winnebago_2018_ground_elevation_regression_ntrain300000000,300000000,SE,0.1,Active inverse,btab_auto_topk_1024,1024.0,1225.0,,3000.0,5.809180290000313,7.574793790000058,0.3592772439763155,1.0084602785496222,1.42061310661759
USGS_LPC_IL_Winnebago_2018_ground_elevation_regression_ntrain300000000,300000000,SE,0.1,Box-EigenPro,btab_boxeig_topk_512_q128,512.0,625.0,128.0,367.0,0.8530700770002113,2.6182089170001746,0.3561579224551231,0.9997046117132474,4.1100048464921235
USGS_LPC_IL_Winnebago_2018_ground_elevation_regression_ntrain300000000,300000000,SE,0.1,Box-EigenPro,btab_boxeig_topk_768_q128,768.0,961.0,128.0,26.0,0.3013802380000925,2.0690071799999714,0.3561579198003631,0.9997046042615647,5.2009734146982325
synthetic_true_func_2d_ntrain1000000,1000000,Matern-1.5,0.1,Active inverse,btab_auto_topk_512,512.0,625.0,,250.0,0.3957973290002883,0.4151879290002398,0.2990352585110706,0.9999655162678545,4.675711412599129
synthetic_true_func_2d_ntrain1000000,1000000,Matern-1.5,0.1,Active inverse,btab_auto_topk_728,728.0,961.0,,176.0,0.3246540170002845,0.3440048520001255,0.2990352588724111,0.999965517476167,5.6432312704679815
synthetic_true_func_2d_ntrain1000000,1000000,Matern-1.5,0.1,Active inverse,btab_auto_topk_1024,1024.0,1369.0,,130.0,0.2541113960000984,0.2735630610000044,0.2990352584290108,0.9999655159934487,7.096348940180147
synthetic_true_func_2d_ntrain1000000,1000000,Matern-1.5,0.1,Active inverse,btab_auto_topk_2048,2048.0,2601.0,,72.0,0.3303138759997637,0.3527035369997975,0.2990352589218062,0.9999655176413428,5.5040529349750535
synthetic_true_func_2d_ntrain1000000,1000000,Matern-1.5,0.1,Active inverse,btab_auto_topk_4096,4096.0,5329.0,,35.0,0.984469529999842,1.007232550000026,0.2990352579292464,0.9999655143222507,1.927359216101354
synthetic_true_func_2d_ntrain1000000,1000000,Matern-1.5,0.1,Box-EigenPro,btab_boxeig_topk_2048_q192,2048.0,2601.0,192.0,280.0,0.8613026910002191,0.8804252899999483,0.2990352590753132,0.9999655181546658,2.2049559003466745
synthetic_true_func_2d_ntrain1000000,1000000,Matern-1.5,0.1,Box-EigenPro,btab_boxeig_topk_4096_q192,4096.0,5329.0,192.0,303.0,0.893304117000298,0.9126719850000882,0.2990352608144554,0.9999655239703087,2.1270499915691294
synthetic_true_func_2d_ntrain1000000,1000000,Matern-1.5,0.1,Box-EigenPro,btab_boxeig_topk_4096_q256,4096.0,5329.0,256.0,216.0,0.8876459749999412,0.9099994539997168,0.2990352609825575,0.9999655245324373,2.13329681624229
synthetic_true_func_2d_ntrain1000000,1000000,Matern-1.5,0.1,Box-EigenPro,btab_boxeig_topk_8192_q192,8192.0,10609.0,192.0,305.0,0.8934176239999942,0.9159362169998532,0.2990352597335931,0.9999655203559353,2.1194695678248623
synthetic_true_func_2d_ntrain1000000,1000000,Matern-1.5,0.1,Box-EigenPro,btab_boxeig_topk_8192_q256,8192.0,10609.0,256.0,213.0,0.853950493999946,0.8762979640000594,0.2990352595105409,0.999965519610055,2.215341148504239
synthetic_true_func_2d_ntrain1000000,1000000,Matern-1.5,0.1,Box-EigenPro,btab_boxeig_topk_8192_q320,8192.0,10609.0,320.0,161.0,0.9161845990001892,0.9386211730002288,0.2990352615613037,0.9999655264677484,2.0682454155541885
synthetic_true_func_2d_ntrain1000000,1000000,Matern-1.5,0.1,Box-EigenPro,btab_boxeig_topk_16384_q192,16384.0,21025.0,192.0,264.0,0.8234617449998041,0.846249453999917,0.2990352580478352,0.9999655147188082,2.294003179350953
synthetic_true_func_2d_ntrain1000000,1000000,Matern-1.5,0.1,Box-EigenPro,btab_boxeig_topk_16384_q256,16384.0,21025.0,256.0,186.0,0.800110541000322,0.822022821000246,0.2990352577340832,0.9999655136696303,2.3616119752461677
synthetic_true_func_2d_ntrain1000000,1000000,Matern-1.5,0.1,Box-EigenPro,btab_boxeig_topk_16384_q320,16384.0,21025.0,320.0,143.0,0.8554530449996491,0.8747517919996426,0.2990352580982994,0.9999655148875591,2.2192568860729023
synthetic_true_func_2d_ntrain1000000,1000000,SE,0.1,Active inverse,btab_auto_topk_512,512.0,625.0,,11.0,0.032235835999927,0.0506401130000995,0.3000387233421122,1.0000001535728797,24.090821005827838
synthetic_true_func_2d_ntrain1000000,1000000,SE,0.1,Active inverse,btab_auto_topk_1024,1024.0,1225.0,,5.0,0.0495164790004309,0.0681472080000276,0.3000387234278732,1.0000001538587129,17.901861775464056
synthetic_true_func_2d_ntrain1000000,1000000,SE,0.1,Box-EigenPro,btab_boxeig_topk_256_q128,256.0,361.0,128.0,135.0,0.4758001810000678,0.4944812519997867,0.3000387236412529,1.000000154569887,2.4671550095509356
synthetic_true_func_2d_ntrain1000000,1000000,SE,0.1,Box-EigenPro,btab_boxeig_topk_512_q128,512.0,625.0,128.0,95.0,0.4120110190001469,0.430782218999866,0.3000387239385419,1.0000001555607225,2.831969018667114
synthetic_true_func_2d_ntrain1000000,1000000,SE,0.1,Box-EigenPro,btab_boxeig_topk_512_q256,512.0,625.0,256.0,10.0,1.6849677829995926,1.7036104039998463,0.3000387244147142,1.0000001571477588,0.7161038082040279
synthetic_true_func_2d_ntrain1000000,1000000,SE,0.1,Box-EigenPro,btab_boxeig_topk_768_q128,768.0,961.0,128.0,70.0,1.269668538000133,1.2886950699999034,0.3000387253488861,1.0000001602612638,0.9466645185508344
synthetic_true_func_2d_ntrain1000000,1000000,SE,0.1,Box-EigenPro,btab_boxeig_topk_768_q256,768.0,961.0,256.0,6.0,0.4684411489997728,0.4876090029997613,0.3000387228455284,1.0000001519178139,2.5019265241107322
synthetic_true_func_2d_ntrain10000000,10000000,Matern-1.5,0.1,Active inverse,btab_auto_topk_512,512.0,625.0,,596.0,0.919902705000368,0.9926680120001948,0.2998206805611629,0.999999295509505,4.642735678279512
synthetic_true_func_2d_ntrain10000000,10000000,Matern-1.5,0.1,Active inverse,btab_auto_topk_728,728.0,961.0,,408.0,0.6476539989998855,0.7203868909996345,0.2998206805205145,0.9999992953739294,6.397527847300093
synthetic_true_func_2d_ntrain10000000,10000000,Matern-1.5,0.1,Active inverse,btab_auto_topk_1024,1024.0,1369.0,,323.0,0.5456670690000465,0.6181714809999903,0.299820680355937,0.9999992948250099,7.4553668968112285
synthetic_true_func_2d_ntrain10000000,10000000,Matern-1.5,0.1,Active inverse,btab_auto_topk_2048,2048.0,2601.0,,174.0,0.4827056320000338,0.5555807010000535,0.2998206805358442,0.9999992954250588,8.295275893680934
synthetic_true_func_2d_ntrain10000000,10000000,Matern-1.5,0.1,Active inverse,btab_auto_topk_4096,4096.0,5329.0,,88.0,1.0385965370001031,1.1114181240000107,0.2998206800927435,0.9999992939471741,4.146679900642015
synthetic_true_func_2d_ntrain10000000,10000000,Matern-1.5,0.1,Box-EigenPro,btab_boxeig_topk_2048_q192,2048.0,2601.0,192.0,510.0,1.215266660999987,1.287901430999682,0.2998206809150431,0.9999992966898102,3.578453354479763
synthetic_true_func_2d_ntrain10000000,10000000,Matern-1.5,0.1,Box-EigenPro,btab_boxeig_topk_4096_q192,4096.0,5329.0,192.0,602.0,2.243321787999776,2.3163988520000203,0.2998206814567358,0.9999992984965312,1.9895948368394627
synthetic_true_func_2d_ntrain10000000,10000000,Matern-1.5,0.1,Box-EigenPro,btab_boxeig_topk_4096_q256,4096.0,5329.0,256.0,416.0,1.1847239759999866,1.2682697440000084,0.2998206817992346,0.9999992996388759,3.6338446279296153
synthetic_true_func_2d_ntrain10000000,10000000,Matern-1.5,0.1,Box-EigenPro,btab_boxeig_topk_8192_q192,8192.0,10609.0,192.0,675.0,1.5035205720000704,1.5841793989998223,0.299820682249574,0.999999301140904,2.9092003083172373
synthetic_true_func_2d_ntrain10000000,10000000,Matern-1.5,0.1,Box-EigenPro,btab_boxeig_topk_8192_q256,8192.0,10609.0,256.0,476.0,1.2771234389997517,1.362119007999809,0.2998206825857623,0.999999302262201,3.3834746956271426
synthetic_true_func_2d_ntrain10000000,10000000,Matern-1.5,0.1,Box-EigenPro,btab_boxeig_topk_8192_q320,8192.0,10609.0,320.0,365.0,1.2101993390001553,1.2828844350001418,0.2998206827652528,0.9999993028608603,3.592447667353287
synthetic_true_func_2d_ntrain10000000,10000000,Matern-1.5,0.1,Box-EigenPro,btab_boxeig_topk_16384_q192,16384.0,21025.0,192.0,746.0,1.6271189179997236,1.6999746209999105,0.2998206829774936,0.9999993035687521,2.7110376467204573
synthetic_true_func_2d_ntrain10000000,10000000,Matern-1.5,0.1,Box-EigenPro,btab_boxeig_topk_16384_q256,16384.0,21025.0,256.0,529.0,2.6193075529999987,2.704236079000111,0.2998206830884441,0.9999993039388082,1.704250317414654
synthetic_true_func_2d_ntrain10000000,10000000,Matern-1.5,0.1,Box-EigenPro,btab_boxeig_topk_16384_q320,16384.0,21025.0,320.0,398.0,1.2842616419998194,1.3692691960000047,0.2998206836156898,0.9999993056973436,3.365806526184412
synthetic_true_func_2d_ntrain10000000,10000000,SE,0.1,Active inverse,btab_auto_topk_512,512.0,625.0,,24.0,0.0531261070000255,0.1157743480002864,0.2999590337788465,1.000000718632056,19.744570748902557
synthetic_true_func_2d_ntrain10000000,10000000,SE,0.1,Active inverse,btab_auto_topk_1024,1024.0,1225.0,,4.0,0.0463172539998595,0.1087725839997801,0.299959033916288,1.0000007190902573,21.015541977051328
synthetic_true_func_2d_ntrain10000000,10000000,SE,0.1,Box-EigenPro,btab_boxeig_topk_256_q128,256.0,361.0,128.0,251.0,0.6630520310000065,0.7258371689999876,0.2999590340879634,1.0000007196625873,3.1493493342991905
synthetic_true_func_2d_ntrain10000000,10000000,SE,0.1,Box-EigenPro,btab_boxeig_topk_512_q128,512.0,625.0,128.0,220.0,0.6156289129999095,0.6780785490000198,0.2999590365085907,1.0000007277324527,3.3711651966734806
synthetic_true_func_2d_ntrain10000000,10000000,SE,0.1,Box-EigenPro,btab_boxeig_topk_512_q256,512.0,625.0,256.0,24.0,0.5122179830000277,0.5749009470000601,0.2999590342975283,1.0000007203612329,3.9761889712098197
synthetic_true_func_2d_ntrain10000000,10000000,SE,0.1,Box-EigenPro,btab_boxeig_topk_768_q128,768.0,961.0,128.0,143.0,0.4880399900002885,0.5506660040000497,0.2999590383456843,1.0000007338569388,4.151182002147919
synthetic_true_func_2d_ntrain10000000,10000000,SE,0.1,Box-EigenPro,btab_boxeig_topk_768_q256,768.0,961.0,256.0,16.0,0.487390631999915,0.5497103640000205,0.2999590342340519,1.000000720149616,4.158398594427147
synthetic_true_func_2d_ntrain100000000,100000000,Matern-1.5,0.1,Active inverse,btab_auto_topk_2048,2048.0,2601.0,,392.0,0.8194180890000098,1.3462397120001697,0.300015702113684,0.9999999688804192,7.798040150964542
synthetic_true_func_2d_ntrain100000000,100000000,Matern-1.5,0.1,Active inverse,btab_auto_topk_4096,4096.0,5329.0,,187.0,1.2257324239999434,1.7527817459999824,0.3000157021256962,0.9999999689204578,5.989354550820596
synthetic_true_func_2d_ntrain100000000,100000000,Matern-1.5,0.1,Box-EigenPro,btab_boxeig_topk_20480_q320,20480.0,25921.0,320.0,769.0,2.030465525000181,2.557630281999991,0.3000157086468457,0.9999999906564844,4.104592990192122
synthetic_true_func_2d_ntrain100000000,100000000,Matern-1.5,0.1,Box-EigenPro,btab_boxeig_topk_20480_q384,20480.0,25921.0,384.0,613.0,1.852340136999828,2.379184342999906,0.3000157088552158,0.9999999913510149,4.4124497363509585
synthetic_true_func_2d_ntrain100000000,100000000,Matern-1.5,0.1,Box-EigenPro,btab_boxeig_topk_32768_q192,32768.0,35721.0,192.0,916.0,2.0192712899997787,2.5455669459997807,0.3000157081380328,0.9999999889605302,4.124044485845225
synthetic_true_func_2d_ntrain100000000,100000000,Matern-1.5,0.1,Box-EigenPro,btab_boxeig_topk_32768_q256,32768.0,35721.0,256.0,636.0,1.6131166969998958,2.1400467369999205,0.3000157104740278,0.9999999967467724,4.905514980349073
synthetic_true_func_2d_ntrain100000000,100000000,Matern-1.5,0.1,Box-EigenPro,btab_boxeig_topk_32768_q320,32768.0,35721.0,320.0,500.0,1.5264806499999397,2.05359766499987,0.3000157104381098,0.9999999966270521,5.112019508943553
synthetic_true_func_2d_ntrain100000000,100000000,Matern-1.5,0.1,Box-EigenPro,btab_boxeig_topk_32768_q384,32768.0,35721.0,384.0,394.0,1.4827068260001397,2.0093748439999217,0.3000157120095615,1.00000000186495,5.22452610489667
synthetic_true_func_2d_ntrain100000000,100000000,Matern-1.5,0.1,Box-EigenPro,btab_boxeig_topk_32768_q448,32768.0,35721.0,448.0,326.0,1.5453941109999505,2.07214293800007,0.3000157126874829,1.0000000041245698,5.066267936676437
synthetic_true_func_2d_ntrain100000000,100000000,Matern-1.5,0.1,Box-EigenPro,btab_boxeig_topk_35721_q192,35721.0,35721.0,192.0,921.0,3.482179166999685,4.009207382000113,0.3000157079528359,0.9999999883432394,2.6184804942075623
synthetic_true_func_2d_ntrain100000000,100000000,Matern-1.5,0.1,Box-EigenPro,btab_boxeig_topk_35721_q256,35721.0,35721.0,256.0,647.0,1.643019613999968,2.169490675000361,0.3000157096992605,0.99999999416435,4.838938211614353
synthetic_true_func_2d_ntrain100000000,100000000,Matern-1.5,0.1,Box-EigenPro,btab_boxeig_topk_35721_q320,35721.0,35721.0,320.0,491.0,1.502183049999985,2.0292846369998188,0.3000157112870532,0.9999999994567151,5.173267039818033
synthetic_true_func_2d_ntrain100000000,100000000,Matern-1.5,0.1,Box-EigenPro,btab_boxeig_topk_35721_q384,35721.0,35721.0,384.0,415.0,1.565813372000321,2.0924968490003266,0.3000157095508349,0.9999999936696239,5.016987878388258
synthetic_true_func_2d_ntrain100000000,100000000,Matern-1.5,0.1,Box-EigenPro,btab_boxeig_topk_35721_q448,35721.0,35721.0,448.0,326.0,1.5406416319997334,2.067602000000079,0.3000157126802452,1.0000000041004453,5.077394647035486
synthetic_true_func_2d_ntrain100000000,100000000,SE,0.1,Active inverse,btab_auto_topk_512,512.0,625.0,,55.0,0.1054206259996135,0.6157769029996416,0.300030815090645,1.0000009757724806,7.231705187881678
synthetic_true_func_2d_ntrain100000000,100000000,SE,0.1,Active inverse,btab_auto_topk_1024,1024.0,1225.0,,3.0,0.0448806919998787,0.5549312200000713,0.3000308149421985,1.0000009752777093,8.024628753090607
synthetic_true_func_2d_ntrain100000000,100000000,SE,0.1,Box-EigenPro,btab_boxeig_topk_256_q128,256.0,361.0,128.0,502.0,1.078790994999963,1.589047070000106,0.3000308146636967,1.0000009743494642,2.802382074182311
synthetic_true_func_2d_ntrain100000000,100000000,SE,0.1,Box-EigenPro,btab_boxeig_topk_512_q128,512.0,625.0,128.0,413.0,1.2804256039999018,1.7909754459997205,0.300030818668195,1.000000987696434,2.4864199193498693
synthetic_true_func_2d_ntrain100000000,100000000,SE,0.1,Box-EigenPro,btab_boxeig_topk_512_q256,512.0,625.0,256.0,61.0,0.57286285400005,1.0830742810003358,0.300030815317068,1.0000009765271471,4.1115527366112765
synthetic_true_func_2d_ntrain100000000,100000000,SE,0.1,Box-EigenPro,btab_boxeig_topk_768_q128,768.0,961.0,128.0,266.0,0.6911680779999188,1.2013255239999123,0.3000308207780862,1.0000009947286892,3.7068362696342296
synthetic_true_func_2d_ntrain100000000,100000000,SE,0.1,Box-EigenPro,btab_boxeig_topk_768_q256,768.0,961.0,256.0,32.0,0.5864332369997101,1.0966968570000972,0.3000308138061825,1.0000009714913745,4.060481249286398
synthetic_true_func_2d_ntrain3000000,3000000,Matern-1.5,0.1,Active inverse,btab_auto_topk_512,512.0,625.0,,359.0,0.5695061279998299,0.6054838539998855,0.2995611848426407,0.9999953403127678,5.010055419249004
synthetic_true_func_2d_ntrain3000000,3000000,Matern-1.5,0.1,Active inverse,btab_auto_topk_728,728.0,961.0,,283.0,0.4595247909996942,0.4968215429998963,0.2995611843320902,0.9999953386084478,6.10582956142168
synthetic_true_func_2d_ntrain3000000,3000000,Matern-1.5,0.1,Active inverse,btab_auto_topk_1024,1024.0,1369.0,,188.0,0.3422932789999322,0.3844376339998234,0.2995611843810068,0.9999953387717413,7.890766656839045
synthetic_true_func_2d_ntrain3000000,3000000,Matern-1.5,0.1,Active inverse,btab_auto_topk_2048,2048.0,2601.0,,111.0,0.3995819670003584,0.4411022660001436,0.2995611842555524,0.9999953383529492,6.877107414358446
synthetic_true_func_2d_ntrain3000000,3000000,Matern-1.5,0.1,Active inverse,btab_auto_topk_4096,4096.0,5329.0,,54.0,0.9981912089997422,1.0398002739998446,0.2995611840826372,0.9999953377757237,2.917394561102368
synthetic_true_func_2d_ntrain3000000,3000000,Matern-1.5,0.1,Box-EigenPro,btab_boxeig_topk_2048_q192,2048.0,2601.0,192.0,376.0,0.9990763470000276,1.034491782999794,0.2995611858731815,0.9999953437529197,2.9323651611841783
synthetic_true_func_2d_ntrain3000000,3000000,Matern-1.5,0.1,Box-EigenPro,btab_boxeig_topk_4096_q192,4096.0,5329.0,192.0,432.0,1.1231752960002268,1.1595373620002647,0.2995611854888159,0.9999953424698302,2.6161361965663046
synthetic_true_func_2d_ntrain3000000,3000000,Matern-1.5,0.1,Box-EigenPro,btab_boxeig_topk_4096_q256,4096.0,5329.0,256.0,306.0,1.0244043920001786,1.0668254850002086,0.2995611860027579,0.9999953441854718,2.8434900615439513
synthetic_true_func_2d_ntrain3000000,3000000,Matern-1.5,0.1,Box-EigenPro,btab_boxeig_topk_8192_q192,8192.0,10609.0,192.0,468.0,1.218358328999784,1.261031948999971,0.2995611856383444,0.9999953429689863,2.4055755814954125
synthetic_true_func_2d_ntrain3000000,3000000,Matern-1.5,0.1,Box-EigenPro,btab_boxeig_topk_8192_q256,8192.0,10609.0,256.0,334.0,1.0863947190000545,1.1288474230000247,0.2995611855883189,0.9999953428019912,2.687261008168889
synthetic_true_func_2d_ntrain3000000,3000000,Matern-1.5,0.1,Box-EigenPro,btab_boxeig_topk_8192_q320,8192.0,10609.0,320.0,253.0,1.0447723069996755,1.08713055599992,0.2995611863732813,0.9999953454223531,2.790380278852287
synthetic_true_func_2d_ntrain3000000,3000000,Matern-1.5,0.1,Box-EigenPro,btab_boxeig_topk_16384_q192,16384.0,21025.0,192.0,456.0,1.2167401010001413,1.259453054000005,0.2995611861554056,0.9999953446950405,2.4085912963294036
synthetic_true_func_2d_ntrain3000000,3000000,Matern-1.5,0.1,Box-EigenPro,btab_boxeig_topk_16384_q256,16384.0,21025.0,256.0,318.0,1.2183308230000875,1.2610748850001985,0.2995611865852678,0.9999953461300067,2.4054936785133276
synthetic_true_func_2d_ntrain3000000,3000000,Matern-1.5,0.1,Box-EigenPro,btab_boxeig_topk_16384_q320,16384.0,21025.0,320.0,243.0,1.356357202000254,1.394584954000038,0.299561186632796,0.9999953462886654,2.1752046408495933
synthetic_true_func_2d_ntrain3000000,3000000,SE,0.1,Active inverse,btab_auto_topk_512,512.0,625.0,,16.0,0.0409647050000785,0.0728493219999109,0.2999783564407239,1.000000507784752,22.212576199435205
synthetic_true_func_2d_ntrain3000000,3000000,SE,0.1,Active inverse,btab_auto_topk_1024,1024.0,1225.0,,5.0,0.0486990279996462,0.0800013299999591,0.2999783565150736,1.0000005080326024,20.22680267941845
synthetic_true_func_2d_ntrain3000000,3000000,SE,0.1,Box-EigenPro,btab_boxeig_topk_256_q128,256.0,361.0,128.0,180.0,0.5677871740003866,0.5992861290001201,0.2999783575771668,1.0000005115731703,2.700164475189927
synthetic_true_func_2d_ntrain3000000,3000000,SE,0.1,Box-EigenPro,btab_boxeig_topk_512_q128,512.0,625.0,128.0,148.0,1.4250861599998643,1.4567610009999044,0.299978357183815,1.0000005102619023,1.1108006837700335
synthetic_true_func_2d_ntrain3000000,3000000,SE,0.1,Box-EigenPro,btab_boxeig_topk_512_q256,512.0,625.0,256.0,16.0,0.5795851230000153,0.6112765050002054,0.2999783571803583,1.0000005102503793,2.6471999214163624
synthetic_true_func_2d_ntrain3000000,3000000,SE,0.1,Box-EigenPro,btab_boxeig_topk_768_q128,768.0,961.0,128.0,98.0,0.4157710270001189,0.4474663060000239,0.2999783580724781,1.000000513224328,3.6162971251742158
synthetic_true_func_2d_ntrain3000000,3000000,SE,0.1,Box-EigenPro,btab_boxeig_topk_768_q256,768.0,961.0,256.0,7.0,0.4708113100000446,0.502254580999761,0.2999783564312178,1.0000005077530627,3.2218145482698595
synthetic_true_func_2d_ntrain30000000,30000000,Matern-1.5,0.1,Active inverse,btab_auto_topk_512,512.0,625.0,,817.0,1.2415530569996918,1.415304193999873,0.3000031599415331,0.9999998296964648,4.954780731046646
synthetic_true_func_2d_ntrain30000000,30000000,Matern-1.5,0.1,Active inverse,btab_auto_topk_728,728.0,961.0,,541.0,0.8487808230001974,1.0226022070000909,0.3000031603483759,0.9999998310525929,6.857526710774497
synthetic_true_func_2d_ntrain30000000,30000000,Matern-1.5,0.1,Active inverse,btab_auto_topk_1024,1024.0,1369.0,,435.0,0.7206836469999871,0.8945930810000391,0.3000031598017194,0.9999998292304242,7.838784021402205
synthetic_true_func_2d_ntrain30000000,30000000,Matern-1.5,0.1,Active inverse,btab_auto_topk_2048,2048.0,2601.0,,262.0,0.6159060959998897,0.7900717830002577,0.3000031602134351,0.9999998306027952,8.875803566063803
synthetic_true_func_2d_ntrain30000000,30000000,Matern-1.5,0.1,Active inverse,btab_auto_topk_4096,4096.0,5329.0,,127.0,1.1035516570000254,1.2772000209997714,0.3000031601115861,0.9999998302633022,5.490543245928532
synthetic_true_func_2d_ntrain30000000,30000000,Matern-1.5,0.1,Box-EigenPro,btab_boxeig_topk_2048_q192,2048.0,2601.0,192.0,650.0,1.7332469970001512,1.907196428000134,0.300003162600916,0.9999998385609796,3.67687451908314
synthetic_true_func_2d_ntrain30000000,30000000,Matern-1.5,0.1,Box-EigenPro,btab_boxeig_topk_4096_q192,4096.0,5329.0,192.0,755.0,1.636065456000324,1.8241204910000304,0.3000031623775079,0.999999837816294,3.8443304505370843
synthetic_true_func_2d_ntrain30000000,30000000,Matern-1.5,0.1,Box-EigenPro,btab_boxeig_topk_4096_q256,4096.0,5329.0,256.0,531.0,1.3708090599998286,1.544450735999817,0.3000031622261001,0.9999998373116066,4.540463341137548
synthetic_true_func_2d_ntrain30000000,30000000,Matern-1.5,0.1,Box-EigenPro,btab_boxeig_topk_8192_q192,8192.0,10609.0,192.0,885.0,1.8491896769996856,2.02328661699994,0.3000031620296335,0.9999998366567251,3.4659063575471087
synthetic_true_func_2d_ntrain30000000,30000000,Matern-1.5,0.1,Box-EigenPro,btab_boxeig_topk_8192_q256,8192.0,10609.0,256.0,636.0,1.5420058629997584,1.7216033419999803,0.3000031619052948,0.9999998362422672,4.073250659965409
synthetic_true_func_2d_ntrain30000000,30000000,Matern-1.5,0.1,Box-EigenPro,btab_boxeig_topk_8192_q320,8192.0,10609.0,320.0,493.0,1.418157204000181,1.592021147000196,0.3000031617838238,0.9999998358373682,4.404791960341473
synthetic_true_func_2d_ntrain30000000,30000000,Matern-1.5,0.1,Box-EigenPro,btab_boxeig_topk_16384_q192,16384.0,21025.0,192.0,1042.0,2.115905895999731,2.2897041440000976,0.3000031632256447,0.9999998406433863,3.0626323350008207
synthetic_true_func_2d_ntrain30000000,30000000,Matern-1.5,0.1,Box-EigenPro,btab_boxeig_topk_16384_q256,16384.0,21025.0,256.0,727.0,1.7028389970000717,1.8787320980000004,0.3000031638215995,0.9999998426298811,3.7325821794737193
synthetic_true_func_2d_ntrain30000000,30000000,Matern-1.5,0.1,Box-EigenPro,btab_boxeig_topk_16384_q320,16384.0,21025.0,320.0,549.0,1.5746899040000244,1.7602575629998682,0.3000031644416984,0.9999998446968553,3.9838044706646145
synthetic_true_func_2d_ntrain30000000,30000000,SE,0.1,Active inverse,btab_auto_topk_512,512.0,625.0,,36.0,0.0734505549999084,0.235608699000295,0.3000533201884979,1.0000008242110392,13.5941262550595
synthetic_true_func_2d_ntrain30000000,30000000,SE,0.1,Active inverse,btab_auto_topk_1024,1024.0,1225.0,,3.0,0.0471081330001652,0.2092632040003081,0.3000533201983581,1.0000008242439007,15.305578523951135
synthetic_true_func_2d_ntrain30000000,30000000,SE,0.1,Box-EigenPro,btab_boxeig_topk_256_q128,256.0,361.0,128.0,340.0,0.8228537149998374,0.9850615790001028,0.3000533209417987,1.0000008267215976,3.251466171537675
synthetic_true_func_2d_ntrain30000000,30000000,SE,0.1,Box-EigenPro,btab_boxeig_topk_512_q128,512.0,625.0,128.0,304.0,1.3778466839999055,1.5399901400001,0.3000533237738048,1.0000008361599482,2.0798148753083012
synthetic_true_func_2d_ntrain30000000,30000000,SE,0.1,Box-EigenPro,btab_boxeig_topk_512_q256,512.0,625.0,256.0,39.0,0.533828977000212,0.7127671490002285,0.300053320274205,1.000000824496679,4.493605528106759
synthetic_true_func_2d_ntrain30000000,30000000,SE,0.1,Box-EigenPro,btab_boxeig_topk_768_q128,768.0,961.0,128.0,203.0,0.5888466030000927,0.7515652540000701,0.3000533252218916,1.0000008409860506,4.261631819663688
synthetic_true_func_2d_ntrain30000000,30000000,SE,0.1,Box-EigenPro,btab_boxeig_topk_768_q256,768.0,961.0,256.0,23.0,0.5021725550000156,0.6645015289996081,0.3000533198517421,1.0000008230887185,4.819995532323613
synthetic_true_func_2d_ntrain300000000,300000000,Matern-1.5,0.1,Active inverse,btab_auto_topk_2048,2048.0,2601.0,,508.0,1.0171605220002675,2.548682494000332,0.300012520663495,0.9999999888655522,5.985827893004816
synthetic_true_func_2d_ntrain300000000,300000000,Matern-1.5,0.1,Active inverse,btab_auto_topk_4096,4096.0,5329.0,,246.0,1.3402550420000807,2.871803815000021,0.3000125207250403,0.9999999890706948,5.312331811565671
synthetic_true_func_2d_ntrain300000000,300000000,Matern-1.5,0.1,Box-EigenPro,btab_boxeig_topk_20480_q320,20480.0,25921.0,320.0,874.0,2.2387429710001925,3.7697941810001794,0.3000125290202569,1.0000000167202623,4.046898591941867
synthetic_true_func_2d_ntrain300000000,300000000,Matern-1.5,0.1,Box-EigenPro,btab_boxeig_topk_20480_q384,20480.0,25921.0,384.0,686.0,1.9845028730001104,3.51550585699988,0.300012529359464,1.0000000178509054,4.339624333898753
synthetic_true_func_2d_ntrain300000000,300000000,Matern-1.5,0.1,Box-EigenPro,btab_boxeig_topk_32768_q192,32768.0,35721.0,192.0,1181.0,2.451765203999912,3.982532257999992,0.3000125280239719,1.0000000133994509,3.830722207548858
synthetic_true_func_2d_ntrain300000000,300000000,Matern-1.5,0.1,Box-EigenPro,btab_boxeig_topk_32768_q256,32768.0,35721.0,256.0,856.0,2.019718419000128,3.550868429999809,0.3000125286299211,1.0000000154191975,4.296406657624622
synthetic_true_func_2d_ntrain300000000,300000000,Matern-1.5,0.1,Box-EigenPro,btab_boxeig_topk_32768_q320,32768.0,35721.0,320.0,639.0,1.8235782990000189,3.3544845659998828,0.3000125309796458,1.0000000232512862,4.547934105176861
synthetic_true_func_2d_ntrain300000000,300000000,Matern-1.5,0.1,Box-EigenPro,btab_boxeig_topk_32768_q384,32768.0,35721.0,384.0,502.0,1.6910515069998835,3.222217868999905,0.3000125328898613,1.0000000296184053,4.734619253953594
synthetic_true_func_2d_ntrain300000000,300000000,Matern-1.5,0.1,Box-EigenPro,btab_boxeig_topk_32768_q448,32768.0,35721.0,448.0,410.0,1.707209794999926,3.238416271000005,0.3000125342853839,1.000000034269953,4.710936916793994
synthetic_true_func_2d_ntrain300000000,300000000,Matern-1.5,0.1,Box-EigenPro,btab_boxeig_topk_35721_q192,35721.0,35721.0,192.0,1169.0,2.537711419000061,4.06880652000018,0.3000125284422496,1.0000000147936519,3.7494962436797294
synthetic_true_func_2d_ntrain300000000,300000000,Matern-1.5,0.1,Box-EigenPro,btab_boxeig_topk_35721_q256,35721.0,35721.0,256.0,853.0,2.4538261960001364,3.984753790000013,0.3000125287638702,1.0000000158656757,3.8285865493838247
synthetic_true_func_2d_ntrain300000000,300000000,Matern-1.5,0.1,Box-EigenPro,btab_boxeig_topk_35721_q320,35721.0,35721.0,320.0,634.0,2.354751515999851,3.8860037770000417,0.300012531357888,1.0000000245120408,3.925877492269896
synthetic_true_func_2d_ntrain300000000,300000000,Matern-1.5,0.1,Box-EigenPro,btab_boxeig_topk_35721_q384,35721.0,35721.0,384.0,502.0,1.6982313040002737,3.229001878999952,0.3000125328902749,1.000000029619784,4.724671999176775
synthetic_true_func_2d_ntrain300000000,300000000,Matern-1.5,0.1,Box-EigenPro,btab_boxeig_topk_35721_q448,35721.0,35721.0,448.0,417.0,1.7159406440000566,3.246961296000336,0.3000125333428172,1.0000000311281951,4.6985391485241434
synthetic_true_func_2d_ntrain300000000,300000000,SE,0.1,Active inverse,btab_auto_topk_512,512.0,625.0,,79.0,0.1484325269998407,1.6491915329997937,0.3000178210607844,1.0000011144592642,3.9425458819650436
synthetic_true_func_2d_ntrain300000000,300000000,SE,0.1,Active inverse,btab_auto_topk_1024,1024.0,1225.0,,3.0,0.0447270200002094,1.5459013500003491,0.3000178210388806,1.0000011143862557,4.2059690852837965
synthetic_true_func_2d_ntrain300000000,300000000,SE,0.1,Box-EigenPro,btab_boxeig_topk_256_q128,256.0,361.0,128.0,631.0,1.300126639000155,2.8018035790000795,0.3000178201150766,1.0000011113070886,2.3206527879875227
synthetic_true_func_2d_ntrain300000000,300000000,SE,0.1,Box-EigenPro,btab_boxeig_topk_512_q128,512.0,625.0,128.0,478.0,1.0433332790003078,2.543857980000212,0.3000178223478681,1.0000011187492932,2.55596552092087
synthetic_true_func_2d_ntrain300000000,300000000,SE,0.1,Box-EigenPro,btab_boxeig_topk_512_q256,512.0,625.0,256.0,90.0,0.6263722980002058,2.1272485340000458,0.3000178223889557,1.0000011188862439,3.0565367342261918
synthetic_true_func_2d_ntrain300000000,300000000,SE,0.1,Box-EigenPro,btab_boxeig_topk_768_q128,768.0,961.0,128.0,353.0,1.7608578209997177,3.261851181000111,0.3000178194423508,1.0000011090648,1.993350685302075
synthetic_true_func_2d_ntrain300000000,300000000,SE,0.1,Box-EigenPro,btab_boxeig_topk_768_q256,768.0,961.0,256.0,50.0,0.573984967999877,2.075404626999898,0.3000178219878666,1.0000011175493582,3.1328894628123396
