x,cdf,density_sigmafac_0.002,density_sigmafac_0.005,density_sigmafac_0.01
0.05225399591850612,0.0,0.03563730641311683,0.014294374769653362,0.0071579822885434975
0.0535195472186137,0.0,0.03563734949316439,0.014294378774648392,0.007157982979634923
0.054815749190790505,0.0,0.03563739313830071,0.014294382845912763,0.0071579836836148355
0.05614334417056902,0.0,0.035637437338762644,0.014294386983544974,0.007157984400606683
0.05750309247227332,0.0,0.03563748208340092,0.014294391187572062,0.007157985130727639
0.0588957728244513,0.0,0.035637527359590165,0.014294395457944229,0.00715798587408802
0.0603221828158531,0.0,0.03563757315313405,0.014294399794529195,0.00715798663079063
0.061783139352210414,0.0,0.035637619448165174,0.014294404197106222,0.007157987400930074
0.063279479124079,0.0,0.03563766622703957,0.014294408665359795,0.007157988184592057
0.06481205908601155,0.0,0.03563771347022535,0.014294413198872886,0.007157988981852605
0.06638175694733633,0.0,0.035637761156185443,0.014294417797119999,0.007157989792777248
0.06798947167482139,0.0,0.035637809261253844,0.014294422459459624,0.00715799061742018
0.06963612400751364,0.0,0.035637857759505294,0.014294427185126399,0.0071579914558233294
0.07132265698404626,0.0,0.035637906622617885,0.014294431973222829,0.007157992308015421
0.07305003648271768,0.0,0.035637955819728305,0.014294436822710454,0.007157993174010926
0.07481925177465037,0.0,0.03563800531727927,0.014294441732400647,0.007157994053809024
0.07663131609034705,0.0,0.03563805507885892,0.014294446700944817,0.0071579949473924275
0.07848726719996829,0.0,0.0356381050650315,0.014294451726824108,0.00715799585472621
0.08038816800766392,0.0,0.035638155233159184,0.014294456808338548,0.0071579967757565074
0.08233510716029885,0.0,0.03563820553721427,0.014294461943595562,0.007157997710409185
0.08432919967092176,0.0,0.03563825592758164,0.014294467130497885,0.007157998658588417
0.08637158755733355,0.0,0.035638306350850496,0.014294472366730836,0.007157999620175187
0.08846344049612148,0.0,0.035638356749595375,0.01429447764974888,0.0071580005950256965
0.09060595649253368,0.0,0.03563840706214546,0.014294482976761431,0.007158001582969697
0.09280036256657724,0.0,0.03563845722234183,0.014294488344717986,0.00715800258380872
0.09504791545573332,0.0,0.03563850715928197,0.014294493750292351,0.007158003597314215
0.09734990233469117,0.0,0.03563855679705086,0.014294499189866087,0.0071580046232255804
0.099707641552514,0.0,0.035638606054438034,0.014294504659511072,0.0071580056612480835
0.10212248338765785,0.8775730043383541,0.03563865484463988,0.01429451015497108,0.007158006711050684
0.10459581082127702,0.8775730043383541,0.035638703074946404,0.014294515671642439,0.007158007772263702
0.10712904032925796,0.8775730043383541,0.0356387506464117,0.014294521204553622,0.0071580088444763955
0.1097236226934357,0.8775730043383541,0.03563879745350724,0.014294526748343786,0.007158009927234403
0.1123810438324574,0.8775730043383541,0.03563884338375736,0.014294532297240146,0.007158011020037005
0.11510282565276873,0.8775730043383541,0.03563888831735565,0.014294537845034167,0.00715801212233429
0.11789052692021057,0.8775730043383541,0.035638932126761606,0.014294543385056513,0.007158013233524154
0.12074574415272471,0.8775730043383541,0.035638974676276476,0.014294548910150653,0.007158014352949107
0.12367011253468072,0.8775730043383541,0.035639015821597154,0.014294554412645114,0.007158015479892948
0.1266653068533469,0.8775730043383541,0.03563905540934716,0.014294559884324248,0.007158016613577227
0.12973304245804176,0.8775730043383541,0.035639093276583426,0.014294565316397482,0.007158017753157573
0.13287507624251527,0.8775730043383541,0.035639129250277825,0.014294570699466966,0.007158018897719748
0.13609320765112312,0.9371588683748358,0.03563916314677199,0.01429457602349355,0.007158020046275552
0.13938927970936915,0.9390296155644581,0.0356391947712043,0.01429458127776094,0.007158021197758499
0.1427651800794072,0.9390296155644581,0.03563922391690742,0.01429458645083804,0.007158022351019234
0.1462228421411061,0.9390296155644581,0.035639250364775166,0.014294591530539321,0.007158023504820754
0.14976424609929728,0.9390296155644581,0.03563927388259683,0.014294596503883135,0.007158024657833331
0.15339142011783916,0.9390296155644581,0.035639294224357784,0.014294601357047855,0.007158025808629213
0.15710644148114758,0.9390296155644581,0.03563931112950425,0.014294606075325806,0.007158026955676994
0.16091143778385764,0.9390296155644581,0.03563932432217068,0.014294610643074739,0.0071580280973357405
0.16480858814929833,0.9390296155644581,0.03563933351036794,0.01429461504366688,0.007158029231848785
0.16880012447747744,0.9390296155644581,0.03563933838513003,0.014294619259435277,0.007158030357337185
0.17288833272329196,0.9390296155644581,0.03563933861961779,0.014294623271617464,0.007158031471792862
0.17707555420569548,0.9390296155644581,0.03563933386817674,0.01429462706029621,0.007158032573071375
0.18136418694857295,0.9390296155644581,0.03563932376534766,0.014294630604337178,0.007158033658884313
0.18575668705408993,0.9390296155644581,0.03563930792482666,0.014294633881323465,0.007158034726791296
0.1902555701093038,0.9390296155644581,0.03563928593837295,0.014294636867486747,0.007158035774191564
0.19486341262684162,0.9390296155644581,0.035639257374661226,0.014294639537634912,0.007158036798315133
0.1995828535204702,0.9390296155644581,0.03563922177807623,0.014294641865076013,0.00715803779621347
0.20441659561640355,0.9390296155644581,0.035639178667446474,0.014294643821538316,0.007158038764749726
0.20936740720121264,0.9390296155644581,0.0356391275347141,0.014294645377086312,0.0071580397005884325
0.21443812360722458,0.9390296155644581,0.035639067843537785,0.014294646500032404,0.007158040600184681
0.21963164883631892,0.9390296155644581,0.0356389990278254,0.014294647156844136,0.007158041459772743
0.22495095722305106,0.9390296155644581,0.03563892049019274,0.014294647312046717,0.007158042275354102
0.2303990951380551,0.9396315118744423,0.03563883160034495,0.014294646928120555,0.007158043042684878
0.23597918273270185,0.9583800720355566,0.03563873169337672,0.014294645965393659,0.007158043757262609
0.24169441572601116,0.9583800720355566,0.03563862006798701,0.014294644381928482,0.007158044414312339
0.24754806723484188,0.9583800720355566,0.035638495984604585,0.01429464213340318,0.007158045008772022
0.25354348964840745,0.9583800720355566,0.035638358663419384,0.014294639172986739,0.0071580455352771395
0.25968411654819096,0.9583800720355566,0.03563820728231552,0.014294635451207828,0.007158045988144588
0.2659734646743591,0.9583800720355566,0.035638040974700885,0.014294630915817091,0.007158046361355683
0.27241513593980093,0.9583800720355566,0.03563785882722816,0.014294625511642357,0.007158046648538358
0.27901281949294526,0.9583800720355566,0.03563765987740227,0.01429461918043671,0.007158046842948399
0.28577029383053804,0.9583800720355566,0.03563744311106809,0.014294611860718748,0.007158046937449783
0.29269142896158895,0.9583800720355566,0.03563720745977316,0.014294603487604893,0.007158046924493959
0.29978018862372796,0.9583800720355566,0.03563695179799888,0.014294593992633256,0.007158046796098136
0.3070406325532399,0.9583800720355566,0.03563667494025369,0.014294583303578605,0.007158046543822411
0.31447691881007694,0.9583800720355566,0.03563637563802185,0.014294571344258043,0.007158046158745803
0.32209330615918247,0.9583800720355566,0.03563605257656024,0.014294558034326976,0.007158045631441
0.3298941565094873,0.9583800720355566,0.03563570437153619,0.014294543289064768,0.007158044951947895
0.3378839374119774,0.9583800720355566,0.03563532956549819,0.014294527019149706,0.007158044109745756
0.34606722461826284,0.9583800720355566,0.03563492662417162,0.014294509130422637,0.00715804309372397
0.3544487047011125,0.9583800720355566,0.0356344939325707,0.014294489523638808,0.0071580418921513515
0.36303317773845734,0.9583800720355566,0.03563402979091788,0.01429446809420724,0.0071580404926438815
0.3718255600623971,0.9583800720355566,0.035633532410361046,0.014294444731917122,0.0071580388821308166
0.38083088707478635,0.9583800720355566,0.03563299990847908,0.014294419320650432,0.0071580370468191
0.39005431613101144,0.9628751026954108,0.03563243030456501,0.014294391738080262,0.007158034972155973
0.3995011294936113,0.9678840400760421,0.03563182151467618,0.014294361855354085,0.007158032642789731
0.4091767373574307,0.9678840400760421,0.03563117134644021,0.014294329536761161,0.007158030042528463
0.419086680948043,0.9678840400760421,0.035630477493604686,0.014294294639383347,0.007158027154296762
0.42923663569521153,0.9678840400760421,0.03562973753031823,0.014294257012728568,0.0071580239600902386
0.4396324144832124,0.9678840400760421,0.03562894890513,0.014294216498345901,0.007158020440927755
0.4502799709798748,0.9678840400760421,0.03562810893469394,0.014294172929421606,0.007158016576801289
0.4611854030462515,0.9678840400760421,0.03562721479716355,0.014294126130354927,0.007158012346623217
0.472354956228865,0.9678840400760421,0.03562626352526218,0.014294075916312895,0.007158007728171057
0.4837950273365369,0.9678840400760421,0.03562525199901338,0.014294022092762853,0.007158002698029365
0.4955121681038422,0.9678840400760421,0.035624176938114725,0.014293964454981876,0.007157997231528759
0.5075130889432926,0.9678840400760421,0.03562303489393814,0.014293902787541722,0.007157991302681886
0.5198046627883911,0.9678840400760421,0.03562182224113883,0.014293836863768191,0.007157984884116197
0.5323939290297668,0.9678840400760421,0.035620535168853926,0.014293766445173722,0.007157977947003357
0.545288097546636,0.9678840400760421,0.03561916967147144,0.014293691280861769,0.007157970460985121
0.5584945528359038,0.9678840400760421,0.03561772153894885,0.014293611106901628,0.007157962394095546
0.5720208582412702,0.9678840400760421,0.03561618634665993,0.014293525645672307,0.007157953712679281
0.5858747602847599,0.9678840400760421,0.03561455944474742,0.014293434605173856,0.007157944381305808
0.6000641931031603,0.9678840400760421,0.03561283594695814,0.014293337678304591,0.007157934362679406
0.6145972829919042,0.972578059727893,0.0356110107189359,0.01429323454210255,0.007157923617544629
0.6294823530590058,0.9736898425642813,0.035609078365946796,0.014293124856949363,0.007157912104587078
0.6447279279917061,0.9736898425642813,0.035607033220009986,0.01429300826573481,0.007157899780329231
0.6603427389385683,0.9736898425642813,0.03560486932640614,0.014292884392980026,0.007157886599021102
0.6763357285098086,0.9736898425642813,0.03560258042953437,0.014292752843917374,0.007157872512525455
0.6927160558987361,0.9736898425642813,0.03560015995808709,0.014292613203524923,0.0071578574701973065
0.7094931021272248,0.9736898425642813,0.03559760100951121,0.01429246503551319,0.007157841418757463
0.7266764754182325,0.9736898425642813,0.035594896333722384,0.014292307881261922,0.007157824302159752
0.7442760166984322,0.9736898425642813,0.03559203831603776,0.014292141258704445,0.007157806061451684
0.7623018052341182,0.9736898425642813,0.03558901895929124,0.014291964661156956,0.007157786634628187
0.780764164403606,0.9736898425642813,0.03558582986509365,0.014291777556090195,0.007157765956478083
0.7996736676094354,0.9736898425642813,0.03558246221419866,0.0142915793838406,0.007157743958422967
0.8190411443337661,0.9736898425642813,0.035578906745933565,0.014291369556257998,0.007157720568348091
0.8388776863404243,0.9736898425642813,0.03557515373665289,0.014291147455286764,0.007157695710424861
0.8591946540271652,0.9736898425642813,0.03557119297717005,0.014290912431477247,0.0071576693049245415
0.880003682931775,0.9738087377784913,0.03556701374912168,0.014290663802424027,0.0071576412680227665
0.9013166903957528,0.977210655315197,0.035562604800216606,0.014290400851127398,0.007157611511594332
0.9231458823893747,0.9775588787775089,0.0355579543183198,0.014290122824274491,0.007157579942997855
0.9455037605020625,0.9775588787775089,0.03555304990431999,0.014289828930436028,0.007157546464849793
0.9684031291020476,0.9775588787775089,0.03554787854372735,0.01428951833817464,0.007157510974787253
0.9918571026694418,0.9775588787775089,0.0355424265769458,0.014289190174060494,0.0071574733652191415
1.0158791133069036,0.9775588787775089,0.03553667966816248,0.014288843520589725,0.00715743352306493
1.0404829184322144,0.9775588787775089,0.03553062277279497,0.01428847741400101,0.007157391329480606
1.065682608657154,0.9775588787775089,0.035524240103434516,0.014288090841985282,0.00715734665957103
1.0914926158572058,0.9775588787775089,0.03551751509422177,0.014287682741283577,0.007157299382088133
1.1179277214366952,0.9775588787775089,0.035510430363589175,0.014287251995167484,0.007157249359114194
1.14500306479411,0.9775588787775089,0.035502967675302234,0.014286797430796616,0.00715719644572952
1.172734151992442,0.9775588787775089,0.03549510789772975,0.01428631781644723,0.007157140489663714
1.2011368646395137,0.9775588787775089,0.035486830961270865,0.014285811858605744,0.0071570813309298036
1.2302274689833883,0.9784935297554078,0.03547811581386526,0.014285278198920722,0.007157018801440267
1.2600226252280535,0.9803660819723459,0.035468940374510066,0.014284715411006545,0.00715695272460422
1.2905393970747325,0.9803660819723459,0.035459281484705986,0.014284121997091672,0.00715688291490472
1.3217952614942716,0.9803660819723459,0.03544911485775269,0.014283496384504147,0.007156809177455299
1.3538081187362134,0.9803660819723459,0.035438415025812,0.014282836921986493,0.007156731307534651
1.3865963025802748,0.9803660819723459,0.03542715528465606,0.014282141875831966,0.007156649090098459
1.4201785908361166,0.9803660819723459,0.03541530763601566,0.014281409425833695,0.007156562299267198
1.4545742160974005,0.9803660819723459,0.035402842727443304,0.014280637661037831,0.007156470697788794
1.4898028767563092,0.9803660819723459,0.03538972978960413,0.014279824575291374,0.007156374036474856
1.525884748284822,0.9803660819723459,0.035375936570907124,0.014278968062575212,0.007156272053609261
1.562840494789221,0.9803660819723459,0.03536142926938868,0.014278065912111984,0.007156164474327666
1.6006912808444322,0.9803660819723459,0.03534617246176036,0.01427711580323843,0.0071560510099666205
1.6394587836149934,0.9814483126862247,0.035330129029533024,0.014276115300031145,0.007155931357380734
1.6791652052695702,0.9825217672835054,0.035313260082130066,0.014275061845674116,0.007155805198226359
1.7198332856961562,0.9825217672835054,0.035295524876904086,0.01427395275655621,0.007155672198210218
1.7614863155252158,0.9825217672835054,0.03527688073597263,0.014272785216085928,0.007155532006301179
1.8041481494682376,0.9825217672835054,0.035257282959791504,0.014271556268210436,0.007155384253903497
1.847843219979345,0.9825217672835054,0.0352366847373875,0.014270262810625151,0.0071552285539895535
1.89259655124777,0.9825217672835054,0.03521503705317574,0.014268901587659812,0.007155064500190228
1.9384337735292245,0.9825217672835054,0.03519228859029277,0.014267469182826032,0.007154891665840788
1.9853811378243547,0.9825217672835054,0.0351683856303819,0.014265962011011048,0.0071547096029801575
2.033465530912709,0.9825217672835054,0.03514327194977483,0.014264376310301537,0.007154517841301363
2.0827144907508046,0.982627410293298,0.035116888712022,0.014262708133420782,0.007154315887050732
2.133156222243135,0.9842160221831497,0.035089174356734164,0.014260953338761786,0.007154103221873416
2.184819613395127,0.9842670989279879,0.03506006448470936,0.014259107580998234,0.007153879301602664
2.2377342518573227,0.9842670989279879,0.035029491739332605,0.01425716630125451,0.007153643554990117
2.2919304418702344,0.9842670989279879,0.034997385684251175,0.014255124716815209,0.007153395382374302
2.347439221619609,0.9842670989279879,0.03496367267734585,0.014252977810353874,0.0071531341542843685
2.4042923810120005,0.9842670989279879,0.034928275741038614,0.014250720318659944,0.007152859209975969
2.462522479880877,0.9842670989279879,0.034891114428999254,0.014248346720841973,0.007152569855896008
2.5221628666336486,0.9842670989279879,0.03485210468933991,0.014245851225984714,0.007152265364072933
2.5832476973503136,0.9842670989279879,0.034811158724414155,0.014243227760236427,0.0071519449704289155
2.6458119553446737,0.9852764090224821,0.0347681848473702,0.01424046995330239,0.007151607873010321
2.7098914711992834,0.9855891081544745,0.034723087335643464,0.014237571124319415,0.007151253230132483
2.775522943285654,0.9855891081544745,0.03467576628161394,0.01423452426708569,0.0071508801584347775
2.8427439587814196,0.9855891081544745,0.03462611744069873,0.014231322034619118,0.007150487730841737
2.9115930151965417,0.9855891081544745,0.034574032077199446,0.014227956723016816,0.00715007497442577
2.9821095424208504,0.9855891081544745,0.03451939680827949,0.014224420254587386,0.007149640868166798
3.0543339253055537,0.9855891081544745,0.03446209344650709,0.014220704160226933,0.007149184340604045
3.128307526791678,0.9855891081544745,0.0344019988414669,0.014216799561009059,0.007148704267374867
3.2040727115986334,0.9859331557526134,0.03433898472101703,0.01421269714895809,0.007148199468635296
3.2816728704865192,0.986770377936917,0.03427291753284987,0.01420838716697443,0.007147668706356872
3.3611524451060197,0.986770377936917,0.03420365828710383,0.014203859387879948,0.007147110681493893
3.4425569534501785,0.986770377936917,0.03413106240087098,0.014199103092550925,0.007146524031015142
3.525933015922566,0.986770377936917,0.03405497954555206,0.01419410704710534,0.007145907324793785
3.61132838203681,0.986770377936917,0.03397525349812666,0.014188859479111015,0.007145259062348861
3.69879195776277,0.986770377936917,0.033891721997532764,0.014183348052780518,0.0071445776694316
3.788373833534998,0.986770377936917,0.03380421660748708,0.014177559843118605,0.007143861494449408
3.880125312939576,0.9872376939568174,0.03371256258722666,0.01417148130898774,0.007143108804720114
3.9740989420956945,0.9877148091701863,0.033616578771812566,0.014165098265057198,0.0071423177825487415
4.070348539748844,0.9877148091701863,0.03351607746381033,0.014158395852601396,0.007141486521118803
4.168929228092829,0.9877148091701863,0.033410864338348,0.014151358509113374,0.0071406130201897
4.269897464338295,0.9877148091701863,0.03330073836375286,0.014143969936699875,0.007139695181591555
4.373311073045789,0.9877148091701863,0.03318549174018195,0.014136213069225256,0.0071387308045084185
4.479229279241921,0.9877148091701863,0.033064909858889865,0.014128070038172286,0.007137717580540417
4.587712742337553,0.9880431685420531,0.03293877128502003,0.014119522137189347,0.0071366530885351165
4.698823590867495,0.9885565408218295,0.032806847767062663,0.014110549785295207,0.007135534789177931
4.8126254580715395,0.9885565408218295,0.032668904276394566,0.014101132488714248,0.0071343600193310526
4.929183518337251,0.9885565408218295,0.03252469908060044,0.014091248801317752,0.0071331259861100085
5.04856452452536,0.9885565408218295,0.032373983854574614,0.014080876283649528,0.0071318297606865495
5.17083684619918,0.9885565408218295,0.03221650383371179,0.01406999146051758,0.007130468271806158
5.296070508779881,0.9885565408218295,0.032051998013817445,0.014058569777137504,0.007129038299008085
5.424337233650085,0.9890308240874289,0.031880199402697984,0.01404658555381775,0.007127536465535426
5.5557104792287415,0.9892438390973087,0.031700835328727646,0.014034011939182385,0.007125959230922306
5.690265483040788,0.9892438390973087,0.03151362781202919,0.014020820861932858,0.0071243028832449085
5.8280793048057395,0.9892438390973087,0.031318294004245,0.01400698298115723,0.007122563531022556
5.969230870569819,0.9892438390973087,0.031114546703210483,0.013992467635203289,0.007120737094754825
6.113801017906949,0.9893161820455101,0.03090209494916705,0.013977242789140731,0.007118819298080151
6.2618725422144506,0.9897996705847097,0.03068064470945983,0.013961274980847652,0.00711680565854102
6.413530244130044,0.989861198370541,0.030449899658950924,0.01394452926576803,0.0071146914779405684
6.568860978097194,0.989861198370541,0.030209562063630287,0.01392696916039928,0.007112471832274963
6.727953702106708,0.989861198370541,0.029959333775116396,0.013908556584583318,0.00711014156122562
6.890899528642994,0.989861198370541,0.029698917343892992,0.0138892518026903,0.007107695257195132
7.05779177686427,0.9901568028149632,0.029428017259216312,0.013869013363801724,0.007105127253870322
7.228726026046461,0.9904640822554608,0.02914634132363161,0.013847798041019144,0.0071024316142958
7.403800170321521,0.9904640822554608,0.02885360216994315,0.013825560770046305,0.0070996021184410495
7.583114474741419,0.9904640822554608,0.02854951892826967,0.013802254587216449,0.007096632250244114
7.766771632700028,0.9904640822554608,0.02823381905046528,0.013777830567162823,0.007093515184114637
7.954876824745658,0.9904640822554608,0.02790624029867266,0.01375223776035944,0.007090243770879353
8.147537778818016,0.9909026483347201,0.02756653290407613,0.01372542313079113,0.007086810523152786
8.34486483194406,0.9909294604136861,0.027214461901008742,0.013697331494046625,0.0070832076001164515
8.546970993428038,0.9909294604136861,0.026849809640413516,0.013667905456166989,0.007079426791689931
8.753972009572028,0.9909294604136861,0.02647237848523182,0.013637085353623192,0.0070754595020775645
8.96598642996386,0.9909294604136861,0.02608199368856283,0.01360480919484241,0.007071296732675123
9.183135675370554,0.9913569211701602,0.02567850645337286,0.013571012603752021,0.007066929064321485
9.405544107276018,0.991403160933814,0.025261797170101203,0.01353562876586418,0.0070623466388810225
9.633339099102981,0.991403160933814,0.024831778825678094,0.013498588377482041,0.007057539140143629
9.86665110915979,0.991403160933814,0.024388400574211665,0.013459819598671683,0.007052495774030423
10.105613755353959,0.9914350791224193,0.02393165145588575,0.013419248010711827,0.007047205248094646
10.350363891715183,0.9917270551024138,0.023461564246419857,0.013376796578806274,0.007041655750309055
10.601041686771763,0.9917533536021136,0.022978219414757573,0.013332385620922491,0.007035834927132973
10.85779070382516,0.9917533536021136,0.022481749161466447,0.01328593278370363,0.00702972986085472
11.120757983168774,0.9917631077163674,0.021972341504650203,0.01323735302649052,0.007023327046207587
11.390094126298013,0.9921527641545859,0.021450244374014635,0.013186558614585444,0.007016612366260767
11.665953382159804,0.9921803417492262,0.020915769667121564,0.013133459122990097,0.007009571067590083
11.948493735491098,0.9921803417492262,0.020369297214867285,0.013077961451956475,0.007002187734737332
12.237876997296778,0.9921803417492262,0.01981127859590856,0.013019969855801328,0.006994446263971608
12.53426889751892,0.9922970481221899,0.019242240732235384,0.012959385986551511,0.006986329836371029
12.837839179950377,0.9924589047336824,0.018662789190490945,0.012896108954109517,0.006977820890248963
13.148761699447192,0.9924589047336824,0.018073611106134486,0.012830035404754313,0.006968901092955298
13.467214521495329,0.9924719316384102,0.017475477640340957,0.012761059619922086,0.006959551312090426
13.793380024188886,0.9926928242572503,0.016869245872878802,0.012689073637343649,0.006949751586177582
14.12744500267808,0.9927531834887013,0.0162558600283964,0.012613967396748811,0.0069394810948480365
14.469600776146986,0.9927531834887013,0.01563635192890951,0.012535628912481509,0.006928718128603484
14.820043297382096,0.9928073740608482,0.015011840562194479,0.01245394447550151,0.006917440058230883
15.178973264994596,0.99303070351792,0.01438353065466541,0.012368798887376575,0.0069056233039570146
15.54659623836052,0.99303070351792,0.013752710138596925,0.01228007572899083,0.006893243304443275
15.923122755344778,0.99303070351792,0.013120746407715014,0.01218765766680787,0.006880274485735918
16.308768452876254,0.9930834178911245,0.012489081262699217,0.012091426799627537,0.006866690230302909
16.703754190443192,0.9932735378403886,0.011859224459490746,0.011991265048858933,0.0068524628463061754
17.108306176579564,0.9932735378403886,0.011232745788931091,0.01188705459539534,0.006837563537277326
17.522656098414743,0.9932735378403886,0.010611265636552913,0.011778678366213657,0.006821962372385877
17.947041254360933,0.9933575410241835,0.00999644399661236,0.011666020573825897,0.0068056282575118835
18.38170469001403,0.9935226995356268,0.009389967944873037,0.011548967311677247,0.006788528907359904
18.826895337345995,0.9935226995356268,0.008793537610240355,0.011427407208506124,0.00677063081887809
19.282868157268254,0.9936921891536968,0.008208850725917819,0.011301232144549275,0.006751899246275599
19.74988428564804,0.9937522941980778,0.007637585885873663,0.011170338032279655,0.006732298177963008
20.22821118286097,0.9937522941980778,0.007081384681343885,0.011034625664097818,0.006711790315774608
20.718122786965775,0.9937661866203045,0.00654183294379817,0.010894001629047348,0.0066903370568679775
21.2198996705887,0.9939276584738178,0.006020441373852897,0.010748379300181559,0.006667898478735636
21.733829201607684,0.9939350882416746,0.005518625888249917,0.010597679893659244,0.006644433327805474
22.26020570772804,0.9939350882416746,0.005037688067091111,0.01044183359998073,0.006619899012151545
22.799330645044105,0.9940930718493727,0.004578796128547786,0.010280780786978132,0.006594251598884358
23.35151277068321,0.9941279367037439,0.0041429668954987365,0.010114473273233804,0.006567445816840226
23.917068319631205,0.9942210534242066,0.003731049245050042,0.009942875669505417,0.00653943506524239
24.49632118584026,0.9943441717568795,0.0033437095446598483,0.009765966784473844,0.006510171429062559
25.089603107723168,0.9943441717568795,0.002981419574742965,0.009583741089689712,0.00647960570186987
25.697253858140098,0.9943712982274491,0.002644447414589559,0.009396210236967628,0.006447687417015012
26.319621438986598,0.9944892911984633,0.0023328517241605383,0.009203404619657005,0.006414364888060215
26.957062280494608,0.9944950187064734,0.002046479787570825,0.009005374967201378,0.006379585259430154
27.609941445360136,0.9945422472427948,0.0017849695946286941,0.008802193960185662,0.006343294568324712
28.27863283781489,0.994668381717298,0.0015477561257184163,0.008593957850667602,0.00630543781900099
28.96351941776134,0.9946727256393436,0.0013340818751054213,0.008380788070009339,0.006265959070598083
29.66499342009419,0.9947084573228436,0.0011430115024837002,0.008162832803686192,0.006224801539743801
30.383456579333405,0.9948196910337361,0.000973450347931741,0.007940268509682371,0.006181907719245668
31.119320359697824,0.994852106363263,0.0008241663885145494,0.007713301354125837,0.006137219514228775
31.873006190750832,0.9949318793235241,0.0006938150638837743,0.007482168534818963,0.006090678397138463
32.64494570875343,0.9949383194424289,0.0005809662624762981,0.007247139460351886,0.006042225583074789
33.43558100386247,0.9950717364318001,0.00048413264858429583,0.007008516749621666,0.005991802226966344
34.2453648733159,0.9950804517011866,0.00040179843244930475,0.00676663701391652,0.005939349644120979
35.07476108074995,0.9952382837560787,0.0003324476481107554,0.006521871381373048,0.005884809555707614
35.92424462179691,0.9952382837560787,0.0002745910124114032,0.006274625721703385,0.005828124360723972
36.794301996115266,0.9952382837560787,0.00022679049589695982,0.0060253405277640075,0.0057692374359861525
37.68543148600836,0.9953019113504175,0.00018768084151543299,0.005774490409958357,0.005708093465633969
38.598143441790945,0.995310316099548,0.00015598741548464748,0.005522583159806045,0.005644638801576941
39.5329605740669,0.9954110719144202,0.00013053995823148382,0.005270158340455231,0.0055788218562051435
40.490418253086105,0.9954409702486383,0.00011028201042337162,0.005017785364650636,0.005510593528551957
41.47106481535111,0.9954858218822499,9.42760058669193e-05,0.00476606102488596,0.005439907664917213
42.4754618776498,0.9955538147939766,8.170423420631546e-05,0.004515606446342603,0.0053667215547332095
43.504184658693454,0.9956730956047641,7.18660668067051e-05,0.0042670634409067276,0.005290996462177178
44.55782230854505,0.9957031612562013,6.417199547931144e-05,0.004021090250188804,0.005212698193695688
45.63697824602562,0.9957989695687204,5.813514536463869e-05,0.0037783566771262887,0.00513179770120296
46.74227050429264,0.9957989695687204,5.336098406603999e-05,0.0035395386194494523,0.005048271720239806
47.874332084787724,0.9957989695687204,4.9535957548142576e-05,0.0033053120339759756,0.004962103441826991
49.03381131975715,0.9957997359869138,4.641574276443593e-05,0.0030763463782178804,0.004873283216109995
50.2213722435519,0.9958833326849025,4.3813725116354096e-05,0.002853297594871712,0.004781809285166854
51.43769497292055,0.9959122510510883,4.15901964901964e-05,0.00263680072502755,0.004687688541531843
52.68347609651233,0.9959495056568274,3.964263924710832e-05,0.0024274622568473043,0.004590937308072783
53.95942907381401,0.9960639446357716,3.789732567829304e-05,0.002225852337353254,0.004491582133846757
55.266284643748406,0.9960825754347604,3.630233220134252e-05,0.002032496995017099,0.00438966059944885
56.60479124316889,0.9960976463824863,3.482195166142322e-05,0.0018478705390940454,0.004285222124164045
57.97571543548965,0.9961434595407652,3.343239138324797e-05,0.0016723883170390022,0.0041783287659404615
59.37984234969691,0.9961825815216601,3.211857238507528e-05,0.0015064000227237718,0.004069056003832606
60.8179761299927,0.9963219787420418,3.087179789217248e-05,0.0013501837543630178,0.003957493491131194
62.290940396328644,0.9963225018666759,2.9688037646482914e-05,0.0012039410208999272,0.0038437457659214118
63.79957871609366,0.9963294492261507,2.8566579202204143e-05,0.0010677928880518254,0.0037279329043202907
65.34475508722498,0.9963730288009411,2.750882937975839e-05,0.000941777439417943,0.00361019110016902
66.92735443302087,0.9963919204547144,2.65171088174812e-05,0.0008258487034422532,0.0034906731535371245
68.54828310893622,0.9964758175446423,2.5593368387632706e-05,0.0007198771634304845,0.0033695488490815134
70.20846942165288,0.9965330208728232,2.4737861686682782e-05,0.0006236519255490688,0.003247005204149229
71.90886416072141,0.996533412170649,2.3947919221520593e-05,0.0005368845696548543,0.0031232465655842622
73.65044114307865,0.9965342674913652,2.3217065193219477e-05,0.0004592146513977852,0.0029984945335680174
75.43419777075331,0.9965823914314674,2.2534767798842688e-05,0.00039021676341168183,0.0028729876905706705
77.2611556020785,0.9965823914314674,2.18870878597917e-05,0.0003294090012590514,0.0027469811137035794
79.1323609367389,0.9966537636630926,2.1258365153357125e-05,0.0002762626193225506,0.00262074564953285
81.04888541498659,0.9967240655439435,2.06338537421898e-05,0.00023021260658229122,0.002494566931835183
83.01182663137077,0.996809491802847,2.0002914942363066e-05,0.00019066886585883083,0.0023687441249419703
85.02230876333017,0.9968432457466837,1.9362064777506142e-05,0.00015702764617330886,0.0022435883783151725
87.0814832150102,0.9968750684486779,1.8716949863230875e-05,0.00012868285947109995,0.0021194209819051612
89.19052927667268,0.9968757030949552,1.808230374541563e-05,0.00010503691240506,0.001996571216719451
91.35065480007596,0.996889365998216,1.74792094218967e-05,8.551070244860358e-05,0.0018753739009190835
93.56309689021228,0.9970110540911482,1.692960077283592e-05,6.955246527382518e-05,0.0017561666386642718
95.82912261379857,0.9970164935187613,1.6448816886205156e-05,5.66452155988915e-05,0.0016392867868201854
98.15002972492556,0.9970165992080905,1.603799315411163e-05,4.6312593620847654e-05,0.0015250681634277645
100.52714740828316,0.9970170880603683,1.5678813872020154e-05,3.812300939893564e-05,0.0014138375314066457
102.96183704038462,0.997066097826872,1.5333257014323273e-05,3.1692062777902005e-05,0.0013059109010890226
105.45549296922766,0.9971265330830101,1.495006409134474e-05,2.6683300658394515e-05,0.0012015897056148494
108.00954331283835,0.9971316581776535,1.447765525764003e-05,2.2807450577233727e-05,0.0011011569136106672
110.62545077715492,0.9972368878554512,1.3880485462545395e-05,1.982033412783106e-05,0.0010048731535132066
113.30471349372034,0.9972908361809502,1.315343898181308e-05,1.7519711318247247e-05,0.0009129729329060316
116.04886587766292,0.9973456875023695,1.2328200212061988e-05,1.5741334721271486e-05,0.0008256610437773772
118.85947950645688,0.9973456945122895,1.1467660855091796e-05,1.4354499325605806e-05,0.0007431092501058281
121.73816401996473,0.9973456945122895,1.0649055884640017e-05,1.3257361464284147e-05,0.0006654533570486284
124.68656804228013,0.9973456945122895,9.94166638332195e-06,1.2372271030585929e-05,0.0005927907606728594
127.70638012589485,0.9974485155038141,9.387695154493791e-06,1.1641319779474726e-05,0.0005251785731162879
130.79932971873393,0.9974485155038141,8.993443712392685e-06,1.1022260073183645e-05,0.00046263240987460077
133.96718815461136,0.9974485155038141,8.73297167154318e-06,1.0484898310318438e-05,0.00040512591331699717
137.2117696676738,0.9974733440928609,8.561070083551785e-06,1.0008020250486793e-05,0.00035259106946050476
140.5349324314135,0.9975016774780123,8.42960709825801e-06,9.57686511334624e-06,0.00030491935365689626
143.93857962284542,0.9975739137783096,8.301746520217354e-06,9.181133734361385e-06,0.000261963715617928
147.4246605124567,0.9975739137783096,8.160628765954128e-06,8.813493555225208e-06,0.00022354138588426194
150.9951715805563,0.9975739137783096,8.01104483785227e-06,8.468528641732515e-06,0.00018943745550223064
154.65215766065938,0.9976256519960656,7.873666847605204e-06,8.14207397301266e-06,0.00015940914967505217
158.39771311056467,0.9976739313239344,7.771667530982293e-06,7.830867162087852e-06,0.0001331906861104666
162.23398301179432,0.9976739313239344,7.710417095718494e-06,7.532445026766471e-06,0.00011049858147159268
166.16316439808315,0.9977273464062082,7.655236915186752e-06,7.245205509621025e-06,9.103724658553873e-05
170.1875075136213,0.9977273464062082,7.520956678367956e-06,6.968547467027699e-06,7.450469463077231e-05
174.30931710176904,0.997781623299582,7.193591440142999e-06,6.702993973279717e-06,6.059817793398533e-05
178.53095372498623,0.9978321654084491,6.594773726540938e-06,6.450203221976574e-06,4.901956939451233e-05
182.85483511672655,0.9978877671383923,5.7653456054661864e-06,6.212780537860974e-06,3.9480314515354266e-05
187.28343756607478,0.9978877671383923,4.902923171051819e-06,5.9938313496427254e-06,3.1705799492592716e-05
191.81929733591915,0.9978877671383923,4.286992597476786e-06,5.7962423991279476e-06,2.5439009008571546e-05
196.46501211547,0.9978877671383923,4.104414409821507e-06,5.6217469561209686e-06,2.0443382761241038e-05
201.22324250795808,0.9978877671383923,4.307751242372948e-06,5.4699126636139284e-06,1.6504820147876516e-05
206.0967135543635,0.9979377582973155,4.662282434676088e-06,5.337272736077131e-06,1.3432825192589547e-05
211.08821629404682,0.9979965002653635,4.970792183237657e-06,5.216879110419899e-06,1.1060825753021639e-05
216.2006093631807,0.9979965002653635,5.243441690518174e-06,5.098560853506986e-06,9.24573923125019e-06
221.43682063189098,0.9979965002653635,5.600461198462027e-06,4.970094643835569e-06,7.866888699010768e-06
226.7998488810498,0.9980546236241472,6.015523679215821e-06,4.819319535431232e-06,6.824396355964936e-06
232.29276551967882,0.9980874530112902,6.23266210791904e-06,4.6369626298755226e-06,6.03719422017299e-06
237.91871634394676,0.9981309264577848,5.972721394006832e-06,4.419630016112602e-06,5.440794526832942e-06
243.6809233387686,0.9981767047876872,5.17154612215209e-06,4.172147101453898e-06,4.984955126403577e-06
249.5826865230378,0.9981767047876872,3.993435200805271e-06,3.908329547083977e-06,4.63135979617572e-06
255.62738583954945,0.9982225599323682,2.7027156889704598e-06,3.6494587321711203e-06,4.351412094951482e-06
261.8184830906933,0.9982225599323682,1.611498134739834e-06,3.420291673057704e-06,4.124216886700607e-06
268.15952392103236,0.9982225599323682,1.0854471696616447e-06,3.2432823573359864e-06,3.934798659512119e-06
274.654139847894,0.9982225599323682,1.43956787599655e-06,3.1325649881680305e-06,3.77258266193012e-06
281.30605034114166,0.9982225599323682,2.624736611700938e-06,3.089730380979735e-06,3.6301454184952987e-06
288.1190649533175,0.9982225599323682,3.881521514833862e-06,3.103112312755431e-06,3.502226278276689e-06
295.09708550137503,0.9983354655208541,4.194054137141184e-06,3.1510767018953717e-06,3.3849813155378654e-06
302.24410830125163,0.9983354655208541,3.609882937857279e-06,3.208068940874398e-06,3.2754543961877025e-06
309.56422645656124,0.9983354655208541,3.226969801094792e-06,3.2507935934841605e-06,3.1712363170320227e-06
317.0616322027149,0.9983567863817131,3.401158590378999e-06,3.2618151921916076e-06,3.0702802955606243e-06
324.7406193078191,0.9983925422839222,3.4055696907062442e-06,3.229457207277565e-06,2.970839758735914e-06
332.60558553171705,0.9984388598915213,3.0541125159795143e-06,3.145485928039954e-06,2.871492088708701e-06
340.66103514458825,0.9984388598915213,3.135003364255584e-06,3.004093247502871e-06,2.771210372530469e-06
348.91158150654684,0.9984768412816823,3.7591388310391355e-06,2.8053373483776742e-06,2.6694456990260565e-06
357.36194970971457,0.9985217110194194,3.641481832294192e-06,2.5626975973396082e-06,2.566186874290422e-06
366.0169792842841,0.9985509850347223,2.2569107179334788e-06,2.30921362616349e-06,2.4619737818354616e-06
374.8816269701202,0.9985509850347223,8.381289997751404e-07,2.093708350156362e-06,2.3578546774730807e-06
383.96096955548774,0.9985509850347223,3.817214200705411e-07,1.9621948251338018e-06,2.2552939019040713e-06
393.26020678452846,0.9985509850347223,9.461656773550275e-07,1.9303846106073337e-06,2.1560499586046836e-06
402.7846643351609,0.9985509850347223,2.17472690362073e-06,1.9648669428447394e-06,2.062048712405044e-06
412.53979686909656,0.9986075433702641,3.2267132514047647e-06,1.991927913884943e-06,1.975268167966523e-06
422.5311911557275,0.9986075433702641,3.4315542843534e-06,1.9375186944425607e-06,1.8976302438003733e-06
432.76456927167277,0.9986825427369992,2.29706551785652e-06,1.7768645076560569e-06,1.8308689283396605e-06
443.2457918778141,0.9986825427369992,7.594467152048929e-07,1.5579137914156383e-06,1.7763281017449676e-06
453.9808615756994,0.9986825427369992,2.0623336737724208e-07,1.3767722297215192e-06,1.7346532798294853e-06
464.975926345237,0.9986825427369992,6.167183678838032e-07,1.319653004927522e-06,1.7053895046271845e-06
476.23728306564306,0.9986825427369992,1.4984137572984886e-06,1.4128589807244198e-06,1.6865746482027477e-06
487.77138112167273,0.9987326869538617,1.634668156999306e-06,1.6119030074264379e-06,1.6744926109467053e-06
499.5848260971828,0.9987326869538617,1.6096458980807598e-06,1.8265230680952332e-06,1.6637777968878813e-06
511.6843835581538,0.998755763005931,2.8682371296349836e-06,1.962137596634604e-06,1.6480009929166916e-06
524.0769829273329,0.9988347971799383,2.987061882700817e-06,1.965287217755192e-06,1.6207137739987978e-06
536.769721452718,0.9988347971799383,1.2169192496821722e-06,1.8510124325637626e-06,1.5767359525465345e-06
549.7698682721556,0.9988347971799383,1.0002005143460823e-06,1.6776265432388547e-06,1.513335843300026e-06
563.084868576379,0.9988347971799383,2.3623497835177147e-06,1.488804933027559e-06,1.4309706998116027e-06
576.7223478728746,0.9989023735152421,1.4796802090431543e-06,1.3045756098517474e-06,1.3334466349059985e-06
590.6901163530096,0.9989023735152421,2.5419012984550407e-07,1.1596768935101267e-06,1.2276247140244136e-06
604.9961733649385,0.9989023735152421,7.285274324819389e-07,1.078077620751728e-06,1.1229451923224209e-06
619.64871199483,0.9989281334031553,1.97305906753992e-06,9.983288419207258e-07,1.0308874943978161e-06
634.6561237590529,0.9989621868757809,1.1413988054441925e-06,8.217927074469431e-07,9.640488136239155e-07
650.0270034100013,0.9989621868757809,1.1767930820157465e-07,5.705926200628165e-07,9.341396251563891e-07
665.770153858314,0.9989621868757809,1.7669061986663752e-09,4.2260723808304913e-07,9.483872173089068e-07
681.8945912143059,0.9989621868757809,7.709899966915939e-09,5.676117111170628e-07,1.0049162015711699e-06
698.4095499515004,0.9989621868757809,3.5310906558740455e-07,1.028218768974341e-06,1.0892209194661305e-06
715.3244881952115,0.9989621868757809,2.489678755019253e-06,1.555089563505379e-06,1.1746496380864795e-06
732.6490931392254,0.9990442231570674,3.0534871777367535e-06,1.7887881189776114e-06,1.2286782627749088e-06
750.3932865936558,0.9990747244991006,8.08588776788648e-07,1.6668304563570333e-06,1.2237359087415334e-06
768.5672306671705,0.9990747244991006,1.366931785956056e-06,1.4283061436460647e-06,1.1482654646291966e-06
787.1813335868372,0.9991202744709272,1.8523058401535142e-06,1.1503178993259483e-06,1.0127808105644438e-06
806.2462556589198,0.9991496036250653,5.457955149197353e-07,7.499106432386277e-07,8.475170081603806e-07
825.7729153740412,0.9991496036250653,1.0383710726999552e-08,3.487049903820183e-07,6.915729336244062e-07
845.7724956602088,0.9991496036250653,9.163344746757976e-12,1.7035776210227945e-07,5.770006993339575e-07
866.2564502872848,0.9991496036250653,3.974218064390374e-09,2.978790046544128e-07,5.148915676942473e-07
887.236510426559,0.9991496036250653,4.946337120017042e-07,6.204686194229728e-07,4.925316261506707e-07
908.7246913692068,0.9992033833049008,1.8426615373672024e-06,7.673146576133309e-07,4.865814267619614e-07
930.7332994074461,0.9992033833049008,1.5891850300496705e-07,5.182175840784644e-07,4.849431473779765e-07
953.2749388823585,0.9992033833049008,2.3856744839494375e-10,2.172208552255959e-07,4.98332023775172e-07
976.3625194024021,0.9992033833049008,5.319959505333323e-10,2.434327557293095e-07,5.472048717678397e-07
1000.0092632367508,0.9992033833049008,3.0597350586100893e-07,6.130434437687482e-07,6.329900881909498e-07
1024.2287128876947,0.9992585201020411,1.917409294361186e-06,9.53844695207607e-07,7.222626828705667e-07
1049.03473884644,0.9992585201020411,2.700973411786934e-07,1.0390757848495566e-06,7.640956504093166e-07
1074.4415475367384,0.9992883381827083,2.027583916046232e-06,9.755222322543725e-07,7.299080834843406e-07
1100.4636894509256,0.9993178930681159,1.7945079715735012e-07,5.754878285580646e-07,6.411211568358431e-07
1127.1160674829866,0.9993178930681159,7.28110520401922e-11,2.217206083275547e-07,5.537072230381771e-07
1154.4139454634542,0.9993178930681159,2.697218203973334e-08,3.9549343911560886e-07,5.056802537812183e-07
1182.3729569010115,0.9993178930681159,1.7156236311183684e-06,7.538642924530867e-07,4.839668549769588e-07
1211.009113935811,0.9993712711611098,2.0741934916761406e-07,5.339198159266952e-07,4.599469562805551e-07
1240.3388165096349,0.9993712711611098,2.91854979721091e-11,1.6265435677358629e-07,4.44990530330936e-07
1270.3788617581504,0.9993712711611098,7.908280982802426e-09,3.157697898274356e-07,4.6803762195078956e-07
1301.1464536306398,0.9993712711611098,1.4370110432300619e-06,8.03947110919812e-07,5.043571445136153e-07
1332.6592127427032,0.9994316743530437,4.162487818763083e-07,6.445643314975676e-07,4.906774629640046e-07
1364.9351864676057,0.9994316743530437,1.4676196631711649e-09,2.6569065214588965e-07,4.1272659208847565e-07
1397.99285927201,0.9994316743530437,7.499748147370725e-07,3.602975991641043e-07,3.095627910845923e-07
1431.8511633020414,0.9994570050539239,4.7833097410547966e-08,2.2733154844317485e-07,2.1116982747528248e-07
1466.5294892257375,0.9994570050539239,1.8557612582471097e-13,3.104005915343746e-08,1.4534757236863705e-07
1502.0476973380942,0.9994570050539239,2.763016999591068e-18,9.602696243250464e-09,1.624158646713267e-07
1538.426128935066,0.9994570050539239,3.630203516818256e-10,1.8364564262338253e-07,2.712482644831693e-07
1575.6856179630402,0.9994570050539239,1.3119784047319973e-06,6.999478481724675e-07,3.674811571306039e-07
1613.847502950437,0.9995085295119701,6.609558879103926e-08,4.2909085599869093e-07,3.3020301552032727e-07
1652.9336392283128,0.9995085295119701,1.9994959010048074e-14,3.704287470083854e-08,2.1671485586595415e-07
1692.9664114469076,0.9995085295119701,6.057333415647288e-17,1.4881760206351432e-08,2.1557860727653085e-07
1733.9687463953492,0.9995085295119701,7.73855458360773e-09,3.1677919794151074e-07,3.9896829143729857e-07
1775.9641261318368,0.9995642500975822,1.8265318965936611e-06,8.636783317117708e-07,6.180442206647022e-07
1818.9766014318277,0.9995642500975822,5.981745061554704e-07,8.380766928793038e-07,6.546578667476127e-07
1863.0308055619282,0.9996191390749489,1.2480968708318546e-07,5.015294934535552e-07,4.5561194130914324e-07
1908.1519683873792,0.9996191390749489,3.618785917840062e-15,2.858855439849214e-08,1.9102579236413189e-07
1954.3659308212152,0.9996191390749489,2.9829215747058742e-30,1.0106268064641402e-10,4.322583999556197e-08
2001.6991596233552,0.9996191390749489,1.7288077219649312e-53,1.7951209670789625e-14,4.803404985396193e-09
2050.17876255815,0.9996191390749489,1.8082006877574954e-85,1.5090508719779212e-19,4.0107811542219045e-10
2099.8325039190004,0.9996191390749489,1.9730436425582493e-56,5.706478434003529e-15,3.757328953828279e-09
2150.6888204289817,0.9996191390749489,7.269729403131869e-31,7.604995078261408e-11,4.205521452087238e-08
2202.7768375265755,0.9996191390749489,3.99938158321368e-14,4.1866565361514526e-08,2.1088337340923772e-07
2256.1263860458175,0.9996191390749489,8.397228476752878e-07,7.698729831325507e-07,4.450274213318406e-07
2310.768019300435,0.9996842011253224,1.6402255740660716e-08,3.749052837230485e-07,3.744243280004062e-07
2366.733030581744,0.9996842011253224,1.8918792934593246e-20,4.545241685130661e-09,1.5801113229905128e-07
2424.0534710803377,0.9996842011253224,1.4432597057410426e-09,1.464940598309605e-07,1.7772558025361733e-07
2482.762168241803,0.9997134595694384,2.6630136951831226e-07,3.380865333455935e-07,2.586200054522613e-07
2542.8927445670392,0.9997134595694384,7.225478768419194e-10,1.8428968666233772e-07,3.5106841607391766e-07
2604.479636867867,0.9997705299677438,1.184878300704064e-06,7.284295437989633e-07,4.0635055644769904e-07
2667.558115989011,0.9997705299677438,8.872005795300788e-15,2.6377835201571405e-08,1.66656866742154e-07
2732.164307007731,0.9997705299677438,1.5260338820890822e-37,5.22931688643352e-12,1.8287680734940315e-08
2798.3352099226713,0.9997705299677438,4.200270134696303e-76,3.3828354020589306e-18,4.780926441736681e-10
2866.10872084378,0.9997705299677438,1.0991773129010247e-112,4.2235492540321955e-24,1.6113249382877657e-11
2935.5236536954353,0.9997705299677438,3.3490702745601236e-61,7.366130303289877e-16,1.6942240736975018e-09
3006.6197624451797,0.9997705299677438,4.5428443138379864e-26,3.2584675664327353e-10,4.917562420092845e-08
3079.437763870867,0.9997705299677438,1.5153869109371984e-08,2.730061663551185e-07,2.9520762929842504e-07
3154.0193608791624,0.9998252252450055,9.51742159987182e-08,3.9583720297288557e-07,3.2642031845262484e-07
3230.407266388824,0.9998252252450055,1.4672032674614336e-24,6.125619565914469e-10,5.8557516180606236e-08
3308.6452277924122,0.9998252252450055,4.3492701490370745e-63,3.976036554478784e-16,1.483382950618676e-09
3388.7780520104443,0.9998252252450055,8.234564253242272e-83,2.4254307976201507e-19,2.2468101985551943e-10
3470.851631152341,0.9998252252450055,1.3193765933358345e-34,1.3322887972100299e-11,2.126642058059007e-08
3554.9129687988593,0.9998252252450055,7.790668744978253e-10,1.615418642467455e-07,2.476197844509129e-07
3641.010206921077,0.9998767279235605,3.037166840166002e-08,3.209087932166167e-07,2.968072205804662e-07
3729.192653451296,0.9998767279235605,4.724735953227321e-31,5.4241401449369046e-11,3.088855595658824e-08
3819.510810521758,0.9998767279235605,2.3804391585789736e-70,2.9395365865874336e-17,8.690657806523201e-10
3912.016403387218,0.9998767279235605,1.841461338443069e-23,9.257026379843993e-10,4.782124293545617e-08
4006.7624100480307,0.9998767279235605,1.0852230093554147e-06,4.46404458424773e-07,2.2409603689595018e-07
4103.803091590677,0.9999079521698279,2.667301610494407e-22,1.4197668277614905e-09,5.3217724574709656e-08
4203.194023263114,0.9999079521698279,1.1098785468720055e-72,1.2339272566163698e-17,5.138358893690652e-10
4304.9921263027545,0.9999079521698279,2.3166557455217135e-160,1.154578124860763e-31,1.5983124109184881e-13
4409.255700535289,0.9999079521698279,4.809719450927364e-140,2.453379597657924e-28,1.302132586310007e-12
4516.0444577630005,0.9999079521698279,1.4177957075795436e-56,5.5582259932401865e-15,3.017088415142138e-09
4625.4195559617865,0.9999079521698279,9.827855931600815e-13,5.867623697354816e-08,2.077930318526537e-07
4737.443634306335,0.999977326891095,3.606444585523403e-07,4.6032623415148797e-07,3.8766625040757635e-07
4852.180849043618,0.999977326891095,4.355309704227463e-37,6.059633468702585e-12,1.6368465488438016e-08
4969.696910235208,0.999977326891095,8.227015494422195e-116,1.5352260085950245e-24,1.0078821614981773e-11
5090.059119389462,0.999977326891095,7.022853981270583e-247,1.6412467558644262e-45,5.5406046759638085e-17
5213.336408005132,0.999977326891095,4.57644587071075e-208,2.0558246548719854e-39,1.4521547382467857e-15
5339.599377048471,0.999977326891095,8.628974167997218e-86,7.534509838909026e-20,1.1298742972035907e-10
5468.920337386446,0.999977326891095,8.843863859553255e-19,3.969760125144021e-09,5.413242021303874e-08
5601.373351199174,1.000000000000001,3.159138293331773e-11,6.415529693152954e-08,1.0853617394754215e-07
5737.0342743954325,1.000000000000001,1.4462233161390267e-67,6.207821129080828e-17,6.053425151337098e-10
5875.980800055329,1.000000000000001,1.7375359945435976e-192,6.392797487025829e-37,6.098023798213246e-15
6018.292502925187,1.000000000000001,0.0,1.1284571201453317e-68,7.028904512235066e-23
6164.050884990035,1.000000000000001,0.0,4.957522026606623e-113,5.722457044022278e-34
6313.339422149845,1.000000000000001,0.0,7.056027710040368e-171,1.976543822260034e-48
6466.243612026211,1.000000000000001,0.0,3.7758288706295823e-243,1.6905166553448626e-66
6622.851022926906,1.000000000000001,0.0,0.0,2.0274885106858972e-88
6783.251343996238,1.000000000000001,0.0,0.0,1.8704811248471806e-114
6947.536436580145,1.000000000000001,0.0,0.0,7.042217535811006e-145
7115.800386835189,1.000000000000001,0.0,0.0,5.541825436214055e-180
7288.139559611752,1.000000000000001,0.0,0.0,4.49923166878199e-220
7464.6526536422425,1.000000000000001,0.0,0.0,1.7890289135409354e-265
7645.440758065903,1.000000000000001,0.0,0.0,1.58768316e-316
7830.6074103226165,1.000000000000001,0.0,0.0,0.0
8020.25865544885,1.000000000000001,0.0,0.0,0.0
8214.503106809714,1.000000000000001,0.0,0.0,0.0
8413.45200830184,1.000000000000001,0.0,0.0,0.0
8617.219298062892,1.000000000000001,0.0,0.0,0.0
8825.921673723953,1.000000000000001,0.0,0.0,0.0
9039.678659242321,1.000000000000001,0.0,0.0,0.0
9258.612673352947,1.000000000000001,0.0,0.0,0.0
9482.849099677705,1.000000000000001,0.0,0.0,0.0
9712.516358532655,1.000000000000001,0.0,0.0,0.0
9947.745980474447,1.000000000000001,0.0,0.0,0.0
10188.672681627855,1.000000000000001,0.0,0.0,0.0
10435.434440837893,1.000000000000001,0.0,0.0,0.0
10688.172578690284,1.000000000000001,0.0,0.0,0.0
