x,cdf,density_sigmafac_0.002,density_sigmafac_0.005,density_sigmafac_0.01
-43.17340002274237,0.0,2.9367306028116246e-101,8.05851865704227e-18,3.888988113927489e-06
-41.04009422537909,0.0,1.1581471799905253e-91,2.76702151931014e-16,9.417916413004228e-06
-38.906788428015815,0.0,1.4952999781041148e-82,7.946753869289507e-15,2.181136608953124e-05
-36.77348263065254,0.0,6.320636580925182e-74,1.9089228827749688e-13,4.8308265195075303e-05
-34.64017683328926,0.0,8.747114721359874e-66,3.83539510983042e-12,0.00010232255254316723
-32.50687103592598,0.0,3.963187368509578e-58,6.445504389447013e-11,0.00020726861976221885
-30.3735652385627,0.0,5.87902426206203e-51,9.060059800165745e-10,0.0004015217304625148
-28.240259441199424,0.0,2.8553072161289743e-44,1.0652100467105481e-08,0.0007438734461044305
-26.106953643836146,0.0,4.540406093324023e-38,1.0475448893723806e-07,0.0013179682078608953
-23.97364784647287,0.0,2.3639578494569176e-32,8.616819819972203e-07,0.0022332034033978217
-21.84034204910959,0.0,4.029943210688052e-27,5.928747250329571e-06,0.0036188530997458114
-19.707036251746313,0.0,2.2495003785984145e-22,3.412133564600159e-05,0.005608350382190945
-17.573730454383032,0.0,4.111675104126892e-18,0.00016426432433450992,0.008312342408316954
-15.440424657019754,0.0,2.4610486820821055e-14,0.0006614902772597746,0.011782539743402902
-13.307118859656477,0.0,4.824158698166241e-11,0.0022283227486389304,0.01597295803424691
-11.173813062293199,0.0,3.097183378881603e-08,0.006279459470145744,0.020709390246589684
-9.040507264929921,0.0,6.513602470560487e-06,0.014803913138392414,0.025679729823335214
-6.907201467566644,0.0,0.00044883561571219035,0.029199118547465108,0.0304552267220523
-4.773895670203366,0.0,0.010137772232322711,0.04818855557421196,0.034545417018254906
-2.6405898728400885,2.0089123371874476e-27,0.07511633869173509,0.06655227958001288,0.03747898303044554
-0.5072840754768109,3.7045325461204404e-09,0.18292912719583962,0.07693592594296565,0.038892781057018294
1.6260217218864668,0.9708109869061937,0.147288146238701,0.07447609312185535,0.038605937770743566
3.7593275192497444,0.9795526115463131,0.04036664347270819,0.060414950308216316,0.036658129416850496
5.892633316613022,0.9830647458151257,0.004786825062807859,0.04112853410973821,0.0333008355967635
8.025939113976307,0.9852463824914662,0.0009858603158093907,0.0235714232755362,0.028944202089155484
10.159244911339584,0.9866481464694199,0.0006005667283034558,0.011459292155974393,0.024074988811279518
12.292550708702862,0.987608593923975,0.00044457444548942767,0.004819906583948101,0.01916821069343861
14.42585650606614,0.9884310315210116,0.00035042396521196747,0.0018504257129977812,0.014614329894580374
16.559162303429417,0.9889640855786249,0.0002912602178456627,0.0007377137516829038,0.010676360850895232
18.692468100792695,0.9896129945544575,0.0002481005011808102,0.0003701271319623958,0.007480598109525915
20.825773898155973,0.9901855571849396,0.00021113279625959916,0.00024863638131237533,0.005035062126969837
22.95907969551925,0.9905058739529815,0.00017635035241004147,0.00019822282384246922,0.0032641467772058915
25.092385492882528,0.9908639873315952,0.00015471114540427172,0.00016885635900502089,0.0020471633586420794
27.225691290245805,0.9911910564784973,0.00013731103257663173,0.0001480251572661673,0.0012513960293476967
29.358997087609083,0.991456660621596,0.00011851648909137249,0.00013218899199599266,0.0007548386466701625
31.49230288497236,0.9916867967301359,0.00012056401980488368,0.00011953081053411203,0.00045801892476156976
33.62560868233564,0.9919819305209507,0.00011691484204635496,0.0001087554531333856,0.000287079818235418
35.758914479698916,0.9921998805044246,9.170086289064427e-05,9.91821772714767e-05,0.00019135115760773085
37.892220277062194,0.992322751004034,8.179477048276295e-05,9.067062290476566e-05,0.00013841856737708714
40.02552607442547,0.9925601053779927,8.207125444054758e-05,8.319146120834491e-05,0.00010882157378733443
42.15883187178875,0.9926584774075409,7.968945339930476e-05,7.653028831351012e-05,9.153670092636382e-05
44.29213766915203,0.9928838219333681,7.188277496040564e-05,7.046097091174527e-05,8.063976220568664e-05
46.425443466515304,0.9929945714632079,6.156839151565386e-05,6.5089612287806e-05,7.308753391690894e-05
48.55874926387858,0.9931122531950919,5.578195913491315e-05,6.0840211894749245e-05,6.736687141021678e-05
50.69205506124186,0.9932619781570876,4.747014816808285e-05,5.797657783269706e-05,6.273299972704585e-05
52.82536085860514,0.9933314105870173,5.275932482723823e-05,5.611520810053713e-05,5.8809473523880946e-05
54.958666655968415,0.9934314385858887,6.770477313650625e-05,5.4297714662821874e-05,5.5391852761629125e-05
57.09197245333169,0.9936447861567425,6.096981799443943e-05,5.1682890378346475e-05,5.235725843331949e-05
59.225278250694984,0.9937099793479995,4.426776541167894e-05,4.824145354849451e-05,4.9624561439239844e-05
61.35858404805826,0.9938004555230856,3.8960959344106975e-05,4.476856248839807e-05,4.71366846984917e-05
63.49188984542154,0.9938966577998236,3.648989085463075e-05,4.219872787204416e-05,4.485185415555561e-05
65.62519564278482,0.9939788759760116,3.38034054908341e-05,4.084593638572431e-05,4.273868205072215e-05
67.7585014401481,0.9940022733465428,4.192430968552264e-05,4.018460299840118e-05,4.0773546107021445e-05
69.89180723751137,0.9941306902661378,5.1300887150715276e-05,3.929968620114651e-05,3.89397362419245e-05
72.02511303487465,0.9942859596047147,4.1692615277134634e-05,3.760704958718591e-05,3.722764243271346e-05
74.15841883223793,0.9943507320074719,2.990913760342587e-05,3.523540097403184e-05,3.5634862108938916e-05
76.2917246296012,0.9943543067149873,2.9687916501261926e-05,3.279005200676798e-05,3.416511588888782e-05
78.42503042696448,0.994468610660467,2.9122569024576417e-05,3.0815049393075915e-05,3.282541036250873e-05
80.55833622432776,0.9945161884636564,2.7543272900603994e-05,2.948095153246482e-05,3.162172305526704e-05
82.69164202169104,0.9945712823984838,3.092956760263176e-05,2.8666718461693252e-05,3.0554203264385635e-05
84.82494781905432,0.9946465335967233,2.80439575498144e-05,2.8183921347327497e-05,2.9613187987474284e-05
86.9582536164176,0.9946872611364134,2.196320697290052e-05,2.7873481996449225e-05,2.877717768141611e-05
89.09155941378087,0.9946876047427301,3.171913340340034e-05,2.759416891290836e-05,2.8013462417303797e-05
91.22486521114415,0.9948625026213749,3.256807702964799e-05,2.727451861658129e-05,2.728154666722793e-05
93.35817100850743,0.9948646406697643,2.204204168693276e-05,2.700243629986393e-05,2.6539012008190044e-05
95.4914768058707,0.9949184921255949,2.2964489146643375e-05,2.6929047709588215e-05,2.5748985872294227e-05
97.62478260323398,0.9949660546090576,2.6898365402482905e-05,2.6967294502662906e-05,2.488792742811859e-05
99.75808840059726,0.9950259148250478,2.8898134504758182e-05,2.662611225275906e-05,2.395206336808529e-05
101.89139419796054,0.9950975047008389,3.493272789605853e-05,2.5284806772348404e-05,2.296069386202799e-05
104.02469999532381,0.9952041412608994,3.0502708682027338e-05,2.275013529291145e-05,2.1954956800719654e-05
106.15800579268709,0.995235876616297,1.4324443807715242e-05,1.9572428955381552e-05,2.099156011664644e-05
108.29131159005037,0.995235964763963,7.140461146321693e-06,1.6768475023087566e-05,2.013228002761963e-05
110.42461738741365,0.9952362085825764,1.1287713274987726e-05,1.5169116867201128e-05,1.9431261401163614e-05
112.55792318477693,0.9952914275841794,1.3152389447442254e-05,1.4955531855457887e-05,1.8922887238811144e-05
114.6912289821402,0.9952937039205396,1.498996926026267e-05,1.5705192867990814e-05,1.8612941217817692e-05
116.82453477950348,0.9953510469860463,1.884256671540222e-05,1.6796598258408626e-05,1.84750257843254e-05
118.95784057686676,0.9953994501281556,2.187453991880028e-05,1.7825687050607483e-05,1.845303858853993e-05
121.09114637423004,0.9954554636630027,1.744064510735246e-05,1.8775931286764264e-05,1.8469335953413877e-05
123.22445217159331,0.9954560814418812,1.4695608701891044e-05,1.985343919589441e-05,1.843726873403203e-05
125.35775796895659,0.9955006671826404,1.95989854586946e-05,2.111412831894518e-05,1.827610317106246e-05
127.49106376631987,0.995553925566713,2.5271620862781528e-05,2.2194305440140182e-05,1.7925872149788968e-05
129.62436956368316,0.9956267646526878,2.8055322737900103e-05,2.2397199975773265e-05,1.73594413103583e-05
131.75767536104644,0.9956912645132932,2.783754424210562e-05,2.109718200896293e-05,1.658917532055184e-05
133.89098115840972,0.9957302170082872,2.4581161741561e-05,1.8183200963786904e-05,1.566628193686574e-05
136.024286955773,0.9957919523171171,1.4055309428373229e-05,1.424888262627176e-05,1.4672292682623928e-05
138.15759275313627,0.9957922667219974,3.9204924807115354e-06,1.0393917502884911e-05,1.3703993942762502e-05
140.29089855049955,0.9957922667405872,4.825242459680669e-07,7.72384388767503e-06,1.2854917695023198e-05
142.42420434786283,0.9957922667415886,2.927384394484721e-07,6.819984655297042e-06,1.2197590790187335e-05
144.5575101452261,0.9957922667459644,3.1385757583832352e-06,7.492478146043163e-06,1.177067433796875e-05
146.69081594258938,0.9957922667840667,1.2772823727716316e-05,8.990393426155038e-06,1.157387122323548e-05
148.82412173995266,0.995864037566647,1.8897518598624993e-05,1.0554087862897556e-05,1.1571446684670619e-05
150.95742753731594,0.9958947534728849,1.0774209598945888e-05,1.1887295967098143e-05,1.1703039962578134e-05
153.09073333467921,0.9958947539386347,5.16289263208842e-06,1.3121833795053299e-05,1.1898752754387212e-05
155.2240391320425,0.9958947607892306,1.2747770924827626e-05,1.4328673213221774e-05,1.2094657311609146e-05
157.35734492940577,0.9959602425955629,2.176541658501502e-05,1.5147361962016577e-05,1.2244975918124211e-05
159.49065072676905,0.9960091161279876,2.2603956010957485e-05,1.4993720469616674e-05,1.2328150598835261e-05
161.62395652413232,0.9960496470055347,1.9156437889035376e-05,1.3647413992478604e-05,1.2345639104092037e-05
163.7572623214956,0.9960872061355862,9.111197054312275e-06,1.1603149311133125e-05,1.2314231436965937e-05
165.89056811885888,0.9960872065591373,1.9990200328142202e-06,9.837277835941812e-06,1.22545415270779e-05
168.02387391622216,0.9960872066261978,2.806640409034533e-06,9.220888831640726e-06,1.2179547538845952e-05
170.15717971358544,0.9960872067127352,9.044658942140868e-06,1.0063757479760541e-05,1.2087135557049873e-05
172.2904855109487,0.996142521088454,1.093630501714563e-05,1.2020271779497995e-05,1.1959341405793181e-05
174.423791308312,0.9961425237538529,1.1171386383979647e-05,1.4242288712189066e-05,1.1768671341185007e-05
176.55709710567527,0.9961431268178231,2.2852368485649634e-05,1.5657851881260933e-05,1.148928685860397e-05
178.69040290303855,0.9962432091468222,2.9633591503745753e-05,1.5412644150464415e-05,1.1108953060486509e-05
180.82370870040182,0.9963222289978582,1.819862331913479e-05,1.3372479416341605e-05,1.0637256338949492e-05
182.9570144977651,0.9963222298851597,4.849969153956704e-06,1.0290203712872583e-05,1.0106894888484397e-05
185.09032029512838,0.9963222299055217,5.084635348981874e-07,7.378011889588971e-06,9.567334892014232e-06
187.22362609249166,0.9963222299071797,1.8667561451020103e-07,5.581119302939711e-06,9.072821435728725e-06
189.35693188985493,0.9963222299095225,1.9417134796569705e-06,5.134517374791039e-06,8.668606093445254e-06
191.4902376872182,0.9963222313271598,7.536943103420634e-06,5.675984157721957e-06,8.379667241850299e-06
193.6235434845815,0.9963744961161842,9.89455335749724e-06,6.685017712238018e-06,8.205141753607488e-06
195.75684928194477,0.9963745237942444,5.177315353097129e-06,7.812935114931432e-06,8.119696361148935e-06
197.89015507930804,0.9963745238757182,5.94509108843266e-06,8.88390825388159e-06,8.080937549531607e-06
200.02346087667132,0.9963925712032963,1.3290264305993365e-05,9.727149642474746e-06,8.040392720082819e-06
202.1567666740346,0.9964436440885217,1.507588960700462e-05,1.0128777453390054e-05,7.954970441604776e-06
204.29007247139788,0.9964706688218005,9.530438760517588e-06,9.944987523460302e-06,7.796127698290443e-06
206.42337826876116,0.9964706720050082,7.965875153810464e-06,9.1877892908491e-06,7.554964294845263e-06
208.55668406612443,0.9964957440376464,1.1259839814423212e-05,8.002697018706466e-06,7.242733181019779e-06
210.6899898634877,0.9965322485773698,8.166380459976633e-06,6.639930265828261e-06,6.887415658056737e-06
212.823295660851,0.996532248782711,2.265085246301043e-06,5.43990044769621e-06,6.527775857703649e-06
214.95660145821427,0.9965322487903223,3.6899731920939406e-07,4.712951694801615e-06,6.206541512233827e-06
217.08990725557754,0.9965322487915047,1.8022778940369047e-06,4.522369291262507e-06,5.964090855283976e-06
219.22321305294082,0.9965322487915047,7.276912258730196e-06,4.606714980469617e-06,5.833448271695633e-06
221.3565188503041,0.9965835747493698,9.788770018623434e-06,4.60653528340464e-06,5.83678257955979e-06
223.48982464766738,0.9965835815959131,4.371639509480782e-06,4.4199017885093175e-06,5.983213969180996e-06
225.62313044503065,0.9965835815961438,6.809240507506182e-07,4.331216216029769e-06,6.267679700369274e-06
227.75643624239393,0.9965835815981736,5.84451425435318e-07,4.774858387263243e-06,6.670804976563233e-06
229.8897420397572,0.9965835816109568,3.2065075742137097e-06,5.953593614789011e-06,7.1599587628298985e-06
232.0230478371205,0.9965874792675337,7.772112144166764e-06,7.644039691387074e-06,7.691729080074235e-06
234.15635363448376,0.9966098869904914,1.2484294671305558e-05,9.329287904602568e-06,8.215846106540481e-06
236.28965943184704,0.9966374847324118,1.5212658897438386e-05,1.0533782936982674e-05,8.680211379429744e-06
238.42296522921032,0.9966890838932568,1.182156800253358e-05,1.11031223571581e-05,9.036363510146258e-06
240.5562710265736,0.9966891829590366,1.0750226555148152e-05,1.1227945673006597e-05,9.244602104178932e-06
242.68957682393687,0.9967381108609203,9.083577210248512e-06,1.1207478725272151e-05,9.2781393221088e-06
244.82288262130015,0.9967381146254429,8.84779438304207e-06,1.1155049454129203e-05,9.125938654235634e-06
246.95618841866343,0.996743041524349,1.5087610099883907e-05,1.0903260305219139e-05,8.794154842744559e-06
249.0894942160267,0.9968039401495272,1.4798987622188844e-05,1.0192353562451289e-05,8.306184765880377e-06
251.22280001338999,0.9968264403809255,9.535088175922192e-06,8.947985031879796e-06,7.701279953773033e-06
253.35610581075326,0.9968489485866356,4.883127510507799e-06,7.364629821203458e-06,7.031570506491483e-06
255.48941160811654,0.9968489488481129,4.1055659673346195e-06,5.738219299556672e-06,6.357351223409949e-06
257.6227174054798,0.9968755161624265,5.48931015315353e-06,4.268004298782605e-06,5.740673933420026e-06
259.7560232028431,0.9968763841785816,3.008987090232194e-06,3.0322041027015277e-06,5.237670163954019e-06
261.8893290002064,0.9968763841785895,5.466999169281009e-07,2.1001220300666756e-06,4.8905025153161465e-06
264.02263479756965,0.9968763841785911,3.2559539328685865e-08,1.6137261881076833e-06,4.72026553493355e-06
266.15594059493293,0.9968763841785911,1.664261817890644e-09,1.758797553351142e-06,4.722367021015356e-06
268.2892463922962,0.9968763841785911,5.6030388293763544e-08,2.6599784794938028e-06,4.865780695934303e-06
270.4225521896595,0.9968763841785911,1.0177049568979786e-06,4.260385492824708e-06,5.096999770735462e-06
272.55585798702276,0.9968763841786166,6.180884135705643e-06,6.251394853053727e-06,5.348582107923246e-06
274.68916378438604,0.9968891864810436,1.2732329137277921e-05,8.119397826464804e-06,5.551050812852021e-06
276.8224695817493,0.9969410773353671,1.108818334086881e-05,9.3117064382111e-06,5.645910709837498e-06
278.9557753791126,0.9969410773605818,1.2632616783923055e-05,9.44052995582817e-06,5.5970036566335456e-06
281.0890811764759,0.9970169531762223,1.4678630881353381e-05,8.438018711880554e-06,5.397593323547153e-06
283.22238697383915,0.9970169531778863,6.500941164822182e-06,6.60211062018525e-06,5.071464641267914e-06
285.3556927712024,0.9970169531778867,9.57038928683256e-07,4.480987138523651e-06,4.6677174383608404e-06
287.4889985685657,0.9970169531778869,4.643258164339406e-08,2.6210416382074905e-06,4.250428474283045e-06
289.622304365929,0.9970169531778869,7.418511148373453e-10,1.3407245799143668e-06,3.88553053036736e-06
291.75561016329226,0.9970169531778869,3.909858825554576e-12,6.950421544418297e-07,3.6278199337105023e-06
293.88891596065554,0.9970169531778869,4.2343595991692715e-12,6.166725502133738e-07,3.5108705150491766e-06
296.0222217580188,0.9970169531778869,7.205600585276323e-10,1.0681093241560808e-06,3.541905998539329e-06
298.1555275553821,0.9970169531778869,4.089588584534384e-08,2.06217112343225e-06,3.7025716292091954e-06
300.28883335274537,0.9970169531778869,7.755419484063268e-07,3.543886447042238e-06,3.9552768029207184e-06
302.42213915010865,0.9970169531779661,4.943460513328897e-06,5.254162683408934e-06,4.253564868065932e-06
304.5554449474719,0.9970179691181177,1.0950048848182015e-05,6.727204012882351e-06,4.554011223266973e-06
306.6887507448352,0.997071818314743,1.0967008725206274e-05,7.471632782992712e-06,4.8266745494769395e-06
308.8220565421985,0.997071824260218,1.0847353195272425e-05,7.226111207579456e-06,5.061326623005796e-06
310.95536233956176,0.9971230202750502,8.346802017733306e-06,6.114752354797165e-06,5.267652263299288e-06
313.08866813692504,0.9971230202787325,2.565055087963534e-06,4.60818475148095e-06,5.469216724228659e-06
315.2219739342883,0.9971230202787333,2.7278985344625517e-07,3.3329424369830424e-06,5.692856876213613e-06
317.3552797316516,0.9971230202787383,1.1231661695740603e-08,2.8501650534988605e-06,5.956689051261018e-06
319.48858552901487,0.9971230202787423,6.747756884417637e-08,3.4923570812987687e-06,6.2605641497261886e-06
321.62189132637815,0.9971230202789182,1.0762621591717423e-06,5.256862338272798e-06,6.582202750034486e-06
323.7551971237414,0.9971230202789274,6.0274798615830805e-06,7.736390918170036e-06,6.8804958419153335e-06
325.8885029211047,0.9971554520620071,1.3543282999135924e-05,1.015387677608183e-05,7.105099111232619e-06
328.021808718468,0.9971768586896442,1.824734950619993e-05,1.160843524072065e-05,7.209307443717044e-06
330.15511451583126,0.9972266551987405,2.0175026457457054e-05,1.1497350646639876e-05,7.162076209384959e-06
332.28842031319454,0.9972860774289342,1.3167941150688535e-05,9.865513561652676e-06,6.955404686424005e-06
334.4217261105578,0.9972860774388927,3.71496418603064e-06,7.405929387645896e-06,6.60499677811054e-06
336.5550319079211,0.9972860774388929,3.9765128262678586e-07,5.081872971557493e-06,6.1445068694864235e-06
338.68833770528437,0.9972860774388934,2.0987494765185004e-08,3.632695645755762e-06,5.615831804430771e-06
340.82164350264765,0.9972860774388935,1.8649564137465194e-07,3.2676087180611163e-06,5.059012032791278e-06
342.9549493000109,0.9972860774388955,2.0223620103226462e-06,3.660873441919972e-06,4.505008215373435e-06
345.0882550973742,0.9972860774393034,7.605294697838287e-06,4.1894263879305734e-06,3.9731672379691395e-06
347.2215608947375,0.9973184754400177,1.0070561463414946e-05,4.288585978044722e-06,3.4732724710344468e-06
349.35486669210076,0.9973404091732117,4.739699925230964e-06,3.7471547969069904e-06,3.010483968147354e-06
351.48817248946403,0.9973404091732118,7.910470018632451e-07,2.757629618921209e-06,2.5907647580061106e-06
353.6214782868273,0.9973404091732118,4.622311625156049e-08,1.7033022650043814e-06,2.2246620931426574e-06
355.7547840841906,0.9973404091732118,9.295371595355789e-10,8.827080973706091e-07,1.92825744713576e-06
357.88808988155387,0.9973404091732118,6.3323102158680955e-12,3.86402938583055e-07,1.721212838463691e-06
360.02139567891714,0.9973404091732118,1.4441256875557918e-14,1.545331465247051e-07,1.6226931873823664e-06
362.1547014762804,0.9973404091732118,2.895118847901574e-16,9.819506999486322e-08,1.6463479323415843e-06
364.2880072736437,0.9973404091732118,2.2511528319557594e-13,1.8385930708591895e-07,1.7955530781203611e-06
366.42131307100703,0.9973404091732118,5.976432185222474e-11,4.5993109448262314e-07,2.0599341115519717e-06
368.5546188683703,0.9973404091732118,5.217525506500004e-09,1.0366289527648684e-06,2.4139626472631763e-06
370.6879246657336,0.9973404091732118,1.5050513273671012e-07,2.020171682508533e-06,2.8181718527224953e-06
372.82123046309687,0.9973404091732118,1.461932769683575e-06,3.409753776493278e-06,3.2231922847932958e-06
374.95453626046015,0.9973404091732859,5.131759504841109e-06,5.0065394965542284e-06,3.576299195080407e-06
377.0878420578234,0.9973654418461101,8.292197877833822e-06,6.412504322091141e-06,3.829524580259731e-06
379.2211478551867,0.9973856762747335,1.0569365688415962e-05,7.165735408657768e-06,3.947805569805261e-06
381.35445365255,0.9974191054252791,1.2337668658245022e-05,6.968821818405094e-06,3.915370149837401e-06
383.48775944991326,0.9974425999434929,7.797190720046801e-06,5.871975213782613e-06,3.738791695126781e-06
385.62106524727653,0.9974425999434929,1.9688368534111852e-06,4.263547462991147e-06,3.445879635154833e-06
387.7543710446398,0.9974425999434929,1.8182447620625706e-07,2.653198742537946e-06,3.0806035611108363e-06
389.8876768420031,0.9974425999434929,5.915996506806785e-09,1.409492797936034e-06,2.6952288538039537e-06
392.02098263936637,0.9974425999434929,6.607767945671663e-11,6.428870091794015e-07,2.341451149093482e-06
394.15428843672964,0.9974425999434929,2.4870606587337835e-13,2.74611633382047e-07,2.0623921353115e-06
396.2875942340929,0.9974425999434929,2.6390154573604e-14,1.8214033644561929e-07,1.8869090852150861e-06
398.4209000314562,0.9974425999434929,1.01627955836051e-11,3.0177157062340334e-07,1.8269806197257373e-06
400.5542058288195,0.9974425999434929,1.3007491201693616e-09,6.45170293575705e-07,1.8782060449079403e-06
402.68751162618275,0.9974425999434929,5.466725407428509e-08,1.2445401905800098e-06,2.022872214574247e-06
404.82081742354603,0.9974425999434929,7.550006009072465e-07,2.0662253353564047e-06,2.2346697406390676e-06
406.9541232209093,0.9974425999434949,3.4608524776168827e-06,2.9539405242453073e-06,2.4839729921283866e-06
409.0874290182726,0.9974685710833282,5.777384351306948e-06,3.6626845503520296e-06,2.742613819179776e-06
411.22073481563586,0.9974685711240774,5.881607332371729e-06,3.9873980252451865e-06,2.987275384001143e-06
413.35404061299914,0.9974959408515204,5.775458796549998e-06,3.904309564948845e-06,3.2010116570094814e-06
415.4873464103624,0.9974959462791404,2.8077462965369855e-06,3.6081910656399276e-06,3.372916853166046e-06
417.6206522077257,0.9974959462791404,6.353810713112087e-07,3.3947002757800256e-06,3.4965057345151194e-06
419.753958005089,0.9974959462793223,1.5498818323247174e-06,3.46540884036019e-06,3.567741153951526e-06
421.88726380245225,0.9974959463258716,4.699391933247462e-06,3.8080090563507284e-06,3.5836982255390254e-06
424.02056959981553,0.9975229917713396,5.3798357237105715e-06,4.234309249473762e-06,3.542530814700003e-06
426.1538753971788,0.9975229917755342,4.773195538065314e-06,4.511610202196006e-06,3.444805773941918e-06
428.2871811945421,0.9975460302054031,5.6482574956490266e-06,4.469997029836781e-06,3.295620467809494e-06
430.42048699190536,0.9975461033586928,5.644882363938355e-06,4.046756511467683e-06,3.1064807841045675e-06
432.55379278926864,0.9975685592601018,4.4249676560061964e-06,3.2985405327036094e-06,2.895873746240258e-06
434.6870985866319,0.9975685592601211,1.5725028532909243e-06,2.389218051480469e-06,2.6878507933562407e-06
436.8204043839952,0.9975685592601214,1.9385995640351627e-07,1.5335643705205455e-06,2.5086112944154994e-06
438.9537101813585,0.9975685592601222,7.901222684834393e-09,9.174452583866924e-07,2.381799433453778e-06
441.08701597872175,0.9975685592601222,1.0925169431863215e-10,6.550654033538085e-07,2.3237423337116153e-06
443.22032177608503,0.9975685592601222,5.345055767228081e-10,8.02492014142097e-07,2.339976407514803e-06
445.3536275734483,0.9975685592601222,2.71908521700733e-08,1.3709756752559997e-06,2.4240791842944033e-06
447.4869333708116,0.9975685592601227,4.691364075112347e-07,2.2823179229943364e-06,2.55914499805184e-06
449.62023916817486,0.9975685592601247,2.8994082361890937e-06,3.3030770287816355e-06,2.7214407953227307e-06
451.75354496553814,0.997571621848943,7.359164391475475e-06,4.076136812715054e-06,2.8851346815503923e-06
453.8868507629014,0.9975917730672399,8.921034331978112e-06,4.307434880270015e-06,3.02674222764277e-06
456.0201565602647,0.9976234951035117,4.940583123639476e-06,3.9866658742357606e-06,3.128178764345057e-06
458.153462357628,0.9976234951047439,1.0559269493125992e-06,3.4280761096960424e-06,3.1779384547990333e-06
460.28676815499125,0.9976234951047902,1.3693452025731424e-07,3.055704510891292e-06,3.1706736247501917e-06
462.4200739523545,0.9976234951047924,8.233513748153604e-07,3.096343869860357e-06,3.1059957391262277e-06
464.5533797497178,0.9976234951242305,3.8651115376298125e-06,3.4289195905134324e-06,2.9874320237493656e-06
466.6866855470811,0.9976519141891206,6.833130227684173e-06,3.6985048891989486e-06,2.8221250397567396e-06
468.81999134444436,0.9976519257182178,6.27003114495449e-06,3.586590738970052e-06,2.621250122659682e-06
470.95329714180764,0.9976716985695712,3.6617362827380238e-06,3.021118418063262e-06,2.4005595427083596e-06
473.0866029391709,0.9976716985695743,9.859275333621362e-07,2.1836509124115413e-06,2.1802174445951716e-06
475.2199087365342,0.9976716985695743,9.489039522153464e-08,1.3500409123096276e-06,1.9832764466909765e-06
477.35321453389747,0.9976716985695743,3.048793743876478e-09,7.208745382470887e-07,1.8326748960065332e-06
479.48652033126075,0.9976716985695743,3.227027645648273e-11,3.643759131686551e-07,1.7472732630936652e-06
481.619826128624,0.9976716985695743,1.674279606350048e-13,2.72748027190928e-07,1.7379410275761279e-06
483.7531319259873,0.9976716985695743,1.841043410703078e-11,4.4875726807711816e-07,1.8048655035288537e-06
485.8864377233506,0.9976716985695744,2.060328872397794e-09,9.370414112455455e-07,1.937018045958537e-06
488.01974352071386,0.9976716985695744,7.826728234814835e-08,1.7622525412745716e-06,2.1141431397926375e-06
490.15304931807714,0.9976716985695744,1.0385076102118802e-06,2.8113565819688065e-06,2.3108953069483113e-06
492.2863551154404,0.9976716985698779,5.071311019230633e-06,3.7767851004990254e-06,2.502064763425196e-06
494.4196609128037,0.9976958263760688,9.696198195982126e-06,4.27306811829294e-06,2.667442962847726e-06
496.55296671016697,0.9977266244391697,7.429525903215084e-06,4.088328181085737e-06,2.794956078623689e-06
498.68627250753025,0.9977266244391697,2.1897320731906584e-06,3.3634935105196645e-06,2.8812627512423543e-06
500.8195783048935,0.9977266244391918,2.3262773338682848e-07,2.52822129050034e-06,2.9299013750414844e-06
502.9528841022568,0.9977266244391918,9.678442728169233e-09,2.0453153792037636e-06,2.9479496410822987e-06
505.0861898996201,0.9977266244391919,5.312531260590433e-08,2.1582236596223345e-06,2.942657472527651e-06
507.21949569698336,0.9977266244392073,8.154501547149571e-07,2.776272666053463e-06,2.9194026415637298e-06
509.35280149434664,0.9977266261023869,4.447949832876515e-06,3.525287459906431e-06,2.8816299202885026e-06
511.4861072917099,0.997753186405169,8.995886624101727e-06,3.94698391190503e-06,2.8324743011371645e-06
513.6194130890732,0.9977770907679728,7.010604561814176e-06,3.7662126103404224e-06,2.7769778715293407e-06
515.7527188864365,0.9977771262922447,2.105342637980381e-06,3.0543031419345547e-06,2.723552928303721e-06
517.8860246837997,0.9977771262922448,2.3425907140488447e-07,2.161175507043411e-06,2.6837278963712806e-06
520.019330481163,0.9977771262922457,9.258251703235577e-09,1.4875254088339226e-06,2.67003588139456e-06
522.1526362785263,0.9977771262922457,4.114261581503231e-09,1.289099022876319e-06,2.692764194917925e-06
524.2859420758896,0.9977771262922457,1.1770909025352018e-07,1.6125898273451874e-06,2.7567768770108995e-06
526.4192478732529,0.997777126299217,1.1599260670746631e-06,2.3185571730435406e-06,2.859551407915862e-06
528.5525536706161,0.9977771460673714,3.948277763993345e-06,3.134670677951412e-06,2.9910213018904145e-06
530.6858594679794,0.9977997007659233,5.835110535940062e-06,3.7522047635887437e-06,3.135094695797465e-06
532.8191652653427,0.9977998481629015,6.5897686793885615e-06,3.978098151060931e-06,3.272179512020267e-06
534.952471062706,0.9978288499928489,4.96730607476263e-06,3.866228727533582e-06,3.381905275497013e-06
537.0857768600692,0.9978288499934903,1.4794962979165307e-06,3.6981229736600615e-06,3.445472414200066e-06
539.2190826574325,0.9978288499934905,3.602615510047513e-07,3.7697370365859517e-06,3.4474661262307468e-06
541.3523884547958,0.9978288500059682,2.109555417758908e-06,4.125664586475789e-06,3.3772727616147223e-06
543.4856942521591,0.9978290286965729,7.5683884481617586e-06,4.482562860531325e-06,3.2302680912849395e-06
545.6190000495224,0.9978579399951315,1.0042143119830557e-05,4.444946958581381e-06,3.0087382778162013e-06
547.7523058468856,0.9978838079585695,4.90572852460883e-06,3.831561705547808e-06,2.7222335644537227e-06
549.8856116442489,0.9978838079588218,8.651943080373027e-07,2.809792911022987e-06,2.386958832177134e-06
552.0189174416122,0.9978838079588218,5.362550259183595e-08,1.7378381223136712e-06,2.0239820189974683e-06
554.1522232389755,0.9978838079588218,1.1409966619987894e-09,9.034849327920325e-07,1.6564256436977952e-06
556.2855290363387,0.9978838079588218,8.203124187541087e-12,3.9430435187456786e-07,1.306204730907813e-06
558.418834833702,0.9978838079588218,1.9753680276101826e-14,1.443763929774826e-07,9.910820498160262e-07
560.5521406310653,0.9978838079588218,1.587609211949818e-17,4.433975321109562e-08,7.227278700124581e-07
562.6854464284286,0.9978838079588218,4.259746299902264e-21,1.1419483351701602e-08,5.061436254066216e-07
564.8187522257919,0.9978838079588218,3.8296962625245377e-25,2.466012689709545e-09,3.403916984942684e-07
566.9520580231551,0.9978838079588218,2.613014424984023e-29,4.4646224632117965e-10,2.2023898332990145e-07
569.0853638205184,0.9978838079588218,4.223481902797621e-30,6.775835510410272e-11,1.3817645238897903e-07
571.2186696178817,0.9978838079588218,4.036426987410946e-31,8.622989662742046e-12,8.632767736025697e-08
573.351975415245,0.9978838079588218,1.267567967515709e-32,9.673245767099045e-13,5.793417249787787e-08
575.4852812126082,0.9978838079588218,1.3384933220762997e-34,6.156340522222227e-13,4.8304478560230914e-08
577.6185870099715,0.9978838079588218,2.668243714879692e-36,4.925189546494031e-12,5.525799751332795e-08
579.7518928073348,0.9978838079588218,3.762695313552469e-32,3.79580491900041e-11,7.915168379921092e-08
581.8851986046981,0.9978838079588218,3.642235703361231e-28,2.4521099338036243e-10,1.2256250117177865e-07
584.0185044020614,0.9978838079588218,1.8286178610486547e-24,1.3267532756220386e-09,1.8965480494369353e-07
586.1518101994246,0.9978838079588218,5.865018570705442e-21,6.016686500825595e-09,2.8523885633970554e-07
588.2851159967879,0.9978838079588218,1.3088858689006818e-17,2.2894841642359807e-08,4.135584503893225e-07
590.4184217941512,0.9978838079588218,1.4006514080093835e-14,7.323562886969978e-08,5.769361539615061e-07
592.5517275915145,0.9978838079588218,5.5428581931251976e-12,1.9749321168475682e-07,7.745228582764688e-07
594.6850333888777,0.9978838079588218,7.496697523770473e-10,4.5094006084013603e-07,1.0014855070520325e-06
596.818339186241,0.9978838079588218,3.389475180494552e-08,8.773786692459796e-07,1.2489579634307047e-06
598.9516449836043,0.9978838079596236,5.084021231531503e-07,1.4673618425202114e-06,1.5049351938318046e-06
601.0849507809676,0.9978838084747084,2.5237195986246455e-06,2.132264013311252e-06,1.7560250224389735e-06
603.2182565783309,0.9979022667564967,4.21818711254617e-06,2.723226279275758e-06,1.9896645029708005e-06
605.3515623756941,0.9979047870986877,3.2553411525695634e-06,3.0881873723997554e-06,2.196183277053669e-06
607.4848681730574,0.9979048746214794,4.2488424035054005e-06,3.137226862555845e-06,2.3700706271236874e-06
609.6181739704207,0.9979303537669398,4.847060018823575e-06,2.897420430933157e-06,2.5100244453223805e-06
611.751479767784,0.9979306095387815,2.0110090267363298e-06,2.5363553367976917e-06,2.6177704982592057e-06
613.8847855651472,0.9979306095387818,2.8116330582403186e-07,2.308329975980238e-06,2.6960852197242163e-06
616.0180913625105,0.9979306095387822,1.1377782789905538e-07,2.4062740880326995e-06,2.7467493073833143e-06
618.1513971598738,0.9979306095686822,1.2709360902461821e-06,2.8078781341920545e-06,2.769173898460612e-06
620.2847029572371,0.9979307204499153,5.423065416132882e-06,3.2661991976257525e-06,2.7601698920506372e-06
622.4180087546004,0.9979682365745074,7.743262046172273e-06,3.493471107195065e-06,2.7148952102077986e-06
624.5513145519636,0.9979707851094038,3.682979557953846e-06,3.3870891205114127e-06,2.6286016903400267e-06
626.6846203493269,0.9979707851094153,6.81195126579508e-07,3.0761045458612525e-06,2.498573350232955e-06
628.8179261466902,0.9979707853384175,1.0634213988607244e-06,2.7486010346350015e-06,2.3256628116075673e-06
630.9512319440535,0.9979708328971088,3.630371133204153e-06,2.4615467581204575e-06,2.115042689596979e-06
633.0845377414167,0.9979938825084799,4.317746133618948e-06,2.1343691413027622e-06,1.8760766470092363e-06
635.21784353878,0.9979944049845881,1.7382699908994483e-06,1.6935140776723782e-06,1.621464229875134e-06
637.3511493361433,0.997994404984591,2.3819926294577494e-07,1.1770204195408676e-06,1.365957434269926e-06
639.4844551335066,0.997994404984591,1.1239916096649855e-08,6.992603382339698e-07,1.124975283620109e-06
641.6177609308698,0.997994404984591,1.85672275612638e-10,3.5097625332166155e-07,9.133801459824914e-07
643.7510667282331,0.997994404984591,1.0924026502641699e-12,1.4808006859157313e-07,7.445589963091689e-07
645.8843725255964,0.997994404984591,2.313561507734718e-15,5.2532103291137407e-08,6.298059228788424e-07
648.0176783229597,0.997994404984591,1.760068805395323e-18,1.6447364106742677e-08,5.778657648337521e-07
650.150984120323,0.997994404984591,6.017670229947194e-20,8.480121990492991e-09,5.944210884728891e-07
652.2842899176862,0.997994404984591,3.079927636027334e-17,2.0262898147180036e-08,6.813348452537419e-07
654.4175957150495,0.997994404984591,6.367210320280662e-15,6.892217184849961e-08,8.356208886613941e-07
656.5509015124128,0.997994404984591,9.273514783277225e-13,2.0451980729538998e-07,1.0483695232022868e-06
658.6842073097761,0.997994404984591,1.2616686614351568e-10,5.123498267725494e-07,1.3041070732823024e-06
660.8175131071393,0.997994404984591,8.695111345960723e-09,1.084114673408902e-06,1.581183675878089e-06
662.9508189045026,0.997994404984591,2.2427276872240866e-07,1.9429821056339305e-06,1.8536529974548294e-06
665.0841247018659,0.9979944062681031,2.0254842321431074e-06,2.959733195137334e-06,2.0947107901932743e-06
667.2174304992292,0.9979949438662925,6.362632020766403e-06,3.847109720658069e-06,2.2811983980219366e-06
669.3507362965925,0.998031712820648,7.710143259253307e-06,4.284351042235514e-06,2.398156189600762e-06
671.4840420939557,0.998031917082798,5.932615417403491e-06,4.1033590581076425e-06,2.4421586785471192e-06
673.617347891319,0.998053216364589,3.968846923152707e-06,3.3908983500086607e-06,2.422328882661963e-06
675.7506536886823,0.9980533994817685,1.2708447401076376e-06,2.429130095851854e-06,2.3585100369833882e-06
677.8839594860456,0.9980533996560976,1.4472431988327475e-07,1.537716144692354e-06,2.276894951659854e-06
680.0172652834088,0.9980533996560977,5.645485723562263e-09,9.44563651288897e-07,2.204196515138721e-06
682.1505710807721,0.9980533996560977,1.6725493597981462e-10,7.522139879786397e-07,2.1619089086730474e-06
684.2838768781354,0.9980533996560977,6.901488067873452e-09,9.654990524497915e-07,2.1621906950167522e-06
686.4171826754987,0.9980533996560979,1.832625864850967e-07,1.5102537229318305e-06,2.2064023978587015e-06
688.550488472862,0.9980533999018829,1.65986259734494e-06,2.2291971422024995e-06,2.2865207486154884e-06
690.6837942702252,0.9980534986137771,5.096618094237232e-06,2.9063198418786712e-06,2.3887956508062797e-06
692.8171000675885,0.9980834068331693,5.380733747667394e-06,3.3465713878218044e-06,2.4983849564674027e-06
694.9504058649518,0.9980839735701564,2.8228147632284187e-06,3.4552829372412032e-06,2.603485626782043e-06
697.0837116623151,0.9980841626907029,3.740468900449187e-06,3.25421333973534e-06,2.697731252169907e-06
699.2170174596783,0.9981074344578827,4.424877747410681e-06,2.8534208798314913e-06,2.7802522019888568e-06
701.3503232570416,0.9981077806032996,1.8865679297744885e-06,2.428780408180459e-06,2.853588411637333e-06
703.4836290544049,0.9981077806032996,2.844680123398161e-07,2.188472499489947e-06,2.9203493394851933e-06
705.6169348517682,0.9981077808631875,2.1766650216663606e-07,2.2868894888059295e-06,2.9799058418243472e-06
707.7502406491315,0.9981077862070621,1.6837965613636893e-06,2.727054345553713e-06,3.02635395727944e-06
709.8835464464947,0.9981087760272672,4.897851677135531e-06,3.3486524448519026e-06,3.048535376159496e-06
712.016852243858,0.998136115950407,5.302197691917013e-06,3.921326229442563e-06,3.0321955853359493e-06
714.1501580412213,0.9981362784962979,4.003381308379504e-06,4.252557974128505e-06,2.963651045915727e-06
716.2834638385846,0.9981502070341315,5.1712281561774456e-06,4.230476859628545e-06,2.8338583977208363e-06
718.4167696359478,0.9981543202995741,6.036271428139502e-06,3.824618045048322e-06,2.6416788901453364e-06
720.5500754333111,0.9981770950645491,4.054494591715134e-06,3.0982859816326124e-06,2.3954180342316368e-06
722.6833812306744,0.9981773483707984,1.1293931378324376e-06,2.213212824409553e-06,2.112266989503757e-06
724.8166870280377,0.9981773496329338,1.148830021484442e-07,1.3742843613008877e-06,1.8158722066894632e-06
726.949992825401,0.9981773496349214,4.398251670447576e-09,7.338363551802162e-07,1.5327108828044874e-06
729.0832986227642,0.9981773496349732,7.266323611907915e-11,3.3518710777840085e-07,1.2881294529820548e-06
731.2166044201275,0.9981773496349751,6.023068754262198e-13,1.3394977895750592e-07,1.1028067210704668e-06
733.3499102174908,0.9981773496349751,1.1271007453159964e-14,6.061127227415338e-08,9.901329228230497e-07
735.4832160148541,0.9981773496349812,4.762487877474031e-13,7.138108099868875e-08,9.546984149683729e-07
737.6165218122173,0.998177349635052,3.734651291747827e-11,1.6770974540000063e-07,9.91881627881989e-07
739.7498276095806,0.9981773496366916,1.5365139780989605e-09,3.895681551537008e-07,1.088455974020275e-06
741.8831334069439,0.9981773496408708,3.404549284376641e-08,7.8631012696914e-07,1.224151334155362e-06
744.0164392043072,0.9981773499868476,3.837759810602147e-07,1.3679891778230868e-06,1.374110046867057e-06
746.1497450016705,0.998177524412807,1.8488561712077367e-06,2.0576248999786197e-06,1.5120887701734804e-06
748.2830507990337,0.9981817323087392,3.681843655311426e-06,2.6833952165537516e-06,1.6140664880915167e-06
750.416356596397,0.9981944579380829,4.516699611690525e-06,3.037517710727537e-06,1.6617007918511651e-06
752.5496623937603,0.9981998723335908,5.249923608193774e-06,2.9814979704215956e-06,1.6449529197191417e-06
754.6829681911236,0.9982189445305212,3.4121758555785234e-06,2.530396465621949e-06,1.5632798972288244e-06
756.8162739884868,0.9982203297402334,9.13669094060217e-07,1.8493381621607967e-06,1.4250896711493315e-06
758.9495797858501,0.9982203348353659,1.0192482341269309e-07,1.1587044377528902e-06,1.2455891088206314e-06
761.0828855832134,0.9982203348472017,4.981403024830436e-09,6.197442169245751e-07,1.043571995863702e-06
763.2161913805767,0.99822033486596,1.1544772103394773e-10,2.8194178679420357e-07,8.379419360045734e-07
765.34949717794,0.9982203348659614,1.941278195776182e-12,1.0878523239382322e-07,6.44760425383523e-07
767.4828029753032,0.9982203348659614,4.801714352964042e-14,3.552434554721323e-08,4.7537346904642835e-07
769.6161087726665,0.9982203348659614,9.04898406556491e-16,9.8037650241768e-09,3.3580699007944997e-07
771.7494145700298,0.9982203348659614,7.03018186215468e-18,2.2843597416576036e-09,2.2727007639192866e-07
773.8827203673931,0.9982203348659614,2.3951606093221968e-20,4.4917282657283527e-10,1.4737603665957437e-07
776.0160261647565,0.9982203348659614,1.1803954775216778e-22,7.451606504298024e-11,9.162961639071793e-08
778.1493319621197,0.9982203348659614,1.3296733727610027e-24,1.0430206271469248e-11,5.4813483692284965e-08
780.282637759483,0.9982203348659614,1.1333456497289852e-26,1.2321281156777161e-12,3.2077538411269174e-08
782.4159435568463,0.9982203348659614,8.453802574675156e-29,1.2289893621125417e-13,1.9726428968991125e-08
784.5492493542096,0.9982203348659614,2.70206824111191e-30,1.03599786623191e-14,1.5872407197857356e-08
786.6825551515728,0.9982203348659614,1.4926463569672008e-28,7.640693990169956e-16,2.126029557533243e-08
788.8158609489361,0.9982203348659614,3.91559185149433e-27,4.188965975194886e-16,4.068305718920018e-08
790.9491667462994,0.9982203348659614,5.002115680000724e-26,4.86784951318503e-15,8.548439045714037e-08
793.0824725436627,0.9982203348659614,3.898331151783416e-25,5.64441250915253e-14,1.7764458592873396e-07
795.215778341026,0.9982203348659614,4.488564863258362e-24,5.902021694704876e-13,3.5576817287152194e-07
797.3490841383892,0.9982203348659614,1.190209371153004e-21,5.60303900768037e-12,6.827955046419769e-07
799.4823899357525,0.9982203348659614,2.6090069464727937e-19,4.8267801248556506e-11,1.254324225720501e-06
801.6156957331158,0.9982203348659614,2.0706069218264703e-17,3.738584515328467e-10,2.2050648875618277e-06
803.7490015304791,0.9982203348659614,6.127624704458332e-16,2.5663833325954605e-09,3.709457999363479e-06
805.8823073278423,0.9982203348659614,9.853798584963247e-15,1.5382728800468163e-08,5.9714993356124355e-06
808.0156131252056,0.9982203348659614,1.6557409233346131e-13,7.951770572692983e-08,9.199285953723834e-06
810.1489189225689,0.9982203348660428,4.1063546145231816e-12,3.5130729674385494e-07,1.3562571311909942e-05
812.2822247199322,0.9982203348660429,1.391363180709657e-10,1.3184302207887328e-06,1.913693410629267e-05
814.4155305172955,0.9982203348762118,3.0688237890204886e-09,4.186773010383482e-06,2.5845052487029267e-05
816.5488363146587,0.9982203349516559,3.187520528199209e-08,1.1223248478173032e-05,3.341169050725087e-05
818.682142112022,0.9982203484764929,2.2462691748410663e-07,2.536251712068306e-05,4.1351200479042626e-05
820.8154479093853,0.998220727995646,2.5377302594256947e-06,4.828915824561788e-05,4.900201223638035e-05
822.9487537067486,0.9982220705938829,2.722982067117057e-05,7.746741770024594e-05,5.561126155529317e-05
825.0820595041118,0.9982389563748257,0.000137358158830507,0.00010479104079279081,6.045710781184464e-05
827.2153653014751,0.9985637563950267,0.0002682775738158345,0.00011972449870879909,6.2981827879883e-05
829.3486710988384,0.9996339432036062,0.00020201339260067592,0.00011589330264951531,6.290154125454512e-05
831.4819768962017,0.9997283830307502,7.162573035106304e-05,9.561608254922864e-05,6.0262325250384134e-05
833.615282693565,0.9997696830733097,2.310606487876444e-05,6.803412776119222e-05,5.5427051289597864e-05
835.7485884909282,0.9998045971335041,1.1252650612266188e-05,4.278427805677895e-05,4.8997478691090034e-05
837.8818942882915,0.9998118488418201,7.563512383701877e-06,2.4987947912002174e-05,4.169447113477713e-05
840.0152000856548,0.9998304725661153,7.167832582176309e-06,1.472160655039328e-05,3.422904142654926e-05
842.1485058830181,0.9998389450390599,9.229876260338304e-06,9.485072679122257e-06,2.7195456636544217e-05
844.2818116803813,0.9998654162468531,8.887938114026588e-06,6.715762206393569e-06,2.1006737423612782e-05
846.4151174777446,0.9998882248408605,4.350338461100358e-06,4.920996618231852e-06,1.587781075517742e-05
848.5484232751079,0.9998882802052024,9.276547709388047e-07,3.634259211355879e-06,1.1848219770127202e-05
850.6817290724712,0.9998882807343346,1.634948005592126e-07,2.8905427147278523e-06,8.828657694635523e-06
852.8150348698344,0.9998882807943331,7.092543447826775e-07,2.7372580581039785e-06,6.654593768574405e-06
854.9483406671977,0.9998889384559796,3.058854983516065e-06,3.0122518496750705e-06,5.1341773874848376e-06
857.081646464561,0.9998990093159109,5.418343314629768e-06,3.388944286303103e-06,4.083537248257797e-06
859.2149522619243,0.9999158228035033,4.7860867720500525e-06,3.5492786985601006e-06,3.3479637877638628e-06
861.3482580592876,0.9999186961143121,4.627282984124952e-06,3.329252637045959e-06,2.8109070407559635e-06
863.4815638566508,0.9999370503244366,3.691964614075833e-06,2.758954927556774e-06,2.3941200686048946e-06
865.6148696540141,0.9999391543842957,1.303414581223665e-06,2.0059170871046738e-06,2.0522677111554506e-06
867.7481754513774,0.9999392744747325,2.014936009294761e-07,1.2727526224249765e-06,1.764692557969395e-06
869.8814812487407,0.9999392828536396,1.7873197402746254e-08,7.062132184982248e-07,1.5263364789098105e-06
872.014787046104,0.9999392832266536,1.4494080482375751e-09,3.6138265912131257e-07,1.339271338346251e-06
874.1480928434672,0.9999392833100841,1.4279433271662073e-09,2.2815941501589714e-07,1.2058777557392775e-06
876.2813986408305,0.9999392833211542,7.144142088732528e-09,2.834567936116188e-07,1.1243314572702637e-06
878.4147044381938,0.9999392999782665,2.4054057118111865e-08,5.178928856957589e-07,1.0866517648652518e-06
880.5480102355571,0.9999393491726735,1.2145032395731338e-07,9.12203177867129e-07,1.0791420794050582e-06
882.6813160329203,0.9999394282905163,7.742395013477671e-07,1.3874557500251182e-06,1.0846642976264304e-06
884.8146218302836,0.9999404021106658,2.8185314719385643e-06,1.7899583761148863e-06,1.0859125495825394e-06
886.9479276276469,0.999954666258886,4.384253969499467e-06,1.953667487749467e-06,1.068750046734168e-06
889.0812334250102,0.9999630456345218,2.773760142958916e-06,1.8047746900705978e-06,1.0247758036069412e-06
891.2145392223734,0.9999644564906578,8.423369480229485e-07,1.4135769440678161e-06,9.525743774507665e-07
893.3478450197367,0.9999646360036036,2.1750295151905948e-07,9.41632622077947e-07,8.574951098647827e-07
895.4811508171,0.999964994500268,7.122255695398452e-08,5.360214146828675e-07,7.501924575813327e-07
897.6144566144633,0.999964994661495,1.6610604391080024e-08,2.6255453340610106e-07,6.444202542175348e-07
899.7477624118266,0.9999650002851601,2.2329524746038655e-09,1.1176348614646613e-07,5.54640446536815e-07
901.8810682091898,0.9999650002851601,2.0200190896489475e-10,4.2281649177022526e-08,4.938883852021936e-07
904.0143740065531,0.9999650002851601,1.011593417387055e-11,1.6613131769628258e-08,4.7211393424530465e-07
906.1476798039164,0.9999650002852066,2.3127610380777426e-13,1.539401300466339e-08,4.950083966049442e-07
908.2809856012797,0.999965000285334,8.332506822201927e-13,4.0275363316235464e-08,5.632289453435408e-07
910.414291398643,0.9999650002853344,6.112626288585478e-11,1.1672052577483015e-07,6.719747146801141e-07
912.5475971960062,0.9999650002857644,1.8135794664189585e-09,2.9558187930354875e-07,8.110001741071278e-07
914.6809029933695,0.999965000289524,2.2630875910983302e-08,6.382697270168764e-07,9.652655351690997e-07
916.8142087907328,0.999965000299916,1.5811437325409753e-07,1.170274059815386e-06,1.1164159503736858e-06
918.947514588096,0.9999652764915514,8.971302081224023e-07,1.8183140509628693e-06,1.2451066396155628e-06
921.0808203854593,0.9999664223803364,3.4128330293070973e-06,2.3913143329334568e-06,1.3338970065122686e-06
923.2141261828226,0.9999732903842988,5.915737275963238e-06,2.660527297470895e-06,1.370147745046378e-06
925.3474319801859,0.999996364857542,4.211439656151975e-06,2.504540747090866e-06,1.3482156924300236e-06
927.4807377775492,0.9999994590537188,1.3904024344061476e-06,1.9966651123327535e-06,1.2703439302781138e-06
929.6140435749124,0.9999998557343,3.006877983004237e-07,1.3504725045430174e-06,1.1459776087907645e-06
931.7473493722757,0.999999930423787,6.667850554553168e-08,7.773292318789679e-07,9.896825907596913e-07
933.880655169639,0.9999999998077914,2.122090437285207e-08,3.826513569972791e-07,8.182348701992921e-07
936.0139609670023,0.9999999999699679,6.603905785795182e-09,1.6233678707442145e-07,6.476396827238714e-07
938.1472667643656,0.9999999999972483,9.262188710572864e-10,6.004293376253271e-08,4.907747666062586e-07
940.2805725617288,0.9999999999997687,4.646845366363236e-11,1.9676170375140643e-08,3.5608256602886253e-07
942.4138783590921,0.9999999999999711,1.0179823027899487e-12,5.825178227110517e-09,2.4738368210337947e-07
944.5471841564554,0.9999999999999943,3.731531244848286e-14,1.5860829425773008e-09,1.6458151495494854e-07
946.6804899538187,0.9999999999999987,3.719335103880808e-15,4.005662600073987e-10,1.0486354514616933e-07
948.8137957511819,0.9999999999999987,5.329826394696848e-16,9.32892862283029e-11,6.399585056068102e-08
950.9471015485452,0.999999999999999,1.0001355109021275e-16,1.9693230145631036e-11,3.741281579886334e-08
953.0804073459085,0.999999999999999,1.8555988747491445e-17,3.690484835621357e-12,2.0955387145759923e-08
955.2137131432718,0.999999999999999,1.719750683182598e-18,6.029270792437249e-13,1.1247391100348336e-08
957.347018940635,0.999999999999999,5.680766171586517e-20,8.476647086836337e-14,5.785918292264394e-09
959.4803247379983,0.999999999999999,6.233098742829948e-22,1.0175664917018426e-14,2.853323289438744e-09
961.6136305353616,0.999999999999999,2.2446529408015324e-24,1.04003621416646e-15,1.34925026450725e-09
963.7469363327249,0.999999999999999,2.6475012904713757e-27,9.08591119561885e-17,6.119457073431812e-10
965.8802421300882,0.999999999999999,1.022335275295904e-30,6.906244922638866e-18,2.66280700364835e-10
968.0135479274514,0.999999999999999,1.2930901897559683e-34,4.804976065614213e-19,1.1120181821165579e-10
970.1468537248147,0.999999999999999,5.437913186853546e-38,3.4136511933833604e-20,4.4584022900347275e-11
972.280159522178,0.999999999999999,6.458466253680046e-38,2.810568849598028e-21,1.7167264504562594e-11
974.4134653195413,0.999999999999999,1.0615340852965385e-37,2.672237944625523e-22,6.351032318467341e-12
976.5467711169046,0.999999999999999,9.314813015845291e-38,2.5832589463930534e-23,2.2582947974177837e-12
978.6800769142678,0.999999999999999,6.476272530720964e-38,2.2842952671110365e-24,7.721166577085253e-13
980.8133827116311,0.999999999999999,3.362090061634789e-38,1.7580919830414932e-25,2.5393397058994557e-13
982.9466885089943,0.999999999999999,7.161503459955594e-39,1.1544364504278202e-26,8.036287512408382e-14
985.0799943063577,0.999999999999999,5.277068906950646e-40,6.413030262699104e-28,2.4481275501879705e-14
987.2133001037208,0.999999999999999,1.678930951455272e-41,3.00136998844337e-29,7.180982073151806e-15
989.3466059010842,0.999999999999999,1.3454988461208524e-42,1.1806374002906143e-30,2.028648888276283e-15
991.4799116984474,0.999999999999999,3.3108475281563334e-43,3.897730302570393e-32,5.520458735290205e-16
993.6132174958108,0.999999999999999,6.111512247230663e-44,1.0788878099679516e-33,1.4471952035575307e-16
995.7465232931739,0.999999999999999,8.442758358441188e-45,2.5021568666201046e-35,3.654816789331268e-17
997.8798290905373,0.999999999999999,1.2897652669946918e-45,4.859930665914161e-37,8.891146902035215e-18
1000.0131348879005,0.999999999999999,1.0328113808511507e-46,7.905352731203897e-39,2.0832270627498992e-18
1002.1464406852639,0.999999999999999,3.144589635265854e-48,1.0809317268437163e-40,4.700068194079286e-19
1004.279746482627,0.999999999999999,3.8529772785930315e-50,1.3000427659400735e-42,1.0207896379230031e-19
1006.4130522799904,0.999999999999999,2.061872661136245e-52,2.0552543672726543e-44,2.133477294431459e-20
1008.5463580773536,0.999999999999999,4.638702737934861e-55,1.0473347064055559e-45,4.28943438673574e-21
1010.679663874717,0.999999999999999,4.084238005108184e-58,1.013517854116477e-46,8.292861858513023e-22
1012.8129696720802,0.999999999999999,2.4890326742504e-61,1.1256735987510063e-47,1.541100555535375e-22
1014.9462754694435,0.999999999999999,3.62544596084835e-64,1.3411504569848387e-48,2.751772376510662e-23
1017.0795812668067,0.999999999999999,3.1036573171434976e-67,1.6011988048593402e-49,4.7194341106362755e-24
1019.2128870641701,0.999999999999999,9.079992812678557e-71,1.785494524996651e-50,7.771711627971922e-25
1021.3461928615333,0.999999999999999,8.75510519776657e-75,1.778551718461452e-51,1.2284651249601428e-25
1023.4794986588967,0.999999999999999,2.769948953558981e-79,1.545319464832565e-52,1.8634557470891073e-26
1025.61280445626,0.999999999999999,2.8714618576966296e-84,1.1558415125472964e-53,2.7120703543477543e-27
1027.7461102536233,0.999999999999999,9.748008247438297e-90,7.382724007630601e-55,3.786636511426066e-28
1029.8794160509865,0.999999999999999,1.0834729707836975e-95,4.0057459721243792e-56,5.071750862791461e-29
1032.0127218483499,0.999999999999999,3.9425731804889766e-102,1.8397819548637553e-57,6.516854258405796e-30
1034.146027645713,0.999999999999999,4.696800736502956e-109,7.136084545934787e-59,8.034734175323193e-31
1036.2793334430764,0.999999999999999,1.8319344736263646e-116,2.3341910859152127e-60,9.508293770702844e-32
1038.4126392404396,0.999999999999999,2.339686255582122e-124,6.433353404244772e-62,1.0805845504541112e-32
1040.545945037803,0.999999999999999,9.78698041058852e-133,1.4934602633156034e-63,1.1802433302134978e-33
1042.6792508351662,0.999999999999999,1.341449114986583e-141,2.9198717059352293e-65,1.2402257281047623e-34
1044.8125566325295,0.999999999999999,6.0295260331378415e-151,4.8082591494611936e-67,1.2556248384861627e-35
1046.9458624298927,0.999999999999999,8.90039129272272e-161,6.670405177009016e-69,1.2269852620165089e-36
