M,S_kind,active_mode,active_size,active_tau,active_topk,box_memory_bytes,box_radii,box_shape,box_size,btab_active_mode,btab_active_size_raw,btab_active_tau,btab_active_topk,btab_box_budget,btab_box_size,btab_diagnostic_mode,btab_diagnostic_power_iter,btab_diagnostic_tol,btab_eig_apply_batch_cols,btab_eig_backend,btab_eig_eig_residual_max,btab_eig_eig_residual_median,btab_eig_maxiter,btab_eig_n_ABB_matvec_cols,btab_eig_n_eig_matvec,btab_eig_ncv,btab_eig_ncv_actual,btab_eig_q,btab_eig_size_S,btab_eig_size_T,btab_eig_storage_bytes,btab_eig_theta_q1,btab_eig_theta_q1_over_sigma2,btab_eig_tol,btab_exact_apply_mode,btab_exact_box_max_size,btab_experiment_route,btab_inner_maxiter,btab_inner_precond,btab_inner_tol,btab_outer_gmres_restart,btab_outer_solver,btab_route_group,btab_solve_mode,cg_iters,cg_n_matvec,cg_relres,chol_memory_bytes,chunk_size,dataset_dim,dataset_stem,debug_finite_checks,device_name,diagnostic_mode,diagnostic_n_ASS_matvec,diagnostic_n_A_matvec,diagnostic_n_eig_matvec,diagnostic_n_matvec,diagnostic_n_power_iter,diagnostic_n_precond,dim,efgp_matrix_dim,eig_residual_max,eig_residual_median,eps,exact_apply_mode,gamma,has_nufft,inner_last_relres,inner_max_iters,inner_maxiter,inner_precond,inner_tol,inner_total_iters,inner_total_matvec,inner_total_precond,inverse_memory_bytes,is_warmup,iterations,kernel_family,kernel_lengthscale,kernel_nu,kernel_variance,local_fft_memory_bytes,maxiter,method,mtot,n_matvec,n_precond,n_test,n_train,non_v1_maxiter,nufft_backend,nufft_stage,outer_gmres_restart,outer_iters,outer_relres,outer_solver,outer_status,precond_apply_calls,profile_components,reg_lambda,repeat_idx,rho_max_T,rmse_test,rmse_train,run_seed,sigma2_equiv_reg_lambda,solve_mode,status,t_matvec_avg,t_matvec_total,t_precond_avg,t_precond_total,tail_energy,tail_size,theta_q1_over_sigma2,time_active_set,time_box_gather_avg,time_box_gather_total,time_box_scatter_avg,time_box_scatter_total,time_box_solve_avg,time_box_solve_total,time_build_Ag,time_build_box_matrix,time_build_inverse,time_build_local_fft,time_cholesky,time_diag_avg,time_diag_total,time_eig_setup,time_post_diagnostics,time_precompute,time_precond_build,time_predict,time_solve,time_symmetrize_regularize,time_total,time_total_with_diagnostics,tol,v1_maxiter,version
35721,expanded_box,topk,4096,,4096,0,"[36, 36]","[73, 73]",5329,topk,4096,,4096,80000,5329,cheap,30,0.01,,,,,,,,,,,,,,,,,inverse,20000,group_c,50,diag,0.001,50,auto,group_c,auto,246,247,9.74864327397897e-08,0,,2,synthetic_true_func_2d_ntrain300000000,False,NVIDIA A100-SXM4-40GB,cheap,0,0,0,0,0,0,2,35721,,,1e-05,inverse,299999999.99961233,True,nan,0,50,diag,0.001,0,0,0,454371856,False,246.0,matern,0.1,1.5,1.0,0,3000,btab_auto_topk_4096,189,247,246,75000000,300000000,3000,cufinufft,binned_c1,50,246,9.74864327397897e-08,pcg,converged,246,True,0.1,0,2951.563401371989,0.0017384730030811076,0.30001252072504353,0,0.1,exact,ok,0.0006359747773145087,0.15708576999668367,0.000599203260167346,0.1474040020011671,6372419.880379709,30392,,0.0019790569999713625,4.471541463435716e-05,0.010999992000051861,4.3580060966958376e-05,0.01072069499787176,0.0004120828333230097,0.10137237699746038,0.8722631689997797,0.7462518729998919,0.09515682999972341,0.0,0.024816896000174893,5.601912196808127e-05,0.013780704004147992,,0.0003426180001042667,1.5304670650002663,0.875345882000147,1.527507291999882,1.3316655559997344,0.0060375699999895005,2.8621326210000007,2.862475239000105,1e-07,80000,v6_btab
35721,expanded_box,topk,8192,,8192,0,"[51, 51]","[103, 103]",10609,topk,8192,,8192,80000,10609,cheap,30,0.01,,,,,,,,,,,,,,,,,inverse,20000,group_c,50,diag,0.001,50,auto,group_c,auto,137,138,7.785120110939155e-08,0,,2,synthetic_true_func_2d_ntrain300000000,False,NVIDIA A100-SXM4-40GB,cheap,0,0,0,0,0,0,2,35721,,,1e-05,inverse,299999999.99961233,True,nan,0,50,diag,0.001,0,0,0,1800814096,False,137.0,matern,0.1,1.5,1.0,0,3000,btab_auto_topk_8192,189,138,137,75000000,300000000,3000,cufinufft,binned_c1,50,137,7.785120110939155e-08,pcg,converged,137,True,0.1,0,552.0105234307591,0.0017383863970545812,0.3000125206146191,0,0.1,exact,ok,0.0006388609855172905,0.08816281600138609,0.0016242189854016485,0.22251800100002583,2044451.55891066,25112,,0.0022510349999720347,4.539969346416353e-05,0.006219758004590403,4.75172190001276e-05,0.006509859003017482,0.0014313345474748817,0.19609283300405878,3.7116598440002235,2.9225769869999567,0.6158100689999628,0.0,0.14972868699987885,5.6504693402264846e-05,0.007741142996110284,,0.0003390199999557808,1.530083859000115,3.7150011769999765,1.5271325779999643,4.111196871999709,0.023544101000425144,5.641280730999824,5.64161975099978,1e-07,80000,v6_btab
35721,expanded_box,topk,12288,,12288,0,"[62, 62]","[125, 125]",15625,topk,12288,,12288,80000,15625,cheap,30,0.01,,,,,,,,,,,,,,,,,inverse,20000,group_c,50,diag,0.001,50,auto,group_c,auto,91,92,6.86865264296814e-08,0,,2,synthetic_true_func_2d_ntrain300000000,False,NVIDIA A100-SXM4-40GB,cheap,0,0,0,0,0,0,2,35721,,,1e-05,inverse,299999999.99961233,True,nan,0,50,diag,0.001,0,0,0,3906250000,False,91.0,matern,0.1,1.5,1.0,0,3000,btab_auto_topk_12288,189,92,91,75000000,300000000,3000,cufinufft,binned_c1,50,91,6.86865264296814e-08,pcg,converged,91,True,0.1,0,213.2302517356338,0.0017384165906914936,0.30001252088119124,0,0.1,exact,ok,0.0006837342282423102,0.06290354899829254,0.0032667326373974413,0.29727267000316715,973951.9329724587,20096,,0.0026013259998762805,4.722837364989663e-05,0.004297782002140593,6.166404394677086e-05,0.005611427999156149,0.003048702868134889,0.2774319610002749,10.468395882000095,7.504903485000341,2.2166318169997794,0.0,0.5099767120000251,6.067114286901874e-05,0.005521074001080706,,0.0003042170001208433,1.5299171179999576,10.472125144000074,1.5300568159996146,10.893579338000109,0.23688386799994987,12.423496456000066,12.423800673000187,1e-07,80000,v6_btab
35721,expanded_box,topk,20480,,20480,0,"[80, 80]","[161, 161]",25921,topk,20480,,20480,80000,25921,cheap,30,0.01,,cupy,2.8263918819441192e-14,2.4239314430434345e-15,960,418,418,,418,192,25921,9800,79632384,89464.75748253193,894647.5748253192,0.001,boxeig,20000,group_c,50,diag,0.001,50,auto,group_c,boxeig,1695,1696,9.297587208301039e-08,0,,2,synthetic_true_func_2d_ntrain300000000,False,NVIDIA A100-SXM4-40GB,cheap,192,0,192,192,0,0,2,35721,2.8263918819441192e-14,2.4239314430434345e-15,1e-05,boxeig,299999999.99961233,True,nan,0,0,,nan,0,0,0,0,False,1695.0,matern,0.1,1.5,1.0,1648656,3000,btab_boxeig_topk_20480_q192,189,1696,1695,75000000,300000000,3000,cufinufft,binned_c1,50,1695,9.297587208301039e-08,pcg,converged,1695,True,0.1,0,61.117451836373945,0.0017383906288514776,0.3000125275287755,0,0.1,boxeig,ok,0.0006571670300701271,1.1145552829989356,0.0004567018979297972,0.7741097169910063,245733.59308476432,9800,894647.5748253192,0.00340939600027923,4.63894949842942e-05,0.07863019399837867,4.15441144632442e-05,0.07041727401519893,0.0002683243622371085,0.4548097939918989,0.43187408599987975,0.0,0.0,0.004109101999802078,0.0,5.805356932075019e-05,0.09840079999867157,0.4277649840000777,0.07996735799997623,1.5302391049999642,0.4359874699998727,1.5276961199997459,3.4090627589998803,0.0,4.9393018639998445,5.019269221999821,1e-07,80000,v7_btab_boxeig
35721,expanded_box,topk,20480,,20480,0,"[80, 80]","[161, 161]",25921,topk,20480,,20480,80000,25921,cheap,30,0.01,,cupy,3.099291158127943e-14,4.342325630432807e-15,1280,546,546,,546,256,25921,9800,106176512,45066.182471153545,450661.8247115354,0.001,boxeig,20000,group_c,50,diag,0.001,50,auto,group_c,boxeig,1196,1197,9.804702562523998e-08,0,,2,synthetic_true_func_2d_ntrain300000000,False,NVIDIA A100-SXM4-40GB,cheap,256,0,256,256,0,0,2,35721,3.099291158127943e-14,4.342325630432807e-15,1e-05,boxeig,299999999.99961233,True,nan,0,0,,nan,0,0,0,0,False,1196.0,matern,0.1,1.5,1.0,1648656,3000,btab_boxeig_topk_20480_q256,189,1197,1196,75000000,300000000,3000,cufinufft,binned_c1,50,1196,9.804702562523998e-08,pcg,converged,1196,True,0.1,0,61.117451836373945,0.0017384911836714223,0.30001252776582177,0,0.1,boxeig,ok,0.0006579616140279252,0.7875800519914264,0.0004764152324396248,0.5697926179977912,245733.59308476432,9800,450661.8247115354,0.003845503999855282,4.69230300964273e-05,0.05611994399532705,4.1987137967794676e-05,0.050216617009482434,0.0002865638486626717,0.34273036300055537,0.4989039950005463,0.0,0.0,0.0010793350002131774,0.0,5.8104510872622646e-05,0.06949299500365669,0.4978246600003331,0.1075408100000459,1.5291654220000055,0.5035606460000963,1.5325152279997383,2.630655112000113,0.0,4.159820534000119,4.2673613440001645,1e-07,80000,v7_btab_boxeig
35721,expanded_box,topk,20480,,20480,0,"[80, 80]","[161, 161]",25921,topk,20480,,20480,80000,25921,cheap,30,0.01,,cupy,1.371685683541544e-13,6.9005410284400454e-15,1600,674,674,,674,320,25921,9800,132720640,26920.289736935858,269202.8973693586,0.001,boxeig,20000,group_c,50,diag,0.001,50,auto,group_c,boxeig,879,880,9.709471289699791e-08,0,,2,synthetic_true_func_2d_ntrain300000000,False,NVIDIA A100-SXM4-40GB,cheap,320,0,320,320,0,0,2,35721,1.371685683541544e-13,6.9005410284400454e-15,1e-05,boxeig,299999999.99961233,True,nan,0,0,,nan,0,0,0,0,False,879.0,matern,0.1,1.5,1.0,1648656,3000,btab_boxeig_topk_20480_q320,189,880,879,75000000,300000000,3000,cufinufft,binned_c1,50,879,9.709471289699791e-08,pcg,converged,879,True,0.1,0,61.117451836373945,0.0017383618170421157,0.30001252891183167,0,0.1,boxeig,ok,0.00065154291590323,0.5733577659948423,0.0004989730045456371,0.43859727099561496,245733.59308476432,9800,269202.8973693586,0.00342839399991135,4.6105204769079256e-05,0.04052647499202067,4.1088575653909655e-05,0.03611685799978659,0.0003111769249143507,0.27352451699971425,0.6167886820003332,0.0,0.0,0.001064664000296034,0.0,5.8025754265171094e-05,0.05100463799908539,0.6157240180000372,0.13704259099995397,1.5286568999999872,0.6211336839996875,1.5345920869999645,2.192171559000144,0.0,3.7208284590001313,3.8578710500000852,1e-07,80000,v7_btab_boxeig
35721,expanded_box,topk,20480,,20480,0,"[80, 80]","[161, 161]",25921,topk,20480,,20480,80000,25921,cheap,30,0.01,,cupy,1.8198132209045877e-13,8.844987201351669e-15,1920,802,802,,802,384,25921,9800,159264768,17261.100082979247,172611.00082979247,0.001,boxeig,20000,group_c,50,diag,0.001,50,auto,group_c,boxeig,686,687,9.824852430292172e-08,0,,2,synthetic_true_func_2d_ntrain300000000,False,NVIDIA A100-SXM4-40GB,cheap,384,0,384,384,0,0,2,35721,1.8198132209045877e-13,8.844987201351669e-15,1e-05,boxeig,299999999.99961233,True,nan,0,0,,nan,0,0,0,0,False,686.0,matern,0.1,1.5,1.0,1648656,3000,btab_boxeig_topk_20480_q384,189,687,686,75000000,300000000,3000,cufinufft,binned_c1,50,686,9.824852430292172e-08,pcg,converged,686,True,0.1,0,61.117451836373945,0.0017379954741412892,0.30001252936034145,0,0.1,boxeig,ok,0.000645728328970414,0.4436153620026744,0.0005386897915428541,0.36954119699839794,245733.59308476432,9800,172611.00082979247,0.00339568799972767,4.5816172008656054e-05,0.03142989399793805,4.0420288626196994e-05,0.02772831799757114,0.0003530212609328495,0.24217258499993477,0.8086721110003054,0.0,0.0,0.0010099600003741216,0.0,5.692832798092132e-05,0.03905283299491202,0.8076621509999313,0.1654351490001318,1.5284668640001655,0.8130527489997803,1.5318025360002139,2.0569000829996185,0.0,3.585366946999784,3.7508020959999158,1e-07,80000,v7_btab_boxeig
35721,expanded_box,topk,20480,,20480,0,"[80, 80]","[161, 161]",25921,topk,20480,,20480,80000,25921,cheap,30,0.01,,cupy,3.334088153853562e-13,1.3681272194075298e-14,2240,930,930,,930,448,25921,9800,185808896,12033.775889358494,120337.75889358493,0.001,boxeig,20000,group_c,50,diag,0.001,50,auto,group_c,boxeig,555,556,9.945097519640581e-08,0,,2,synthetic_true_func_2d_ntrain300000000,False,NVIDIA A100-SXM4-40GB,cheap,448,0,448,448,0,0,2,35721,3.334088153853562e-13,1.3681272194075298e-14,1e-05,boxeig,299999999.99961233,True,nan,0,0,,nan,0,0,0,0,False,555.0,matern,0.1,1.5,1.0,1648656,3000,btab_boxeig_topk_20480_q448,189,556,555,75000000,300000000,3000,cufinufft,binned_c1,50,555,9.945097519640581e-08,pcg,converged,555,True,0.1,0,61.117451836373945,0.0017378801991954883,0.3000125299867278,0,0.1,boxeig,ok,0.0006519145665369441,0.3624644989945409,0.0005811318180185317,0.3225281590002851,245733.59308476432,9800,120337.75889358493,0.0034602549999362964,4.629276937103478e-05,0.025692487000924302,4.0639520711346784e-05,0.022554933994797466,0.00039405562521907896,0.21870087199658883,0.8949216430000888,0.0,0.0,0.0010078600002998428,0.0,5.739228288245965e-05,0.03185271699976511,0.893913782999789,0.18384577500000887,1.5284640519998902,0.8994680340001651,1.5295653979997041,1.9370711860001393,0.0,3.4655352380000295,3.6493810130000384,1e-07,80000,v7_btab_boxeig
35721,expanded_box,topk,25720,,25720,0,"[90, 90]","[181, 181]",32761,topk,25720,,25720,80000,32761,cheap,30,0.01,,cupy,3.569298360843592e-14,2.287299359174298e-15,960,418,418,,418,192,32761,2960,100644864,89464.77962075797,894647.7962075797,0.001,boxeig,20000,group_c,50,diag,0.001,50,auto,group_c,boxeig,1845,1846,9.704861882959185e-08,0,,2,synthetic_true_func_2d_ntrain300000000,False,NVIDIA A100-SXM4-40GB,cheap,192,0,192,192,0,0,2,35721,3.569298360843592e-14,2.287299359174298e-15,1e-05,boxeig,299999999.99961233,True,nan,0,0,,nan,0,0,0,0,False,1845.0,matern,0.1,1.5,1.0,2085136,3000,btab_boxeig_topk_25720_q192,189,1846,1845,75000000,300000000,3000,cufinufft,binned_c1,50,1845,9.704861882959185e-08,pcg,converged,1845,True,0.1,0,34.22564399829071,0.0017385896721006334,0.3000125285787036,0,0.1,boxeig,ok,0.0006445513385799371,1.189841771018564,0.00046957613442046676,0.8663679680057612,55168.59487875234,2960,894647.7962075797,0.003859285000089585,4.578699024212867e-05,0.0844769969967274,4.045194037572773e-05,0.07463382999321766,0.0002840986455196633,0.5241620009837789,0.5943344759998581,0.0,0.0,0.170633173999704,0.0,5.7412126824081664e-05,0.10592537399043067,0.4237013020001541,0.08226211800001693,1.528729839999869,0.598981651000031,1.528907853000419,3.815942000999712,0.0,5.344671840999581,5.426933958999598,1e-07,80000,v7_btab_boxeig
35721,expanded_box,topk,25720,,25720,0,"[90, 90]","[181, 181]",32761,topk,25720,,25720,80000,32761,cheap,30,0.01,,cupy,3.884886398628145e-14,5.376790709646253e-15,1280,546,546,,546,256,32761,2960,134193152,45066.20272498232,450662.0272498232,0.001,boxeig,20000,group_c,50,diag,0.001,50,auto,group_c,boxeig,1322,1323,9.980254405688124e-08,0,,2,synthetic_true_func_2d_ntrain300000000,False,NVIDIA A100-SXM4-40GB,cheap,256,0,256,256,0,0,2,35721,3.884886398628145e-14,5.376790709646253e-15,1e-05,boxeig,299999999.99961233,True,nan,0,0,,nan,0,0,0,0,False,1322.0,matern,0.1,1.5,1.0,2085136,3000,btab_boxeig_topk_25720_q256,189,1323,1322,75000000,300000000,3000,cufinufft,binned_c1,50,1322,9.980254405688124e-08,pcg,converged,1322,True,0.1,0,34.22564399829071,0.00173866902821224,0.3000125285866507,0,0.1,boxeig,ok,0.0006404293786866207,0.8472880680023991,0.0005163100574898005,0.6825618960015163,55168.59487875234,2960,450662.0272498232,0.0039795799998501025,4.576920422978673e-05,0.06050688799177806,4.023999848264661e-05,0.05319727799405882,0.0003313801815451131,0.4380846000026395,0.4888808059999974,0.0,0.0,0.0010409090000393917,0.0,5.6945805589075656e-05,0.07528235498875802,0.487839896999958,0.10242154200022924,1.5299213059997783,0.49374850599997444,1.53265730000021,2.8481213879999814,0.0,4.37804269399976,4.480464235999989,1e-07,80000,v7_btab_boxeig
35721,expanded_box,topk,25720,,25720,0,"[90, 90]","[181, 181]",32761,topk,25720,,25720,80000,32761,cheap,30,0.01,,cupy,4.718430427704948e-14,7.901547991450971e-15,1600,674,674,,674,320,32761,2960,167741440,26920.311566611363,269203.1156661136,0.001,boxeig,20000,group_c,50,diag,0.001,50,auto,group_c,boxeig,1017,1018,9.31352347378679e-08,0,,2,synthetic_true_func_2d_ntrain300000000,False,NVIDIA A100-SXM4-40GB,cheap,320,0,320,320,0,0,2,35721,4.718430427704948e-14,7.901547991450971e-15,1e-05,boxeig,299999999.99961233,True,nan,0,0,,nan,0,0,0,0,False,1017.0,matern,0.1,1.5,1.0,2085136,3000,btab_boxeig_topk_25720_q320,189,1018,1017,75000000,300000000,3000,cufinufft,binned_c1,50,1017,9.31352347378679e-08,pcg,converged,1017,True,0.1,0,34.22564399829071,0.00173859291778097,0.3000125290897739,0,0.1,boxeig,ok,0.0006471563349699049,0.6588051489993632,0.0005564420540898563,0.5659015690093838,55168.59487875234,2960,269203.1156661136,0.0038816339997538307,4.5612804328816234e-05,0.04638822200240611,4.070393018394649e-05,0.04139589699707358,0.00037032503932996557,0.376620564998575,0.6090480570001091,0.0,0.0,0.001022022000142897,0.0,5.725292526727167e-05,0.05822622499681529,0.6080260349999662,0.12733540499993978,1.5286600869999347,0.6139151960001072,1.5288234690001445,2.4826100569998744,0.0,4.011270143999809,4.138605548999749,1e-07,80000,v7_btab_boxeig
35721,expanded_box,topk,25720,,25720,0,"[90, 90]","[181, 181]",32761,topk,25720,,25720,80000,32761,cheap,30,0.01,,cupy,1.1862964152400913e-13,1.1054445060807673e-14,1920,802,802,,802,384,32761,2960,201289728,17261.122440773554,172611.2244077355,0.001,boxeig,20000,group_c,50,diag,0.001,50,auto,group_c,boxeig,728,729,9.989725455135487e-08,0,,2,synthetic_true_func_2d_ntrain300000000,False,NVIDIA A100-SXM4-40GB,cheap,384,0,384,384,0,0,2,35721,1.1862964152400913e-13,1.1054445060807673e-14,1e-05,boxeig,299999999.99961233,True,nan,0,0,,nan,0,0,0,0,False,728.0,matern,0.1,1.5,1.0,2085136,3000,btab_boxeig_topk_25720_q384,189,729,728,75000000,300000000,3000,cufinufft,binned_c1,50,728,9.989725455135487e-08,pcg,converged,728,True,0.1,0,34.22564399829071,0.0017385363488655304,0.3000125345496816,0,0.1,boxeig,ok,0.0006465103744920492,0.4713060630047039,0.0006011887074088498,0.43766537899364266,55168.59487875234,2960,172611.2244077355,0.00387518999968961,4.566531868334466e-05,0.03324435200147491,4.1145629120739695e-05,0.029954017999898497,0.00041471437225919336,0.30191206300469275,0.732189302000279,0.0,0.0,0.0010177310000472062,0.0,5.706872939936647e-05,0.04154603500273879,0.7311715710002318,0.15193955399990955,1.5289265189999242,0.7371896530003141,1.526993532999768,2.1059069850002743,0.0,3.6348335040001984,3.786773058000108,1e-07,80000,v7_btab_boxeig
35721,expanded_box,topk,25720,,25720,0,"[90, 90]","[181, 181]",32761,topk,25720,,25720,80000,32761,cheap,30,0.01,,cupy,3.470208830803783e-13,1.2100624089753069e-14,2240,930,930,,930,448,32761,2960,234838016,12033.79920782065,120337.99207820649,0.001,boxeig,20000,group_c,50,diag,0.001,50,auto,group_c,boxeig,618,619,9.777779949429426e-08,0,,2,synthetic_true_func_2d_ntrain300000000,False,NVIDIA A100-SXM4-40GB,cheap,448,0,448,448,0,0,2,35721,3.470208830803783e-13,1.2100624089753069e-14,1e-05,boxeig,299999999.99961233,True,nan,0,0,,nan,0,0,0,0,False,618.0,matern,0.1,1.5,1.0,2085136,3000,btab_boxeig_topk_25720_q448,189,619,618,75000000,300000000,3000,cufinufft,binned_c1,50,618,9.777779949429426e-08,pcg,converged,618,True,0.1,0,34.22564399829071,0.0017386919606205645,0.3000125338344857,0,0.1,boxeig,ok,0.0006460827851187258,0.3999252439884913,0.0006525950064669785,0.4033037139965927,55168.59487875234,2960,120337.99207820649,0.0038271290000011504,4.603662621637246e-05,0.028450635001718183,4.1422383495408265e-05,0.025599033000162308,0.0004652276796210884,0.2875107060058326,0.8707712609998453,0.0,0.0,0.0010071599999719183,0.0,5.729479612249145e-05,0.035408184003699716,0.8697641009998733,0.17855611899994983,1.5285770350001258,0.8758516020002389,1.5292163879998952,2.0724917339998683,0.0,3.601068768999994,3.779624887999944,1e-07,80000,v7_btab_boxeig
35721,expanded_box,topk,35721,,35721,0,"[94, 94]","[189, 189]",35721,topk,35721,,35721,80000,35721,cheap,30,0.01,,cupy,2.878570272621158e-14,2.9855472757599928e-15,960,418,418,,418,192,35721,0,109737984,89464.78466059166,894647.8466059165,0.001,boxeig,20000,group_c,50,diag,0.001,50,auto,group_c,boxeig,1169,1170,9.320599183608511e-08,0,,2,synthetic_true_func_2d_ntrain300000000,False,NVIDIA A100-SXM4-40GB,cheap,192,0,192,192,0,0,2,35721,2.878570272621158e-14,2.9855472757599928e-15,1e-05,boxeig,299999999.99961233,True,nan,0,0,,nan,0,0,0,0,False,1169.0,matern,0.1,1.5,1.0,2274064,3000,btab_boxeig_topk_35721_q192,189,1170,1169,75000000,300000000,3000,cufinufft,binned_c1,50,1169,9.320599183608511e-08,pcg,converged,1169,True,0.1,0,0.0,0.0017389511467502724,0.30001252843886567,0,0.1,boxeig,ok,0.0006439095735105285,0.7533742010073183,0.0004369244362628282,0.5107646659912461,0.0,0,894647.8466059165,0.0046173929999895336,1.6814324213062405e-05,0.019655945005069952,3.121585201686053e-05,0.03649133100770996,0.0002913764123308745,0.3406190260147923,0.42986680600006366,0.0,0.0,0.0009369509998577996,0.0,5.716428571489833e-05,0.06682505000071615,0.42892985500020586,0.08108745899971836,1.5290147229998183,0.4352994280002349,1.5281246930003363,2.437695927999812,0.0,3.96671065099963,4.0477981099993485,1e-07,80000,v7_btab_boxeig
35721,expanded_box,topk,35721,,35721,0,"[94, 94]","[189, 189]",35721,topk,35721,,35721,80000,35721,cheap,30,0.01,,cupy,4.8161013514749456e-14,5.023068060993326e-15,1280,546,546,,546,256,35721,0,146317312,45066.20729567725,450662.0729567725,0.001,boxeig,20000,group_c,50,diag,0.001,50,auto,group_c,boxeig,830,831,9.958768397224837e-08,0,,2,synthetic_true_func_2d_ntrain300000000,False,NVIDIA A100-SXM4-40GB,cheap,256,0,256,256,0,0,2,35721,4.8161013514749456e-14,5.023068060993326e-15,1e-05,boxeig,299999999.99961233,True,nan,0,0,,nan,0,0,0,0,False,830.0,matern,0.1,1.5,1.0,2274064,3000,btab_boxeig_topk_35721_q256,189,831,830,75000000,300000000,3000,cufinufft,binned_c1,50,830,9.958768397224837e-08,pcg,converged,830,True,0.1,0,0.0,0.0017389453382506098,0.3000125299696217,0,0.1,boxeig,ok,0.0006472155403048227,0.5378361139933077,0.0004904298120436579,0.40705674399623604,0.0,0,450662.0729567725,0.004551266999897052,1.7091265068214502e-05,0.014185750006618036,3.117371203758472e-05,0.025874180991195317,0.0003444614494018895,0.2859030030035683,0.4957685350000247,0.0,0.0,0.0009064189998753136,0.0,5.7159998803684406e-05,0.047442799007058056,0.4948621160001494,0.10869369700003517,1.5284363679998023,0.5012717750000775,1.5294008139999278,1.9724973520001186,0.0,3.500933719999921,3.609627416999956,1e-07,80000,v7_btab_boxeig
35721,expanded_box,topk,35721,,35721,0,"[94, 94]","[189, 189]",35721,topk,35721,,35721,80000,35721,cheap,30,0.01,,cupy,6.101195062979532e-14,8.097760600055876e-15,1600,674,674,,674,320,35721,0,182896640,26920.316466578057,269203.16466578055,0.001,boxeig,20000,group_c,50,diag,0.001,50,auto,group_c,boxeig,643,644,9.981092760845652e-08,0,,2,synthetic_true_func_2d_ntrain300000000,False,NVIDIA A100-SXM4-40GB,cheap,320,0,320,320,0,0,2,35721,6.101195062979532e-14,8.097760600055876e-15,1e-05,boxeig,299999999.99961233,True,nan,0,0,,nan,0,0,0,0,False,643.0,matern,0.1,1.5,1.0,2274064,3000,btab_boxeig_topk_35721_q320,189,644,643,75000000,300000000,3000,cufinufft,binned_c1,50,643,9.981092760845652e-08,pcg,converged,643,True,0.1,0,0.0,0.0017391380104093128,0.3000125306719092,0,0.1,boxeig,ok,0.0006518004937900215,0.4197595180007738,0.0005416519517892489,0.348282205000487,0.0,0,269203.16466578055,0.004707154000243463,1.7263850691440604e-05,0.011100655994596309,3.2589937783987505e-05,0.020955329995103966,0.0003938910279947965,0.25327193100065415,0.6288638919995719,0.0,0.0,0.0009425989996998396,0.0,5.683597199952107e-05,0.03654552999569205,0.6279212929998721,0.13562579100016592,1.5287132490002477,0.6346770740001375,1.5286239019997083,1.815794538999853,0.0,3.344507788000101,3.4801335790002668,1e-07,80000,v7_btab_boxeig
35721,expanded_box,topk,35721,,35721,0,"[94, 94]","[189, 189]",35721,topk,35721,,35721,80000,35721,cheap,30,0.01,,cupy,1.8155663581069172e-13,1.2292763101628359e-14,1920,802,802,,802,384,35721,0,219475968,17261.1274690394,172611.27469039397,0.001,boxeig,20000,group_c,50,diag,0.001,50,auto,group_c,boxeig,505,506,9.734644074602302e-08,0,,2,synthetic_true_func_2d_ntrain300000000,False,NVIDIA A100-SXM4-40GB,cheap,384,0,384,384,0,0,2,35721,1.8155663581069172e-13,1.2292763101628359e-14,1e-05,boxeig,299999999.99961233,True,nan,0,0,,nan,0,0,0,0,False,505.0,matern,0.1,1.5,1.0,2274064,3000,btab_boxeig_topk_35721_q384,189,506,505,75000000,300000000,3000,cufinufft,binned_c1,50,505,9.734644074602302e-08,pcg,converged,505,True,0.1,0,0.0,0.001739177754706714,0.3000125325603018,0,0.1,boxeig,ok,0.0006508420118430884,0.3293260579926027,0.0006057565623819701,0.3059070640028949,0.0,0,172611.27469039397,0.0046249849997366255,1.714287327648899e-05,0.00865715100462694,3.274962376386917e-05,0.016538560000753932,0.00045556011681952387,0.23005785899385955,2.2521720160002587,0.0,0.0,0.0009275920001527993,0.0,5.906705941069418e-05,0.029828865002400562,2.251244424000106,0.15868437099970834,1.5285322499998983,2.2580136980000134,1.5261248530000557,3.2170378890000393,0.0,4.745570138999938,4.904254509999646,1e-07,80000,v7_btab_boxeig
35721,expanded_box,topk,35721,,35721,0,"[94, 94]","[189, 189]",35721,topk,35721,,35721,80000,35721,cheap,30,0.01,,cupy,2.5594962753024424e-13,1.2952773292580763e-14,2240,930,930,,930,448,35721,0,256055296,12033.804541007536,120338.04541007536,0.001,boxeig,20000,group_c,50,diag,0.001,50,auto,group_c,boxeig,410,411,9.781095264899033e-08,0,,2,synthetic_true_func_2d_ntrain300000000,False,NVIDIA A100-SXM4-40GB,cheap,448,0,448,448,0,0,2,35721,2.5594962753024424e-13,1.2952773292580763e-14,1e-05,boxeig,299999999.99961233,True,nan,0,0,,nan,0,0,0,0,False,410.0,matern,0.1,1.5,1.0,2274064,3000,btab_boxeig_topk_35721_q448,189,411,410,75000000,300000000,3000,cufinufft,binned_c1,50,410,9.781095264899033e-08,pcg,converged,410,True,0.1,0,0.0,0.0017394811739170626,0.30001253429125807,0,0.1,boxeig,ok,0.0006536566618113222,0.2686528880044534,0.000665494656097907,0.27285280900014186,0.0,0,120338.04541007536,0.004564703999676567,1.7116697571088102e-05,0.007017846004146122,3.385356340337106e-05,0.013879960995382135,0.0005143737170805608,0.2108932240030299,2.619832745000167,0.0,0.0,0.000915942000119685,0.0,5.847716096490685e-05,0.02397563599561181,2.6189168030000474,0.185862502999953,1.5285189820001506,2.6258901080000214,1.5282189210001889,3.4339013609996982,0.0,4.962420342999849,5.148282845999802,1e-07,80000,v7_btab_boxeig
35721,expanded_box,topk,4096,,4096,0,"[36, 36]","[73, 73]",5329,topk,4096,,4096,80000,5329,cheap,30,0.01,,,,,,,,,,,,,,,,,inverse,20000,group_c,50,diag,0.001,50,auto,group_c,auto,187,188,8.731252872538094e-08,0,,2,synthetic_true_func_2d_ntrain100000000,False,NVIDIA A100-SXM4-40GB,cheap,0,0,0,0,0,0,2,35721,,,1e-05,inverse,99999999.99987099,True,nan,0,50,diag,0.001,0,0,0,454371856,False,187.0,matern,0.1,1.5,1.0,0,3000,btab_auto_topk_4096,189,188,187,25000000,100000000,3000,cufinufft,binned_c1,50,187,8.731252872538094e-08,pcg,converged,187,True,0.1,0,983.8544610406407,0.0029679827985989904,0.3000157021256962,0,0.1,exact,ok,0.0006416689840404054,0.12063376899959621,0.0006032519304377751,0.11280811099186394,2124139.946790334,30392,,0.0019372789997760265,4.517555078778327e-05,0.008447827997315471,4.401918183009882e-05,0.00823158700222848,0.0004140518395679027,0.0774276939991978,0.877956198999982,0.7519751449999603,0.09512231999997312,0.0,0.02481611500024883,5.678111765908222e-05,0.010618069002248376,,0.0003126930000689754,0.5262008690001494,0.880962178000118,0.5109340399999382,1.230916943000011,0.006042618999799743,1.7571178120001605,1.7574305050002295,1e-07,80000,v6_btab
35721,expanded_box,topk,8192,,8192,0,"[51, 51]","[103, 103]",10609,topk,8192,,8192,80000,10609,cheap,30,0.01,,,,,,,,,,,,,,,,,inverse,20000,group_c,50,diag,0.001,50,auto,group_c,auto,86,87,8.882182891857667e-08,0,,2,synthetic_true_func_2d_ntrain100000000,False,NVIDIA A100-SXM4-40GB,cheap,0,0,0,0,0,0,2,35721,,,1e-05,inverse,99999999.99987099,True,nan,0,50,diag,0.001,0,0,0,1800814096,False,86.0,matern,0.1,1.5,1.0,0,3000,btab_auto_topk_8192,189,87,86,25000000,100000000,3000,cufinufft,binned_c1,50,86,8.882182891857667e-08,pcg,converged,86,True,0.1,0,184.00350665311925,0.0029680504251071555,0.3000157022232795,0,0.1,exact,ok,0.0006440106896410851,0.0560289299987744,0.0016278905581107528,0.13999858799752474,681483.8486543932,25112,,0.002232617000117898,4.5125279024601735e-05,0.0038807739961157495,4.798584880750981e-05,0.004126782997445844,0.0014339280348796694,0.12331781099965156,3.7206025489999774,2.935328955999921,0.6163736759999665,0.0,0.1453522179999709,5.6815348819137126e-05,0.004886119998445793,,0.00026827900001080707,0.5258414479999374,3.7239451920004285,0.51050953999993,3.9740313839997725,0.023547699000118882,4.49987283199971,4.500141110999721,1e-07,80000,v6_btab
35721,expanded_box,topk,12288,,12288,0,"[62, 62]","[125, 125]",15625,topk,12288,,12288,80000,15625,cheap,30,0.01,,,,,,,,,,,,,,,,,inverse,20000,group_c,50,diag,0.001,50,auto,group_c,auto,60,61,9.227265491291375e-08,0,,2,synthetic_true_func_2d_ntrain100000000,False,NVIDIA A100-SXM4-40GB,cheap,0,0,0,0,0,0,2,35721,,,1e-05,inverse,99999999.99987099,True,nan,0,50,diag,0.001,0,0,0,3906250000,False,60.0,matern,0.1,1.5,1.0,0,3000,btab_auto_topk_12288,189,61,60,25000000,100000000,3000,cufinufft,binned_c1,50,60,9.227265491291375e-08,pcg,converged,60,True,0.1,0,71.07675012908486,0.00296806528867095,0.3000157019098083,0,0.1,exact,ok,0.0006487706393690147,0.0395750090015099,0.0032548788166650413,0.19529272899990247,324650.64226250426,20096,,0.002587574999779463,4.513466664472313e-05,0.002708079998683388,4.9112716609063986e-05,0.002946762996543839,0.003059547783376123,0.18357286700256736,8.609594824999931,6.340055950000078,1.8507185129997197,0.0,0.36701980499992715,5.6188383359767614e-05,0.0033713030015860568,,0.0002424670001346385,0.5261054839997996,8.613298716999907,0.510881358000006,8.8861361940003,0.05180055700020603,9.4122416780001,9.412484145000235,1e-07,80000,v6_btab
35721,expanded_box,topk,20480,,20480,0,"[80, 80]","[161, 161]",25921,topk,20480,,20480,80000,25921,cheap,30,0.01,,cupy,4.486828129819642e-14,2.194202858939531e-15,960,418,418,,418,192,25921,9800,79632384,29823.622197696855,298236.2219769685,0.001,boxeig,20000,group_c,50,diag,0.001,50,auto,group_c,boxeig,1404,1405,9.680040755393641e-08,0,,2,synthetic_true_func_2d_ntrain100000000,False,NVIDIA A100-SXM4-40GB,cheap,192,0,192,192,0,0,2,35721,4.486828129819642e-14,2.194202858939531e-15,1e-05,boxeig,99999999.99987099,True,nan,0,0,,nan,0,0,0,0,False,1404.0,matern,0.1,1.5,1.0,1648656,3000,btab_boxeig_topk_20480_q192,189,1405,1404,25000000,100000000,3000,cufinufft,binned_c1,50,1404,9.680040755393641e-08,pcg,converged,1404,True,0.1,0,20.37248381602624,0.002968136539961559,0.3000157082356967,0,0.1,boxeig,ok,0.0006409370192188388,0.9005165120024685,0.0004477615576972203,0.6286572270068973,81911.19717359901,9800,298236.2219769685,0.0033760639998945408,4.538374358770026e-05,0.06371877599713116,4.017474429799722e-05,0.0564053409943881,0.000263238831183588,0.36958731898175756,0.3886678740000207,0.0,0.0,0.0010160490000998834,0.0,5.7159495730713565e-05,0.08025193200592184,0.3876518249999208,0.07956147200002306,0.5257099890000063,0.3927542039996297,0.512469536000026,2.8012175619996924,0.0,3.3269275509996987,3.406489022999722,1e-07,80000,v7_btab_boxeig
35721,expanded_box,topk,20480,,20480,0,"[80, 80]","[161, 161]",25921,topk,20480,,20480,80000,25921,cheap,30,0.01,,cupy,4.516495123678791e-14,4.281736844124348e-15,1280,546,546,,546,256,25921,9800,106176512,15023.303580842125,150233.03580842123,0.001,boxeig,20000,group_c,50,diag,0.001,50,auto,group_c,boxeig,976,977,9.695355643175153e-08,0,,2,synthetic_true_func_2d_ntrain100000000,False,NVIDIA A100-SXM4-40GB,cheap,256,0,256,256,0,0,2,35721,4.516495123678791e-14,4.281736844124348e-15,1e-05,boxeig,99999999.99987099,True,nan,0,0,,nan,0,0,0,0,False,976.0,matern,0.1,1.5,1.0,1648656,3000,btab_boxeig_topk_20480_q256,189,977,976,25000000,100000000,3000,cufinufft,binned_c1,50,976,9.695355643175153e-08,pcg,converged,976,True,0.1,0,20.37248381602624,0.0029680363347893662,0.30001570909296005,0,0.1,boxeig,ok,0.0006427562988687407,0.6279729039947597,0.00046453597028714476,0.4533871070002533,81911.19717359901,9800,150233.03580842123,0.0035642249999909836,4.551765163319405e-05,0.044425227993997396,3.971615675333001e-05,0.03876296899125009,0.0002814059159794531,0.2746521739959462,0.481099691000054,0.0,0.0,0.0012156529996900645,0.0,5.611230942968476e-05,0.05476561400337232,0.47988403800036394,0.10560804399983681,0.5266489540003931,0.48548116299980393,0.5241698470003939,2.1750452909996056,0.0,2.7016942449999988,2.8073022889998356,1e-07,80000,v7_btab_boxeig
35721,expanded_box,topk,20480,,20480,0,"[80, 80]","[161, 161]",25921,topk,20480,,20480,80000,25921,cheap,30,0.01,,cupy,9.242227669652032e-14,6.3325350711253435e-15,1600,674,674,,674,320,25921,9800,132720640,8975.141081583679,89751.41081583679,0.001,boxeig,20000,group_c,50,diag,0.001,50,auto,group_c,boxeig,769,770,9.539481857734952e-08,0,,2,synthetic_true_func_2d_ntrain100000000,False,NVIDIA A100-SXM4-40GB,cheap,320,0,320,320,0,0,2,35721,9.242227669652032e-14,6.3325350711253435e-15,1e-05,boxeig,99999999.99987099,True,nan,0,0,,nan,0,0,0,0,False,769.0,matern,0.1,1.5,1.0,1648656,3000,btab_boxeig_topk_20480_q320,189,770,769,25000000,100000000,3000,cufinufft,binned_c1,50,769,9.539481857734952e-08,pcg,converged,769,True,0.1,0,20.37248381602624,0.0029680132652607615,0.30001570864780525,0,0.1,boxeig,ok,0.0006419297623348006,0.49428591699779645,0.0004910504070294846,0.3776177630056736,81911.19717359901,9800,89751.41081583679,0.0034534619999249117,4.494464499087564e-05,0.03456243199798337,4.0203174248579623e-05,0.03091624099715773,0.0003081068413460773,0.23693416099513342,0.5905191059996469,0.0,0.0,0.0010268119999636838,0.0,5.611411833436005e-05,0.04315175699912288,0.5894922939996832,0.13214728900038608,0.5258731469998565,0.5948444139999083,0.5283579299998564,1.9459632220000458,0.0,2.4718363689999023,2.6039836580002884,1e-07,80000,v7_btab_boxeig
35721,expanded_box,topk,20480,,20480,0,"[80, 80]","[161, 161]",25921,topk,20480,,20480,80000,25921,cheap,30,0.01,,cupy,7.975687628882106e-14,8.669339134025687e-15,1920,802,802,,802,384,25921,9800,159264768,5753.238377586241,57532.38377586241,0.001,boxeig,20000,group_c,50,diag,0.001,50,auto,group_c,boxeig,613,614,9.484630550181375e-08,0,,2,synthetic_true_func_2d_ntrain100000000,False,NVIDIA A100-SXM4-40GB,cheap,384,0,384,384,0,0,2,35721,7.975687628882106e-14,8.669339134025687e-15,1e-05,boxeig,99999999.99987099,True,nan,0,0,,nan,0,0,0,0,False,613.0,matern,0.1,1.5,1.0,1648656,3000,btab_boxeig_topk_20480_q384,189,614,613,25000000,100000000,3000,cufinufft,binned_c1,50,613,9.484630550181375e-08,pcg,converged,613,True,0.1,0,20.37248381602624,0.002967944615138896,0.3000157088583224,0,0.1,boxeig,ok,0.0006488777540817666,0.39841094100620467,0.0005396261402971922,0.33079082400217885,81911.19717359901,9800,57532.38377586241,0.003405175999887433,4.518608971360082e-05,0.0276990729944373,4.057367536611836e-05,0.024871662999430555,0.00035395400651740117,0.2169738059951669,0.7167990560001272,0.0,0.0,0.001014198000120814,0.0,5.767806034373057e-05,0.03535665099070684,0.7157848580000064,0.15961666600014723,0.5260772930000712,0.7211954250001327,0.5107700480002677,1.8370450289999098,0.0,2.363122321999981,2.5227389880001283,1e-07,80000,v7_btab_boxeig
35721,expanded_box,topk,20480,,20480,0,"[80, 80]","[161, 161]",25921,topk,20480,,20480,80000,25921,cheap,30,0.01,,cupy,3.2239529949558697e-13,1.2062203974457298e-14,2240,930,930,,930,448,25921,9800,185808896,4010.6919784204515,40106.91978420451,0.001,boxeig,20000,group_c,50,diag,0.001,50,auto,group_c,boxeig,523,524,9.785835074217604e-08,0,,2,synthetic_true_func_2d_ntrain100000000,False,NVIDIA A100-SXM4-40GB,cheap,448,0,448,448,0,0,2,35721,3.2239529949558697e-13,1.2062203974457298e-14,1e-05,boxeig,99999999.99987099,True,nan,0,0,,nan,0,0,0,0,False,523.0,matern,0.1,1.5,1.0,1648656,3000,btab_boxeig_topk_20480_q448,189,524,523,25000000,100000000,3000,cufinufft,binned_c1,50,523,9.785835074217604e-08,pcg,converged,523,True,0.1,0,20.37248381602624,0.0029681969376124154,0.30001570826557955,0,0.1,boxeig,ok,0.0006469635591609834,0.3390089050003553,0.0005790929579444635,0.3028656170049544,81911.19717359901,9800,40106.91978420451,0.003381280999747105,4.508035946740897e-05,0.02357702800145489,4.093800573893156e-05,0.021410577001461206,0.0003940955258096601,0.20611195999845222,0.8556610220002767,0.0,0.0,0.0010229250001430046,0.0,5.6873202682021464e-05,0.029744685002697224,0.8546380970001337,0.183767373000137,0.5259029900003043,0.8601143979999506,0.5111798630000521,1.8321831959997326,0.0,2.358086186000037,2.541853559000174,1e-07,80000,v7_btab_boxeig
35721,expanded_box,topk,25720,,25720,0,"[90, 90]","[181, 181]",32761,topk,25720,,25720,80000,32761,cheap,30,0.01,,cupy,2.0955946296511904e-14,2.2095312386260516e-15,960,418,418,,418,192,32761,2960,100644864,29823.629638732258,298236.29638732254,0.001,boxeig,20000,group_c,50,diag,0.001,50,auto,group_c,boxeig,1533,1534,9.676107310370722e-08,0,,2,synthetic_true_func_2d_ntrain100000000,False,NVIDIA A100-SXM4-40GB,cheap,192,0,192,192,0,0,2,35721,2.0955946296511904e-14,2.2095312386260516e-15,1e-05,boxeig,99999999.99987099,True,nan,0,0,,nan,0,0,0,0,False,1533.0,matern,0.1,1.5,1.0,2085136,3000,btab_boxeig_topk_25720_q192,189,1534,1533,25000000,100000000,3000,cufinufft,binned_c1,50,1533,9.676107310370722e-08,pcg,converged,1533,True,0.1,0,11.408547926840644,0.002968102236413676,0.30001570755509455,0,0.1,boxeig,ok,0.0006371525176059057,0.9773919620074594,0.00047488603848729115,0.7280002970010173,18389.531509132175,2960,298236.29638732254,0.0039219180002874054,4.694921983116162e-05,0.07197315400117077,4.2028326153464165e-05,0.06442942399326057,0.00028685727983710006,0.4397522099902744,1.8150461579998591,0.0,0.0,0.001048316999913368,0.0,5.7173941287275334e-05,0.08764765199339308,1.8139978409999458,0.07721400199989148,0.52607806099968,1.81975065000006,0.5150588579999749,4.486270205999972,0.0,5.012348266999652,5.0895622689995434,1e-07,80000,v7_btab_boxeig
35721,expanded_box,topk,25720,,25720,0,"[90, 90]","[181, 181]",32761,topk,25720,,25720,80000,32761,cheap,30,0.01,,cupy,4.3159444346962074e-14,4.088393227629199e-15,1280,546,546,,546,256,32761,2960,134193152,15023.310364940615,150233.10364940614,0.001,boxeig,20000,group_c,50,diag,0.001,50,auto,group_c,boxeig,1073,1074,9.853639088450105e-08,0,,2,synthetic_true_func_2d_ntrain100000000,False,NVIDIA A100-SXM4-40GB,cheap,256,0,256,256,0,0,2,35721,4.3159444346962074e-14,4.088393227629199e-15,1e-05,boxeig,99999999.99987099,True,nan,0,0,,nan,0,0,0,0,False,1073.0,matern,0.1,1.5,1.0,2085136,3000,btab_boxeig_topk_25720_q256,189,1074,1073,25000000,100000000,3000,cufinufft,binned_c1,50,1073,9.853639088450105e-08,pcg,converged,1073,True,0.1,0,11.408547926840644,0.0029681777086860615,0.3000157082888908,0,0.1,boxeig,ok,0.0006409035884528239,0.6883304539983328,0.0005140442124918283,0.5515694400037319,18389.531509132175,2960,150233.10364940614,0.003887416999987181,4.555725629176522e-05,0.04888293600106408,3.9964096921376665e-05,0.042881475996637164,0.0003302663028850618,0.3543757429956713,0.4672162329998173,0.0,0.0,0.001017806999698223,0.0,5.650249114065057e-05,0.060627172993918066,0.46619842600011907,0.10295371299980616,0.526156162999996,0.4719987250000486,0.5169283139998697,2.3839591310002106,0.0,2.9101152940002066,3.013069007000013,1e-07,80000,v7_btab_boxeig
35721,expanded_box,topk,25720,,25720,0,"[90, 90]","[181, 181]",32761,topk,25720,,25720,80000,32761,cheap,30,0.01,,cupy,5.857031325131279e-14,6.437283803234312e-15,1600,674,674,,674,320,32761,2960,167741440,8975.148378803451,89751.4837880345,0.001,boxeig,20000,group_c,50,diag,0.001,50,auto,group_c,boxeig,830,831,9.825602347124025e-08,0,,2,synthetic_true_func_2d_ntrain100000000,False,NVIDIA A100-SXM4-40GB,cheap,320,0,320,320,0,0,2,35721,5.857031325131279e-14,6.437283803234312e-15,1e-05,boxeig,99999999.99987099,True,nan,0,0,,nan,0,0,0,0,False,830.0,matern,0.1,1.5,1.0,2085136,3000,btab_boxeig_topk_25720_q320,189,831,830,25000000,100000000,3000,cufinufft,binned_c1,50,830,9.825602347124025e-08,pcg,converged,830,True,0.1,0,11.408547926840644,0.0029681786868181615,0.3000157084848092,0,0.1,boxeig,ok,0.0006605915752086984,0.5489515989984284,0.0005749984096377353,0.4772486799993203,18389.531509132175,2960,89751.4837880345,0.0038498320000144304,4.686186264307362e-05,0.03889534599375111,4.223389277702e-05,0.0350541310049266,0.00038448080482252056,0.3191190680026921,1.3819561869995596,0.0,0.0,0.0010146919998987869,0.0,5.843710962791927e-05,0.04850280099117299,1.3809414949996608,0.12819455600038054,0.5259970179999982,1.386875793999934,0.5333872410001277,2.9526876919999268,0.0,3.478684709999925,3.6068792660003055,1e-07,80000,v7_btab_boxeig
35721,expanded_box,topk,25720,,25720,0,"[90, 90]","[181, 181]",32761,topk,25720,,25720,80000,32761,cheap,30,0.01,,cupy,6.502128559543497e-14,1.0757840923667454e-14,1920,802,802,,802,384,32761,2960,201289728,5753.245841116645,57532.45841116645,0.001,boxeig,20000,group_c,50,diag,0.001,50,auto,group_c,boxeig,648,649,9.908233244839824e-08,0,,2,synthetic_true_func_2d_ntrain100000000,False,NVIDIA A100-SXM4-40GB,cheap,384,0,384,384,0,0,2,35721,6.502128559543497e-14,1.0757840923667454e-14,1e-05,boxeig,99999999.99987099,True,nan,0,0,,nan,0,0,0,0,False,648.0,matern,0.1,1.5,1.0,2085136,3000,btab_boxeig_topk_25720_q384,189,649,648,25000000,100000000,3000,cufinufft,binned_c1,50,648,9.908233244839824e-08,pcg,converged,648,True,0.1,0,11.408547926840644,0.002968138063418212,0.3000157094849119,0,0.1,boxeig,ok,0.0006531324221860198,0.4238829419987269,0.0006055043456980355,0.39236681601232704,18389.531509132175,2960,57532.45841116645,0.0038318749998325075,4.5727925918594405e-05,0.029631695995249174,4.123263888237646e-05,0.026718749995779945,0.0004177875864233674,0.2707263560023421,0.7200027190001492,0.0,0.0,0.0010154930000680906,0.0,5.8102449068086076e-05,0.03765038699611978,0.7189872260000811,0.15439149899975746,0.5260916219999672,0.7249466339999344,0.514597558999867,1.9548439600002894,0.0,2.4809355820002565,2.635327081000014,1e-07,80000,v7_btab_boxeig
35721,expanded_box,topk,25720,,25720,0,"[90, 90]","[181, 181]",32761,topk,25720,,25720,80000,32761,cheap,30,0.01,,cupy,4.122257937094386e-13,1.2672953274972106e-14,2240,930,930,,930,448,32761,2960,234838016,4010.699817737532,40106.99817737532,0.001,boxeig,20000,group_c,50,diag,0.001,50,auto,group_c,boxeig,573,574,9.927251474373834e-08,0,,2,synthetic_true_func_2d_ntrain100000000,False,NVIDIA A100-SXM4-40GB,cheap,448,0,448,448,0,0,2,35721,4.122257937094386e-13,1.2672953274972106e-14,1e-05,boxeig,99999999.99987099,True,nan,0,0,,nan,0,0,0,0,False,573.0,matern,0.1,1.5,1.0,2085136,3000,btab_boxeig_topk_25720_q448,189,574,573,25000000,100000000,3000,cufinufft,binned_c1,50,573,9.927251474373834e-08,pcg,converged,573,True,0.1,0,11.408547926840644,0.00296801098806232,0.3000157075825387,0,0.1,boxeig,ok,0.000653796566202388,0.37527922900017074,0.0006631285515001239,0.379972660009571,18389.531509132175,2960,40106.99817737532,0.00386448199969891,4.6229588141999635e-05,0.02648955400536579,4.2305476446362e-05,0.024241038003765425,0.0004745227015646029,0.27190150799651747,1.73450829300009,0.0,0.0,0.0010213020000264805,0.0,5.743578535332048e-05,0.032910705007452634,1.7334869910000634,0.19804176800016648,0.5259333489998426,1.7396750780003458,0.5326617969999461,2.8613231540002744,0.0,3.387256503000117,3.5852982710002834,1e-07,80000,v7_btab_boxeig
35721,expanded_box,topk,35721,,35721,0,"[94, 94]","[189, 189]",35721,topk,35721,,35721,80000,35721,cheap,30,0.01,,cupy,1.9781784427132053e-14,2.3703396009638995e-15,960,418,418,,418,192,35721,0,109737984,29823.631330296146,298236.31330296147,0.001,boxeig,20000,group_c,50,diag,0.001,50,auto,group_c,boxeig,920,921,9.763241440369555e-08,0,,2,synthetic_true_func_2d_ntrain100000000,False,NVIDIA A100-SXM4-40GB,cheap,192,0,192,192,0,0,2,35721,1.9781784427132053e-14,2.3703396009638995e-15,1e-05,boxeig,99999999.99987099,True,nan,0,0,,nan,0,0,0,0,False,920.0,matern,0.1,1.5,1.0,2274064,3000,btab_boxeig_topk_35721_q192,189,921,920,25000000,100000000,3000,cufinufft,binned_c1,50,920,9.763241440369555e-08,pcg,converged,920,True,0.1,0,0.0,0.002968280723764597,0.30001570796562466,0,0.1,boxeig,ok,0.000651069529858462,0.5996350369996435,0.00043904188152401214,0.4039185310020912,0.0,0,298236.31330296147,0.004729629999928875,1.708162934520537e-05,0.01571509899758894,3.138564348111449e-05,0.028874792002625327,0.00029269985979048533,0.2692838710072465,0.36233659499976056,0.0,0.0,0.0009677539997028362,0.0,5.724571739758334e-05,0.05266606000577667,0.36136884100005773,0.08215547500003595,0.5262012410003081,0.3678961650002748,0.5288821990002361,1.9536395279997123,0.0,2.4798407690000204,2.5619962440000563,1e-07,80000,v7_btab_boxeig
35721,expanded_box,topk,35721,,35721,0,"[94, 94]","[189, 189]",35721,topk,35721,,35721,80000,35721,cheap,30,0.01,,cupy,3.902896702620911e-14,3.620323822987815e-15,1280,546,546,,546,256,35721,0,146317312,15023.31189871868,150233.1189871868,0.001,boxeig,20000,group_c,50,diag,0.001,50,auto,group_c,boxeig,640,641,9.869442193576226e-08,0,,2,synthetic_true_func_2d_ntrain100000000,False,NVIDIA A100-SXM4-40GB,cheap,256,0,256,256,0,0,2,35721,3.902896702620911e-14,3.620323822987815e-15,1e-05,boxeig,99999999.99987099,True,nan,0,0,,nan,0,0,0,0,False,640.0,matern,0.1,1.5,1.0,2274064,3000,btab_boxeig_topk_35721_q256,189,641,640,25000000,100000000,3000,cufinufft,binned_c1,50,640,9.869442193576226e-08,pcg,converged,640,True,0.1,0,0.0,0.002968480438061534,0.30001571018770434,0,0.1,boxeig,ok,0.0006569450546033603,0.42110178000075393,0.0004956974937364578,0.317246395991333,0.0,0,150233.1189871868,0.004594347999955062,1.7020362508191057e-05,0.010893032005242276,3.175476561736446e-05,0.02032304999511325,0.00034903066875457966,0.22337962800293099,0.4810188629994627,0.0,0.0,0.0009476809996158408,0.0,5.712145468237395e-05,0.03655773099671933,0.4800711819998469,0.1093037099999492,0.5262761929998305,0.4866124579998541,0.5133860720002303,1.6351166270001158,0.0,2.1613928199999464,2.2706965299998956,1e-07,80000,v7_btab_boxeig
35721,expanded_box,topk,35721,,35721,0,"[94, 94]","[189, 189]",35721,topk,35721,,35721,80000,35721,cheap,30,0.01,,cupy,1.2439717038579483e-13,9.253418479714683e-15,1600,674,674,,674,320,35721,0,182896640,8975.150034902917,89751.50034902917,0.001,boxeig,20000,group_c,50,diag,0.001,50,auto,group_c,boxeig,495,496,9.950135937889617e-08,0,,2,synthetic_true_func_2d_ntrain100000000,False,NVIDIA A100-SXM4-40GB,cheap,320,0,320,320,0,0,2,35721,1.2439717038579483e-13,9.253418479714683e-15,1e-05,boxeig,99999999.99987099,True,nan,0,0,,nan,0,0,0,0,False,495.0,matern,0.1,1.5,1.0,2274064,3000,btab_boxeig_topk_35721_q320,189,496,495,25000000,100000000,3000,cufinufft,binned_c1,50,495,9.950135937889617e-08,pcg,converged,495,True,0.1,0,0.0,0.0029685173370235483,0.3000157108763488,0,0.1,boxeig,ok,0.000656426798384803,0.3255876919988623,0.0005448273616095339,0.2696895439967193,0.0,0,89751.50034902917,0.004736650999802805,1.7086145439724065e-05,0.008457641992663412,3.159642223218183e-05,0.015640229004930006,0.000396987777769413,0.19650894999585944,0.5969296050002413,0.0,0.0,0.000968558000295161,0.0,5.796675152327446e-05,0.028693542004020856,0.5959610469999461,0.1347214160000476,0.5267036039999766,0.6027447559999928,0.5104170049999084,1.5169278710000071,0.0,2.0436314749999838,2.1783528910000314,1e-07,80000,v7_btab_boxeig
35721,expanded_box,topk,35721,,35721,0,"[94, 94]","[189, 189]",35721,topk,35721,,35721,80000,35721,cheap,30,0.01,,cupy,7.21046415825271e-14,9.475400693747664e-15,1920,802,802,,802,384,35721,0,219475968,5753.2475272681795,57532.47527268179,0.001,boxeig,20000,group_c,50,diag,0.001,50,auto,group_c,boxeig,415,416,8.796609957549737e-08,0,,2,synthetic_true_func_2d_ntrain100000000,False,NVIDIA A100-SXM4-40GB,cheap,384,0,384,384,0,0,2,35721,7.21046415825271e-14,9.475400693747664e-15,1e-05,boxeig,99999999.99987099,True,nan,0,0,,nan,0,0,0,0,False,415.0,matern,0.1,1.5,1.0,2274064,3000,btab_boxeig_topk_35721_q384,189,416,415,25000000,100000000,3000,cufinufft,binned_c1,50,415,8.796609957549737e-08,pcg,converged,415,True,0.1,0,0.0,0.0029682892816532743,0.3000157095476873,0,0.1,boxeig,ok,0.0006559048461630604,0.27285641600383315,0.0005973223421574677,0.2478887719953491,0.0,0,57532.47527268179,0.0045811140003024775,1.7280816865170792e-05,0.007171538999045879,3.214903855628821e-05,0.013341851000859606,0.0004491619397621358,0.18640220500128635,0.7348647899998468,0.0,0.0,0.0008917549998841423,0.0,5.756413494131573e-05,0.023889116000646027,0.7339730349999627,0.1605622189999849,0.5259082060001674,0.7406679999999142,0.5104634560002523,1.5281880429997727,0.0,2.05409624899994,2.214658467999925,1e-07,80000,v7_btab_boxeig
35721,expanded_box,topk,35721,,35721,0,"[94, 94]","[189, 189]",35721,topk,35721,,35721,80000,35721,cheap,30,0.01,,cupy,2.507724249796112e-13,1.340758346058506e-14,2240,930,930,,930,448,35721,0,256055296,4010.7016061917725,40107.016061917726,0.001,boxeig,20000,group_c,50,diag,0.001,50,auto,group_c,boxeig,325,326,9.969430657388572e-08,0,,2,synthetic_true_func_2d_ntrain100000000,False,NVIDIA A100-SXM4-40GB,cheap,448,0,448,448,0,0,2,35721,2.507724249796112e-13,1.340758346058506e-14,1e-05,boxeig,99999999.99987099,True,nan,0,0,,nan,0,0,0,0,False,325.0,matern,0.1,1.5,1.0,2274064,3000,btab_boxeig_topk_35721_q448,189,326,325,25000000,100000000,3000,cufinufft,binned_c1,50,325,9.969430657388572e-08,pcg,converged,325,True,0.1,0,0.0,0.0029685172835473357,0.3000157129024129,0,0.1,boxeig,ok,0.0007044816717834525,0.2296610250014055,0.0006855434246132902,0.22280161299931933,0.0,0,40107.016061917726,0.004592310000134603,1.7526126142071846e-05,0.00569599099617335,3.392418151773969e-05,0.0110253589932654,0.0005230507476950991,0.1699914930009072,1.1985762439999235,0.0,0.0,0.0009369169997626159,0.0,6.831714153752098e-05,0.02220307099969432,1.1976393270001608,0.19670577099986986,0.5263110010000673,1.2044908640000358,0.5123141970002507,1.8821280150000348,0.0,2.408439016000102,2.605144786999972,1e-07,80000,v7_btab_boxeig
35721,expanded_box,topk,4096,,4096,0,"[36, 36]","[73, 73]",5329,topk,4096,,4096,80000,5329,cheap,30,0.01,,,,,,,,,,,,,,,,,inverse,20000,group_c,50,diag,0.001,50,auto,group_c,auto,3000,3001,0.11657418186369423,0,,2,USGS_LPC_IL_Winnebago_2018_ground_elevation_regression_ntrain300000000,False,NVIDIA A100-SXM4-40GB,cheap,0,0,0,0,0,0,2,35721,,,1e-05,inverse,299999999.99957526,True,nan,0,50,diag,0.001,0,0,0,454371856,False,3000.0,matern,0.1,1.5,1.0,0,3000,btab_auto_topk_4096,189,3001,3001,75000000,300000000,3000,cufinufft,binned_c1,50,3000,0.11657418186369423,pcg,maxiter,3001,True,0.1,0,2951.563404083863,0.26292499075117576,0.262961422270798,0,0.1,exact,ok,0.0006376954605183467,1.9137240770155586,0.0006069270706424251,1.8213881389979178,6372419.886324823,30392,,0.0020551050001813564,4.520570442820201e-05,0.13566231898903425,4.4579074309980174e-05,0.1337818020042505,0.0004173447027637911,1.252451452994137,0.8781876050002211,0.7521840809999958,0.09515713300015705,0.0,0.024802160000035656,5.6766377537415154e-05,0.17035589898978287,,0.0003349799999341485,1.5517175780000798,0.8812915749999775,1.6761939879997954,6.486496719000115,0.006044231000032596,8.038214297000195,8.03854927700013,1e-07,80000,v6_btab
35721,expanded_box,topk,8192,,8192,0,"[51, 51]","[103, 103]",10609,topk,8192,,8192,80000,10609,cheap,30,0.01,,,,,,,,,,,,,,,,,inverse,20000,group_c,50,diag,0.001,50,auto,group_c,auto,3000,3001,0.12766249247229502,0,,2,USGS_LPC_IL_Winnebago_2018_ground_elevation_regression_ntrain300000000,False,NVIDIA A100-SXM4-40GB,cheap,0,0,0,0,0,0,2,35721,,,1e-05,inverse,299999999.99957526,True,nan,0,50,diag,0.001,0,0,0,1800814096,False,3000.0,matern,0.1,1.5,1.0,0,3000,btab_auto_topk_8192,189,3001,3001,75000000,300000000,3000,cufinufft,binned_c1,50,3000,0.12766249247229502,pcg,maxiter,3001,True,0.1,0,552.010523946594,0.30893012139679793,0.3089605305467746,0,0.1,exact,ok,0.0006459410009991626,1.9384689439984868,0.0016324482655799488,4.898977245005426,2044451.5608346004,25112,,0.0022714430001542496,4.527029923341008e-05,0.13585616799946365,4.912047051296794e-05,0.14741053200941678,0.001436391177941859,4.310609925003519,3.717179078999834,2.9389768789997106,0.6158836260001408,0.0,0.13878149499987558,5.699770842824563e-05,0.17105012299316513,,0.0003090899999733665,1.551755908999894,3.7205413940000653,1.6765826099999686,12.453022070000316,0.023537079000107042,14.00477797900021,14.005087069000183,1e-07,80000,v6_btab
35721,expanded_box,topk,12288,,12288,0,"[62, 62]","[125, 125]",15625,topk,12288,,12288,80000,15625,cheap,30,0.01,,,,,,,,,,,,,,,,,inverse,20000,group_c,50,diag,0.001,50,auto,group_c,auto,3000,3001,0.1328453163141618,0,,2,USGS_LPC_IL_Winnebago_2018_ground_elevation_regression_ntrain300000000,False,NVIDIA A100-SXM4-40GB,cheap,0,0,0,0,0,0,2,35721,,,1e-05,inverse,299999999.99957526,True,nan,0,50,diag,0.001,0,0,0,3906250000,False,3000.0,matern,0.1,1.5,1.0,0,3000,btab_auto_topk_12288,189,3001,3001,75000000,300000000,3000,cufinufft,binned_c1,50,3000,0.1328453163141618,pcg,maxiter,3001,True,0.1,0,213.2302519359971,0.30806464333094163,0.30817850449568346,0,0.1,exact,ok,0.0006423332995704231,1.9276422320108395,0.003256012686437945,9.771294072000273,973951.9338915157,20096,,0.0026937180000459193,4.490151949637006e-05,0.13474946000860655,4.970420759530788e-05,0.14916232699351895,0.003060788928359701,9.185427574007463,9.616691954000089,7.344304622999971,1.8522962530000768,0.0,0.36829826900020635,5.6338566138625646e-05,0.16907203698201556,,0.0002841790001184563,1.5515651589998924,9.62050191499975,1.6798002989999077,23.197481232999962,0.05179280899983496,24.749046391999855,24.749330570999973,1e-07,80000,v6_btab
35721,expanded_box,topk,20480,,20480,0,"[80, 80]","[161, 161]",25921,topk,20480,,20480,80000,25921,cheap,30,0.01,,cupy,2.2119682003361345e-13,3.160067771957091e-14,960,418,418,,418,192,25921,9800,79632384,7835.613000058363,78356.13000058362,0.001,boxeig,20000,group_c,50,diag,0.001,50,auto,group_c,boxeig,3000,3001,2.9555143628802452e-06,0,,2,USGS_LPC_IL_Winnebago_2018_ground_elevation_regression_ntrain300000000,False,NVIDIA A100-SXM4-40GB,cheap,192,0,192,192,0,0,2,35721,2.2119682003361345e-13,3.160067771957091e-14,1e-05,boxeig,299999999.99957526,True,nan,0,0,,nan,0,0,0,0,False,3000.0,matern,0.1,1.5,1.0,1648656,3000,btab_boxeig_topk_20480_q192,189,3001,3001,75000000,300000000,3000,cufinufft,binned_c1,50,3000,2.9555143628802452e-06,pcg,maxiter,3001,True,0.1,0,61.11745189407293,0.11058513605942823,0.11057807449817861,0,0.1,boxeig,ok,0.0006378951866051239,1.914323455001977,0.00044988243785017753,1.3500971959883827,245733.59331716324,9800,78356.13000058362,0.003470862000085617,4.535494501520547e-05,0.13611018999063162,4.045579807161912e-05,0.12140785001292898,0.0002651103695398121,0.795596218988976,0.36060779199988247,0.0,0.0,0.0010222840001006261,0.0,5.726770143091341e-05,0.17186037199417115,0.35958550799978184,0.08064730899968708,1.5515948350002873,0.36475274099984745,1.6770446489999813,5.500852995000059,0.0,7.052447830000347,7.133095139000034,1e-07,80000,v7_btab_boxeig
35721,expanded_box,topk,20480,,20480,0,"[80, 80]","[161, 161]",25921,topk,20480,,20480,80000,25921,cheap,30,0.01,,cupy,1.7171452601673728e-12,4.609861312291207e-14,1280,546,546,,546,256,25921,9800,106176512,3646.757482589125,36467.57482589125,0.001,boxeig,20000,group_c,50,diag,0.001,50,auto,group_c,boxeig,3000,3001,7.612584791872751e-07,0,,2,USGS_LPC_IL_Winnebago_2018_ground_elevation_regression_ntrain300000000,False,NVIDIA A100-SXM4-40GB,cheap,256,0,256,256,0,0,2,35721,1.7171452601673728e-12,4.609861312291207e-14,1e-05,boxeig,299999999.99957526,True,nan,0,0,,nan,0,0,0,0,False,3000.0,matern,0.1,1.5,1.0,1648656,3000,btab_boxeig_topk_20480_q256,189,3001,3001,75000000,300000000,3000,cufinufft,binned_c1,50,3000,7.612584791872751e-07,pcg,maxiter,3001,True,0.1,0,61.11745189407293,0.11058270854489409,0.11057564974473923,0,0.1,boxeig,ok,0.0006467192379174482,1.9408044329902623,0.00048013685071122356,1.440890688984382,245733.59331716324,9800,36467.57482589125,0.0034827750000658853,4.5622602140294885e-05,0.13691342902302495,4.0959201595972993e-05,0.12291856398951495,0.00029333813162487433,0.8803077330062479,2.1095163679997313,0.0,0.0,0.0010326139999961015,0.0,5.851280873970513e-05,0.17559693902785511,2.108483753999735,0.10767061600017769,1.5517012249997606,2.113855143999899,1.6767988720002904,7.373286043000007,0.0,8.924987267999768,9.032657883999946,1e-07,80000,v7_btab_boxeig
35721,expanded_box,topk,20480,,20480,0,"[80, 80]","[161, 161]",25921,topk,20480,,20480,80000,25921,cheap,30,0.01,,cupy,5.663659752710937e-13,1.1963251167668938e-13,1600,674,674,,674,320,25921,9800,132720640,2031.140655529202,20311.40655529202,0.001,boxeig,20000,group_c,50,diag,0.001,50,auto,group_c,boxeig,2783,2784,9.926753757447712e-08,0,,2,USGS_LPC_IL_Winnebago_2018_ground_elevation_regression_ntrain300000000,False,NVIDIA A100-SXM4-40GB,cheap,320,0,320,320,0,0,2,35721,5.663659752710937e-13,1.1963251167668938e-13,1e-05,boxeig,299999999.99957526,True,nan,0,0,,nan,0,0,0,0,False,2783.0,matern,0.1,1.5,1.0,1648656,3000,btab_boxeig_topk_20480_q320,189,2784,2783,75000000,300000000,3000,cufinufft,binned_c1,50,2783,9.926753757447712e-08,pcg,converged,2783,True,0.1,0,61.11745189407293,0.11058275484615082,0.11057570611752225,0,0.1,boxeig,ok,0.0006293713954743448,1.7521699650005758,0.0004968377017632995,1.3826993240072625,245733.59331716324,9800,20311.40655529202,0.0034734089999801654,4.4709232127447684e-05,0.1244257930106869,4.0176101688762035e-05,0.11181009099982475,0.00031470605821899385,0.8758269600234598,0.5936628610002117,0.0,0.0,0.0010286430001542612,0.0,5.627218972275777e-05,0.15660550399843487,0.5926342180000574,0.12994721499990192,1.5517858970001726,0.5980226550000225,1.6655065700001614,5.442443375999574,0.0,6.994229272999746,7.124176487999648,1e-07,80000,v7_btab_boxeig
35721,expanded_box,topk,20480,,20480,0,"[80, 80]","[161, 161]",25921,topk,20480,,20480,80000,25921,cheap,30,0.01,,cupy,1.211681685126327e-11,1.6613338088692277e-13,1920,802,802,,802,384,25921,9800,159264768,1236.370227527145,12363.70227527145,0.001,boxeig,20000,group_c,50,diag,0.001,50,auto,group_c,boxeig,2232,2233,9.10104520682115e-08,0,,2,USGS_LPC_IL_Winnebago_2018_ground_elevation_regression_ntrain300000000,False,NVIDIA A100-SXM4-40GB,cheap,384,0,384,384,0,0,2,35721,1.211681685126327e-11,1.6613338088692277e-13,1e-05,boxeig,299999999.99957526,True,nan,0,0,,nan,0,0,0,0,False,2232.0,matern,0.1,1.5,1.0,1648656,3000,btab_boxeig_topk_20480_q384,189,2233,2232,75000000,300000000,3000,cufinufft,binned_c1,50,2232,9.10104520682115e-08,pcg,converged,2232,True,0.1,0,61.11745189407293,0.11058276852057491,0.11057571949552238,0,0.1,boxeig,ok,0.0006460941925634588,1.4427283319942035,0.0005468884242874395,1.220654963009565,245733.59331716324,9800,12363.70227527145,0.0034175519999735116,4.5494724461345916e-05,0.10154422499772409,4.135322669990143e-05,0.09230040199417999,0.0003598838333275572,0.8032607159871077,0.7233180429998356,0.0,0.0,0.001042354999754025,0.0,5.811204301146819e-05,0.129706080001597,0.7222756880000816,0.15888162400005967,1.5516506049998497,0.7277184869999473,1.677307945999928,4.8072805609999705,0.0,6.35893116599982,6.51781278999988,1e-07,80000,v7_btab_boxeig
35721,expanded_box,topk,20480,,20480,0,"[80, 80]","[161, 161]",25921,topk,20480,,20480,80000,25921,cheap,30,0.01,,cupy,5.608430679255111e-12,4.3657423021655344e-13,2240,930,930,,930,448,25921,9800,185808896,807.5819312742328,8075.819312742328,0.001,boxeig,20000,group_c,50,diag,0.001,50,auto,group_c,boxeig,1905,1906,9.529675240404902e-08,0,,2,USGS_LPC_IL_Winnebago_2018_ground_elevation_regression_ntrain300000000,False,NVIDIA A100-SXM4-40GB,cheap,448,0,448,448,0,0,2,35721,5.608430679255111e-12,4.3657423021655344e-13,1e-05,boxeig,299999999.99957526,True,nan,0,0,,nan,0,0,0,0,False,1905.0,matern,0.1,1.5,1.0,1648656,3000,btab_boxeig_topk_20480_q448,189,1906,1905,75000000,300000000,3000,cufinufft,binned_c1,50,1905,9.529675240404902e-08,pcg,converged,1905,True,0.1,0,61.11745189407293,0.11058277476979235,0.1105757255454934,0,0.1,boxeig,ok,0.0006410657135301433,1.2218712499884532,0.0005851295013109795,1.114671699997416,245733.59331716324,9800,8075.819312742328,0.0034451850001460116,4.5394335439283324e-05,0.08647620901183473,4.124402729473935e-05,0.07856987199647847,0.0003996115784767734,0.7612600569982533,0.863960321000377,0.0,0.0,0.001016649000121106,0.0,5.693341469308688e-05,0.10845815499033051,0.8629436720002559,0.1827748110003995,1.5518405350003377,0.8685129929999675,1.6789443630000278,4.403127961999871,0.0,5.954968497000209,6.1377433080006085,1e-07,80000,v7_btab_boxeig
35721,expanded_box,topk,25720,,25720,0,"[90, 90]","[181, 181]",32761,topk,25720,,25720,80000,32761,cheap,30,0.01,,cupy,2.1495361815837033e-12,3.6262397592754034e-14,960,418,418,,418,192,32761,2960,100644864,7837.494437027665,78374.94437027664,0.001,boxeig,20000,group_c,50,diag,0.001,50,auto,group_c,boxeig,3000,3001,2.7006639378918954e-06,0,,2,USGS_LPC_IL_Winnebago_2018_ground_elevation_regression_ntrain300000000,False,NVIDIA A100-SXM4-40GB,cheap,192,0,192,192,0,0,2,35721,2.1495361815837033e-12,3.6262397592754034e-14,1e-05,boxeig,299999999.99957526,True,nan,0,0,,nan,0,0,0,0,False,3000.0,matern,0.1,1.5,1.0,2085136,3000,btab_boxeig_topk_25720_q192,189,3001,3001,75000000,300000000,3000,cufinufft,binned_c1,50,3000,2.7006639378918954e-06,pcg,maxiter,3001,True,0.1,0,34.22564403065023,0.11058685969187453,0.11057980942588573,0,0.1,boxeig,ok,0.0006407360839699442,1.9228489879938024,0.00047131251983095643,1.4144088720127002,55168.594930962325,2960,78374.94437027664,0.003909755999757181,4.572285937728021e-05,0.1372143009912179,4.04788413921507e-05,0.12147700301784425,0.00028569179573291313,0.8573610789944723,0.35313062600016565,0.0,0.0,0.0010876020000978315,0.0,5.746548616973104e-05,0.17245392399536286,0.3520430240000678,0.07756879699991259,1.5518929150002805,0.3578212449997409,1.6755633239999952,5.573103784000068,0.0,7.124996699000349,7.202565496000261,1e-07,80000,v7_btab_boxeig
35721,expanded_box,topk,25720,,25720,0,"[90, 90]","[181, 181]",32761,topk,25720,,25720,80000,32761,cheap,30,0.01,,cupy,9.150443270267296e-13,1.1085406695340536e-13,1280,546,546,,546,256,32761,2960,134193152,3648.497464365267,36484.97464365267,0.001,boxeig,20000,group_c,50,diag,0.001,50,auto,group_c,boxeig,3000,3001,3.62142714555893e-07,0,,2,USGS_LPC_IL_Winnebago_2018_ground_elevation_regression_ntrain300000000,False,NVIDIA A100-SXM4-40GB,cheap,256,0,256,256,0,0,2,35721,9.150443270267296e-13,1.1085406695340536e-13,1e-05,boxeig,299999999.99957526,True,nan,0,0,,nan,0,0,0,0,False,3000.0,matern,0.1,1.5,1.0,2085136,3000,btab_boxeig_topk_25720_q256,189,3001,3001,75000000,300000000,3000,cufinufft,binned_c1,50,3000,3.62142714555893e-07,pcg,maxiter,3001,True,0.1,0,34.22564403065023,0.1105827796189568,0.11057573442510658,0,0.1,boxeig,ok,0.0006394666647841691,1.9190394610172916,0.0005250342795781832,1.5756278730141275,55168.594930962325,2960,36484.97464365267,0.004028378999919369,4.5725211263601875e-05,0.13722135900206922,4.099295634306566e-05,0.12301986198554005,0.00033831537753683817,1.0152844479880514,0.6057911880002393,0.0,0.0,0.0010392260001026443,0.0,5.815040419654482e-05,0.17450936299383102,0.6047519620001367,0.10357909200001814,1.5520257319999473,0.6107620090001546,1.667298867000227,5.973299899999802,0.0,7.525325631999749,7.628904723999767,1e-07,80000,v7_btab_boxeig
35721,expanded_box,topk,25720,,25720,0,"[90, 90]","[181, 181]",32761,topk,25720,,25720,80000,32761,cheap,30,0.01,,cupy,5.649479260690787e-13,8.974998471067908e-14,1600,674,674,,674,320,32761,2960,167741440,2033.0906084801413,20330.906084801412,0.001,boxeig,20000,group_c,50,diag,0.001,50,auto,group_c,boxeig,2557,2558,8.750486308697511e-08,0,,2,USGS_LPC_IL_Winnebago_2018_ground_elevation_regression_ntrain300000000,False,NVIDIA A100-SXM4-40GB,cheap,320,0,320,320,0,0,2,35721,5.649479260690787e-13,8.974998471067908e-14,1e-05,boxeig,299999999.99957526,True,nan,0,0,,nan,0,0,0,0,False,2557.0,matern,0.1,1.5,1.0,2085136,3000,btab_boxeig_topk_25720_q320,189,2558,2557,75000000,300000000,3000,cufinufft,binned_c1,50,2557,8.750486308697511e-08,pcg,converged,2557,True,0.1,0,34.22564403065023,0.11058277321533509,0.11057572444122905,0,0.1,boxeig,ok,0.0006377046489483757,1.631248492009945,0.0005646373750474697,1.4437777679963801,55168.594930962325,2960,20330.906084801412,0.003917850999641814,4.5656446225814536e-05,0.11674353299940776,4.132323973751764e-05,0.10566352400883261,0.0003789545905345461,0.9689868879968344,0.5837033940006222,0.0,0.0,0.001012713000363874,0.0,5.686554125200838e-05,0.14540518898138544,0.5826906810002583,0.12853394800004025,1.5510818530001416,0.5886797399998613,1.676300190999882,5.254072344000178,0.0,6.80515419700032,6.93368814500036,1e-07,80000,v7_btab_boxeig
35721,expanded_box,topk,25720,,25720,0,"[90, 90]","[181, 181]",32761,topk,25720,,25720,80000,32761,cheap,30,0.01,,cupy,1.1721323356487187e-11,1.8643510555881806e-13,1920,802,802,,802,384,32761,2960,201289728,1237.75147898653,12377.5147898653,0.001,boxeig,20000,group_c,50,diag,0.001,50,auto,group_c,boxeig,1946,1947,9.732556554173627e-08,0,,2,USGS_LPC_IL_Winnebago_2018_ground_elevation_regression_ntrain300000000,False,NVIDIA A100-SXM4-40GB,cheap,384,0,384,384,0,0,2,35721,1.1721323356487187e-11,1.8643510555881806e-13,1e-05,boxeig,299999999.99957526,True,nan,0,0,,nan,0,0,0,0,False,1946.0,matern,0.1,1.5,1.0,2085136,3000,btab_boxeig_topk_25720_q384,189,1947,1946,75000000,300000000,3000,cufinufft,binned_c1,50,1946,9.732556554173627e-08,pcg,converged,1946,True,0.1,0,34.22564403065023,0.11058276555498085,0.11057571753389564,0,0.1,boxeig,ok,0.0006393348171506928,1.244784888992399,0.0006089474599181222,1.185011757000666,55168.594930962325,2960,12377.5147898653,0.0038713799999641196,4.5789568349566423e-05,0.08910650000825626,4.171594450159816e-05,0.08117922800011002,0.00042228504265485035,0.8217666930063388,0.7122652999996717,0.0,0.0,0.0010086299998874892,0.0,5.7204301638773546e-05,0.11131957098905332,0.7112566699997842,0.15318565500001569,1.5513694940000278,0.7173354280002968,1.6764261499997701,4.371569433000332,0.0,5.922938927000359,6.076124582000375,1e-07,80000,v7_btab_boxeig
35721,expanded_box,topk,25720,,25720,0,"[90, 90]","[181, 181]",32761,topk,25720,,25720,80000,32761,cheap,30,0.01,,cupy,6.126829303756144e-12,4.2504951958088164e-13,2240,930,930,,930,448,32761,2960,234838016,808.3879538574022,8083.879538574021,0.001,boxeig,20000,group_c,50,diag,0.001,50,auto,group_c,boxeig,1639,1640,9.972684719650609e-08,0,,2,USGS_LPC_IL_Winnebago_2018_ground_elevation_regression_ntrain300000000,False,NVIDIA A100-SXM4-40GB,cheap,448,0,448,448,0,0,2,35721,6.126829303756144e-12,4.2504951958088164e-13,1e-05,boxeig,299999999.99957526,True,nan,0,0,,nan,0,0,0,0,False,1639.0,matern,0.1,1.5,1.0,2085136,3000,btab_boxeig_topk_25720_q448,189,1640,1639,75000000,300000000,3000,cufinufft,binned_c1,50,1639,9.972684719650609e-08,pcg,converged,1639,True,0.1,0,34.22564403065023,0.11058277120345907,0.11057572367937588,0,0.1,boxeig,ok,0.0006432702378003519,1.054963189992577,0.0006609455131191818,1.083289696002339,55168.594930962325,2960,8083.879538574021,0.003986666999935551,4.5876266626023424e-05,0.07519120100005239,4.1961999397012704e-05,0.06877571701170382,0.0004728059218993076,0.7749289059929652,0.9047223710003891,0.0,0.0,0.0011199540003872244,0.0,5.750153081626827e-05,0.0942450090078637,0.9036024170000019,0.1796516649997102,1.551874325999961,0.9099855320000643,1.6773443060001227,4.088543339999887,0.0,5.640417665999848,5.820069330999559,1e-07,80000,v7_btab_boxeig
35721,expanded_box,topk,35721,,35721,0,"[94, 94]","[189, 189]",35721,topk,35721,,35721,80000,35721,cheap,30,0.01,,cupy,2.0920804346917735e-12,2.7361280946822873e-14,960,418,418,,418,192,35721,0,109737984,7837.726795223473,78377.26795223473,0.001,boxeig,20000,group_c,50,diag,0.001,50,auto,group_c,boxeig,794,795,8.861082091724369e-08,0,,2,USGS_LPC_IL_Winnebago_2018_ground_elevation_regression_ntrain300000000,False,NVIDIA A100-SXM4-40GB,cheap,192,0,192,192,0,0,2,35721,2.0920804346917735e-12,2.7361280946822873e-14,1e-05,boxeig,299999999.99957526,True,nan,0,0,,nan,0,0,0,0,False,794.0,matern,0.1,1.5,1.0,2274064,3000,btab_boxeig_topk_35721_q192,189,795,794,75000000,300000000,3000,cufinufft,binned_c1,50,794,8.861082091724369e-08,pcg,converged,794,True,0.1,0,0.0,0.11058296267307705,0.11057592021667378,0,0.1,boxeig,ok,0.0006485936754733354,0.5156319720013016,0.0004371370579392716,0.34708682400378166,0.0,0,78377.26795223473,0.00463850200003435,1.6815224177596023e-05,0.01335128799701124,3.1519667510438194e-05,0.025026616003287927,0.0002912782921805816,0.2312749639913818,0.363364305000232,0.0,0.0,0.0009024619998854178,0.0,5.706699875263989e-05,0.04531119700959607,0.36246184300034656,0.08175728800006254,1.5528926399997545,0.36882393299993055,1.6801952189998701,1.7354343010001685,0.0,3.288326940999923,3.3700842289999855,1e-07,80000,v7_btab_boxeig
35721,expanded_box,topk,35721,,35721,0,"[94, 94]","[189, 189]",35721,topk,35721,,35721,80000,35721,cheap,30,0.01,,cupy,3.0094833105949224e-12,3.7460111683190707e-14,1280,546,546,,546,256,35721,0,146317312,3648.7722828877677,36487.722828877675,0.001,boxeig,20000,group_c,50,diag,0.001,50,auto,group_c,boxeig,541,542,9.099463819797545e-08,0,,2,USGS_LPC_IL_Winnebago_2018_ground_elevation_regression_ntrain300000000,False,NVIDIA A100-SXM4-40GB,cheap,256,0,256,256,0,0,2,35721,3.0094833105949224e-12,3.7460111683190707e-14,1e-05,boxeig,299999999.99957526,True,nan,0,0,,nan,0,0,0,0,False,541.0,matern,0.1,1.5,1.0,2274064,3000,btab_boxeig_topk_35721_q256,189,542,541,75000000,300000000,3000,cufinufft,binned_c1,50,541,9.099463819797545e-08,pcg,converged,541,True,0.1,0,0.0,0.1105830628079901,0.11057601436438887,0,0.1,boxeig,ok,0.0006570042970406744,0.3560963289960455,0.0004947562754224639,0.2676631450035529,0.0,0,36487.722828877675,0.0045704989997830126,1.7239632169230977e-05,0.00932664100355396,3.199251386075236e-05,0.017307949998667027,0.00034677945842521193,0.18760768700803965,0.4768934349999654,0.0,0.0,0.0009027000000969565,0.0,5.7749833645351906e-05,0.03124266000213538,0.47599073499986844,0.1072123809999539,1.5518702170002143,0.4824316180001915,1.6763535119998778,1.4531614219999938,0.0,3.005031639000208,3.112244020000162,1e-07,80000,v7_btab_boxeig
35721,expanded_box,topk,35721,,35721,0,"[94, 94]","[189, 189]",35721,topk,35721,,35721,80000,35721,cheap,30,0.01,,cupy,8.769726192397277e-13,1.2466912458958176e-13,1600,674,674,,674,320,35721,0,182896640,2033.6508694950844,20336.508694950844,0.001,boxeig,20000,group_c,50,diag,0.001,50,auto,group_c,boxeig,408,409,9.569033487814107e-08,0,,2,USGS_LPC_IL_Winnebago_2018_ground_elevation_regression_ntrain300000000,False,NVIDIA A100-SXM4-40GB,cheap,320,0,320,320,0,0,2,35721,8.769726192397277e-13,1.2466912458958176e-13,1e-05,boxeig,299999999.99957526,True,nan,0,0,,nan,0,0,0,0,False,408.0,matern,0.1,1.5,1.0,2274064,3000,btab_boxeig_topk_35721_q320,189,409,408,75000000,300000000,3000,cufinufft,binned_c1,50,408,9.569033487814107e-08,pcg,converged,408,True,0.1,0,0.0,0.11058309180684397,0.11057604535020969,0,0.1,boxeig,ok,0.0006627580660156605,0.27106804900040515,0.000544049823528279,0.2219723279995378,0.0,0,20336.508694950844,0.00458155899968915,1.6930700991558886e-05,0.006907726004556025,3.195762745828652e-05,0.013038712002980901,0.0003952481225367449,0.16126123399499193,0.5965628690000813,0.0,0.0,0.0009303710003223387,0.0,5.84337818535834e-05,0.023840982996262028,0.5956324979997589,0.13892390599994542,1.5517771079998965,0.6022401870000067,1.6764412850002373,1.362079845000153,0.0,2.9138569530000495,3.052780858999995,1e-07,80000,v7_btab_boxeig
35721,expanded_box,topk,35721,,35721,0,"[94, 94]","[189, 189]",35721,topk,35721,,35721,80000,35721,cheap,30,0.01,,cupy,9.708648492571436e-12,1.373719003598998e-13,1920,802,802,,802,384,35721,0,219475968,1238.0029503263952,12380.029503263951,0.001,boxeig,20000,group_c,50,diag,0.001,50,auto,group_c,boxeig,320,321,9.901420303419492e-08,0,,2,USGS_LPC_IL_Winnebago_2018_ground_elevation_regression_ntrain300000000,False,NVIDIA A100-SXM4-40GB,cheap,384,0,384,384,0,0,2,35721,9.708648492571436e-12,1.373719003598998e-13,1e-05,boxeig,299999999.99957526,True,nan,0,0,,nan,0,0,0,0,False,320.0,matern,0.1,1.5,1.0,2274064,3000,btab_boxeig_topk_35721_q384,189,321,320,75000000,300000000,3000,cufinufft,binned_c1,50,320,9.901420303419492e-08,pcg,converged,320,True,0.1,0,0.0,0.11058310968991439,0.11057605862494417,0,0.1,boxeig,ok,0.0006604539065666016,0.2120057040078791,0.0005966532562624138,0.19092904200397243,0.0,0,12380.029503263951,0.004581679999773769,1.7401706253394876e-05,0.005568546001086361,3.2476443749374084e-05,0.010392461999799707,0.00044772100000756154,0.1432707200024197,0.7334345170002052,0.0,0.0,0.0009256820003429311,0.0,5.762363437185058e-05,0.018439562998992187,0.7325088349998623,0.16004995999992389,1.5517628109996622,0.7392422850002731,1.6776353449999988,1.3494405260003077,0.0,2.90120333699997,3.061253296999894,1e-07,80000,v7_btab_boxeig
35721,expanded_box,topk,35721,,35721,0,"[94, 94]","[189, 189]",35721,topk,35721,,35721,80000,35721,cheap,30,0.01,,cupy,1.6485757435923752e-11,3.346596734670647e-13,2240,930,930,,930,448,35721,0,256055296,808.6653706318639,8086.653706318639,0.001,boxeig,20000,group_c,50,diag,0.001,50,auto,group_c,boxeig,272,273,8.246468886958154e-08,0,,2,USGS_LPC_IL_Winnebago_2018_ground_elevation_regression_ntrain300000000,False,NVIDIA A100-SXM4-40GB,cheap,448,0,448,448,0,0,2,35721,1.6485757435923752e-11,3.346596734670647e-13,1e-05,boxeig,299999999.99957526,True,nan,0,0,,nan,0,0,0,0,False,272.0,matern,0.1,1.5,1.0,2274064,3000,btab_boxeig_topk_35721_q448,189,273,272,75000000,300000000,3000,cufinufft,binned_c1,50,272,8.246468886958154e-08,pcg,converged,272,True,0.1,0,0.0,0.1105829624777738,0.11057591847953668,0,0.1,boxeig,ok,0.0006609219926675382,0.18043170399823794,0.0006586344963365906,0.17914858300355263,0.0,0,8086.653706318639,0.004575753999688459,1.7070246346908307e-05,0.00464310700635906,3.2960466903793585e-05,0.008965246997831855,0.0005089729301546948,0.13844063700207698,0.8998342300001241,0.0,0.0,0.0009251550000044517,0.0,5.791614338711363e-05,0.01575319100129491,0.8989090750001196,0.18567668600007892,1.5517884969999614,0.9057622110003649,1.6772432049997406,1.4423125450002772,0.0,2.9941010420002385,3.1797777280003174,1e-07,80000,v7_btab_boxeig
35721,expanded_box,topk,4096,,4096,0,"[36, 36]","[73, 73]",5329,topk,4096,,4096,80000,5329,cheap,30,0.01,,,,,,,,,,,,,,,,,inverse,20000,group_c,50,diag,0.001,50,auto,group_c,auto,3000,3001,0.03267949020841419,0,,2,USGS_LPC_IL_Winnebago_2018_ground_elevation_regression_ntrain100000000,False,NVIDIA A100-SXM4-40GB,cheap,0,0,0,0,0,0,2,35721,,,1e-05,inverse,99999999.99985805,True,nan,0,50,diag,0.001,0,0,0,454371856,False,3000.0,matern,0.1,1.5,1.0,0,3000,btab_auto_topk_4096,189,3001,3001,25000000,100000000,3000,cufinufft,binned_c1,50,3000,0.03267949020841419,pcg,maxiter,3001,True,0.1,0,983.8544680279508,0.15067667680995608,0.150722902086142,0,0.1,exact,ok,0.0006358437440873262,1.908167076006066,0.0006055176647741236,1.8171585119871452,2124139.962108267,30392,,0.0018668899997464905,4.495256648153226e-05,0.13490265201107832,4.416810595797941e-05,0.1325484859798962,0.0004165255328229843,1.2499931240017759,0.8804364439997698,0.7543226990001131,0.09516546899976674,0.0,0.024895940000078554,5.672754515080412e-05,0.17023936299756315,,0.00030379500003618887,0.5111784220002846,0.8833421699996507,0.5119751570000517,6.473183014999904,0.006052335999811476,6.984361437000189,6.984665232000225,1e-07,80000,v6_btab
35721,expanded_box,topk,8192,,8192,0,"[51, 51]","[103, 103]",10609,topk,8192,,8192,80000,10609,cheap,30,0.01,,,,,,,,,,,,,,,,,inverse,20000,group_c,50,diag,0.001,50,auto,group_c,auto,3000,3001,0.029718413646120448,0,,2,USGS_LPC_IL_Winnebago_2018_ground_elevation_regression_ntrain100000000,False,NVIDIA A100-SXM4-40GB,cheap,0,0,0,0,0,0,2,35721,,,1e-05,inverse,99999999.99985805,True,nan,0,50,diag,0.001,0,0,0,1800814096,False,3000.0,matern,0.1,1.5,1.0,0,3000,btab_auto_topk_8192,189,3001,3001,25000000,100000000,3000,cufinufft,binned_c1,50,3000,0.029718413646120448,pcg,maxiter,3001,True,0.1,0,184.00350798219733,0.15715132850282473,0.1571379974860123,0,0.1,exact,ok,0.000638637377203041,1.9165507689863261,0.0016256567874062583,4.8785960190061815,681483.853611531,25112,,0.0022139630000310717,4.4997145280542496e-05,0.13503643298690804,4.7914952014439465e-05,0.14379277099533283,0.0014325253665384804,4.29900862498198,3.7484010810003383,2.9790466120002748,0.6160508830002982,0.0,0.1297375029998875,5.651242318832696e-05,0.1695937819881692,,0.0003080740002587845,0.5113087529998666,3.7517091660001824,0.5149046769997767,12.418027217000144,0.023566082999877835,12.929335970000011,12.92964404400027,1e-07,80000,v6_btab
35721,expanded_box,topk,12288,,12288,0,"[62, 62]","[125, 125]",15625,topk,12288,,12288,80000,15625,cheap,30,0.01,,,,,,,,,,,,,,,,,inverse,20000,group_c,50,diag,0.001,50,auto,group_c,auto,3000,3001,0.02670488877130494,0,,2,USGS_LPC_IL_Winnebago_2018_ground_elevation_regression_ntrain100000000,False,NVIDIA A100-SXM4-40GB,cheap,0,0,0,0,0,0,2,35721,,,1e-05,inverse,99999999.99985805,True,nan,0,50,diag,0.001,0,0,0,3906250000,False,3000.0,matern,0.1,1.5,1.0,0,3000,btab_auto_topk_12288,189,3001,3001,25000000,100000000,3000,cufinufft,binned_c1,50,3000,0.02670488877130494,pcg,maxiter,3001,True,0.1,0,71.07675064533211,0.1501701451948185,0.15018264553327285,0,0.1,exact,ok,0.0006381742499155645,1.9151609239966092,0.0032544874848397945,9.766716942004223,324650.644630504,20096,,0.0026864689998546964,4.4683046982687325e-05,0.13409382399504466,4.920603431677348e-05,0.1476673089846372,0.003060540532154881,9.184682136996798,8.6157661860002,6.340774868000153,1.8534720800003015,0.0,0.36971632899985707,5.598218893171519e-05,0.1680025489840773,,0.00024754400010351674,0.5113038149997919,8.619572034000157,0.5129098610000256,22.168368137000016,0.05180290899988904,22.679671951999808,22.67991949599991,1e-07,80000,v6_btab
35721,expanded_box,topk,20480,,20480,0,"[80, 80]","[161, 161]",25921,topk,20480,,20480,80000,25921,cheap,30,0.01,,cupy,2.120837467751379e-13,2.8136261575032506e-14,960,418,418,,418,192,25921,9800,79632384,2611.786585578622,26117.86585578622,0.001,boxeig,20000,group_c,50,diag,0.001,50,auto,group_c,boxeig,3000,3001,2.559789041475716e-07,0,,2,USGS_LPC_IL_Winnebago_2018_ground_elevation_regression_ntrain100000000,False,NVIDIA A100-SXM4-40GB,cheap,192,0,192,192,0,0,2,35721,2.120837467751379e-13,2.8136261575032506e-14,1e-05,boxeig,99999999.99985805,True,nan,0,0,,nan,0,0,0,0,False,3000.0,matern,0.1,1.5,1.0,1648656,3000,btab_boxeig_topk_20480_q192,189,3001,3001,25000000,100000000,3000,cufinufft,binned_c1,50,3000,2.559789041475716e-07,pcg,maxiter,3001,True,0.1,0,20.372483964690904,0.11186206001588812,0.1118780239177653,0,0.1,boxeig,ok,0.0006371837060945593,1.9121883019897723,0.0004519484538484716,1.3562973099992632,81911.19777238744,9800,26117.86585578622,0.003448079999998299,4.581623791854254e-05,0.13749452999354617,4.0665597470321675e-05,0.12203745800843535,0.0002658460972995939,0.7978041379960814,0.5056767809996927,0.0,0.0,0.0010324169998057187,0.0,5.7694920021450286e-05,0.1731424549843723,0.504644363999887,0.07998987400014812,0.5113184979995822,0.509863919000054,0.5329058199999963,5.66424711100035,0.0,6.175565608999932,6.25555548300008,1e-07,80000,v7_btab_boxeig
35721,expanded_box,topk,20480,,20480,0,"[80, 80]","[161, 161]",25921,topk,20480,,20480,80000,25921,cheap,30,0.01,,cupy,8.849654401437715e-13,3.7946624189322207e-14,1280,546,546,,546,256,25921,9800,106176512,1215.6767839395,12156.767839395,0.001,boxeig,20000,group_c,50,diag,0.001,50,auto,group_c,boxeig,2181,2182,8.979446801860937e-08,0,,2,USGS_LPC_IL_Winnebago_2018_ground_elevation_regression_ntrain100000000,False,NVIDIA A100-SXM4-40GB,cheap,256,0,256,256,0,0,2,35721,8.849654401437715e-13,3.7946624189322207e-14,1e-05,boxeig,99999999.99985805,True,nan,0,0,,nan,0,0,0,0,False,2181.0,matern,0.1,1.5,1.0,1648656,3000,btab_boxeig_topk_20480_q256,189,2182,2181,25000000,100000000,3000,cufinufft,binned_c1,50,2181,8.979446801860937e-08,pcg,converged,2181,True,0.1,0,20.372483964690904,0.11186205699033475,0.11187802169958228,0,0.1,boxeig,ok,0.0006465219252976168,1.4107108409993998,0.0004739002072448837,1.0335763520010914,81911.19777238744,9800,12156.767839395,0.0033877299997584487,4.566397295192169e-05,0.09959312500814121,4.090321549836005e-05,0.08920991300192327,0.00028756078588673873,0.6271700740189772,0.47320564900019235,0.0,0.0,0.001031753999995999,0.0,5.801895139780751e-05,0.1265393329986182,0.47217389500019635,0.10751996700037125,0.5111283729997922,0.4773953389999406,0.515539851000085,4.292414820999966,0.0,4.803543193999758,4.911063161000129,1e-07,80000,v7_btab_boxeig
35721,expanded_box,topk,20480,,20480,0,"[80, 80]","[161, 161]",25921,topk,20480,,20480,80000,25921,cheap,30,0.01,,cupy,4.963772812825885e-13,1.0646826109936217e-13,1600,674,674,,674,320,25921,9800,132720640,676.9715914186995,6769.715914186995,0.001,boxeig,20000,group_c,50,diag,0.001,50,auto,group_c,boxeig,1703,1704,9.251719985356756e-08,0,,2,USGS_LPC_IL_Winnebago_2018_ground_elevation_regression_ntrain100000000,False,NVIDIA A100-SXM4-40GB,cheap,320,0,320,320,0,0,2,35721,4.963772812825885e-13,1.0646826109936217e-13,1e-05,boxeig,99999999.99985805,True,nan,0,0,,nan,0,0,0,0,False,1703.0,matern,0.1,1.5,1.0,1648656,3000,btab_boxeig_topk_20480_q320,189,1704,1703,25000000,100000000,3000,cufinufft,binned_c1,50,1703,9.251719985356756e-08,pcg,converged,1703,True,0.1,0,20.372483964690904,0.11186205306076047,0.11187801827945663,0,0.1,boxeig,ok,0.0006397821707776448,1.0901888190051068,0.0004978498596653181,0.8478383110100367,81911.19777238744,9800,6769.715914186995,0.0033843320002233668,4.531977686309237e-05,0.0771795799978463,4.0628963004114126e-05,0.06919112399600635,0.00031325606047556074,0.5334750709898799,0.5945084949999,0.0,0.0,0.0010259440000481845,0.0,5.685779623716721e-05,0.09682882699189577,0.5934825509998518,0.13176181700009693,0.5111428690001958,0.5987798180003665,0.524222133999956,3.6041670459999295,0.0,4.115309915000125,4.247071732000222,1e-07,80000,v7_btab_boxeig
35721,expanded_box,topk,20480,,20480,0,"[80, 80]","[161, 161]",25921,topk,20480,,20480,80000,25921,cheap,30,0.01,,cupy,1.508493192406894e-11,1.7554747313590012e-13,1920,802,802,,802,384,25921,9800,159264768,412.11885960801266,4121.188596080126,0.001,boxeig,20000,group_c,50,diag,0.001,50,auto,group_c,boxeig,1318,1319,9.027923380030289e-08,0,,2,USGS_LPC_IL_Winnebago_2018_ground_elevation_regression_ntrain100000000,False,NVIDIA A100-SXM4-40GB,cheap,384,0,384,384,0,0,2,35721,1.508493192406894e-11,1.7554747313590012e-13,1e-05,boxeig,99999999.99985805,True,nan,0,0,,nan,0,0,0,0,False,1318.0,matern,0.1,1.5,1.0,1648656,3000,btab_boxeig_topk_20480_q384,189,1319,1318,25000000,100000000,3000,cufinufft,binned_c1,50,1318,9.027923380030289e-08,pcg,converged,1318,True,0.1,0,20.372483964690904,0.11186205938783526,0.11187802438998998,0,0.1,boxeig,ok,0.0006469166285009471,0.8532830329927492,0.0005420350364181265,0.7144021779990908,81911.19777238744,9800,4121.188596080126,0.003373150999777863,4.568157663033823e-05,0.06020831799878579,4.109856221874491e-05,0.054167905004305794,0.0003556547602479116,0.46875297400674754,0.7194070529999408,0.0,0.0,0.001027501999942615,0.0,5.721088846823618e-05,0.07540395100113528,0.7183795509999982,0.16027105100010886,0.5110220229998959,0.7237815539997428,0.5139051220003239,3.1229943710000043,0.0,3.6340163939999,3.794287445000009,1e-07,80000,v7_btab_boxeig
35721,expanded_box,topk,20480,,20480,0,"[80, 80]","[161, 161]",25921,topk,20480,,20480,80000,25921,cheap,30,0.01,,cupy,7.802028203352776e-12,4.627354977061604e-13,2240,930,930,,930,448,25921,9800,185808896,269.2984046753606,2692.9840467536055,0.001,boxeig,20000,group_c,50,diag,0.001,50,auto,group_c,boxeig,1067,1068,9.576578286599646e-08,0,,2,USGS_LPC_IL_Winnebago_2018_ground_elevation_regression_ntrain100000000,False,NVIDIA A100-SXM4-40GB,cheap,448,0,448,448,0,0,2,35721,7.802028203352776e-12,4.627354977061604e-13,1e-05,boxeig,99999999.99985805,True,nan,0,0,,nan,0,0,0,0,False,1067.0,matern,0.1,1.5,1.0,1648656,3000,btab_boxeig_topk_20480_q448,189,1068,1067,25000000,100000000,3000,cufinufft,binned_c1,50,1067,9.576578286599646e-08,pcg,converged,1067,True,0.1,0,20.372483964690904,0.11186207530419513,0.11187803917929304,0,0.1,boxeig,ok,0.0006428671170359668,0.6865820809944125,0.0005799411958802249,0.6187972560041999,81911.19777238744,9800,2692.9840467536055,0.0034069839998664975,4.5166077801688975e-05,0.048192205014402134,4.09705745141551e-05,0.04371560300660349,0.0003942304451726413,0.42064388499920824,0.8622559730006287,0.0,0.0,0.0010768340002869081,0.0,5.760684724694797e-05,0.06146650601249348,0.8611791390003418,0.18285052200008067,0.5116588860000775,0.8667721520000669,0.5176894210003411,2.841171135999957,0.0,3.3528300220000347,3.5356805440001153,1e-07,80000,v7_btab_boxeig
35721,expanded_box,topk,25720,,25720,0,"[90, 90]","[181, 181]",32761,topk,25720,,25720,80000,32761,cheap,30,0.01,,cupy,1.8929176587999155e-12,2.6579249965567595e-14,960,418,418,,418,192,32761,2960,100644864,2612.4157492245895,26124.157492245893,0.001,boxeig,20000,group_c,50,diag,0.001,50,auto,group_c,boxeig,2780,2781,9.991175843735162e-08,0,,2,USGS_LPC_IL_Winnebago_2018_ground_elevation_regression_ntrain100000000,False,NVIDIA A100-SXM4-40GB,cheap,192,0,192,192,0,0,2,35721,1.8929176587999155e-12,2.6579249965567595e-14,1e-05,boxeig,99999999.99985805,True,nan,0,0,,nan,0,0,0,0,False,2780.0,matern,0.1,1.5,1.0,2085136,3000,btab_boxeig_topk_25720_q192,189,2781,2780,25000000,100000000,3000,cufinufft,binned_c1,50,2780,9.991175843735162e-08,pcg,converged,2780,True,0.1,0,11.408548010216704,0.11186209736311718,0.11187806569296259,0,0.1,boxeig,ok,0.0006400005203108205,1.779841446984392,0.00046934527374053184,1.3047798609986785,18389.531643654045,2960,26124.157492245893,0.0040517810002711485,4.579664676240761e-05,0.12731467799949314,4.056697049929962e-05,0.11277617798805295,0.00028379978093947774,0.7889633910117482,0.3532468329999574,0.0,0.0,0.0010388939999756985,0.0,5.704344100355465e-05,0.1585807659898819,0.3522079389999817,0.07717481700001372,0.5112767430000531,0.35806312000022444,0.5298385860000963,5.175356384999759,0.0,5.686633127999812,5.763807944999826,1e-07,80000,v7_btab_boxeig
35721,expanded_box,topk,25720,,25720,0,"[90, 90]","[181, 181]",32761,topk,25720,,25720,80000,32761,cheap,30,0.01,,cupy,4.08530330297592e-12,3.7240524721998104e-14,1280,546,546,,546,256,32761,2960,134193152,1216.2570036268985,12162.570036268984,0.001,boxeig,20000,group_c,50,diag,0.001,50,auto,group_c,boxeig,1978,1979,9.100559737023402e-08,0,,2,USGS_LPC_IL_Winnebago_2018_ground_elevation_regression_ntrain100000000,False,NVIDIA A100-SXM4-40GB,cheap,256,0,256,256,0,0,2,35721,4.08530330297592e-12,3.7240524721998104e-14,1e-05,boxeig,99999999.99985805,True,nan,0,0,,nan,0,0,0,0,False,1978.0,matern,0.1,1.5,1.0,2085136,3000,btab_boxeig_topk_25720_q256,189,1979,1978,25000000,100000000,3000,cufinufft,binned_c1,50,1978,9.100559737023402e-08,pcg,converged,1978,True,0.1,0,11.408548010216704,0.11186206756167774,0.11187803342272704,0,0.1,boxeig,ok,0.0006388998019213534,1.2643827080023584,0.0005200934069753101,1.0287447589971634,18389.531643654045,2960,12162.570036268984,0.003922126000361459,4.56794939348632e-05,0.09035403900315941,4.062116026879468e-05,0.08034865501167587,0.00033462390698264403,0.6618860880116699,0.46468168100000184,0.0,0.0,0.0010367360000600456,0.0,5.689741961489499e-05,0.11254309599826229,0.4636449449999418,0.10261379699977624,0.5115106789999118,0.46947963799993886,0.5130711830001928,3.9977041900001495,0.0,4.509214869000061,4.6118286659998375,1e-07,80000,v7_btab_boxeig
35721,expanded_box,topk,25720,,25720,0,"[90, 90]","[181, 181]",32761,topk,25720,,25720,80000,32761,cheap,30,0.01,,cupy,6.257356322687094e-13,8.374155734357047e-14,1600,674,674,,674,320,32761,2960,167741440,677.6213029805076,6776.213029805076,0.001,boxeig,20000,group_c,50,diag,0.001,50,auto,group_c,boxeig,1501,1502,8.464812664931855e-08,0,,2,USGS_LPC_IL_Winnebago_2018_ground_elevation_regression_ntrain100000000,False,NVIDIA A100-SXM4-40GB,cheap,320,0,320,320,0,0,2,35721,6.257356322687094e-13,8.374155734357047e-14,1e-05,boxeig,99999999.99985805,True,nan,0,0,,nan,0,0,0,0,False,1501.0,matern,0.1,1.5,1.0,2085136,3000,btab_boxeig_topk_25720_q320,189,1502,1501,25000000,100000000,3000,cufinufft,binned_c1,50,1501,8.464812664931855e-08,pcg,converged,1501,True,0.1,0,11.408548010216704,0.11186206757134466,0.11187803366637146,0,0.1,boxeig,ok,0.0006452565013279937,0.9691752649946466,0.0005629510992715233,0.8449896000065564,18389.531643654045,2960,6776.213029805076,0.0038584680000894878,4.585218254556351e-05,0.06882412600089083,4.1237558300749536e-05,0.061897575009425054,0.000376386384411976,0.5649559630023759,0.7713872770000307,0.0,0.0,0.0010127199998350989,0.0,5.7218826119638694e-05,0.08588545800557768,0.7703745570001956,0.12781198700031382,0.5112115499996435,0.776232508999783,0.512151582000115,3.5332390070002475,0.0,4.044450556999891,4.172262544000205,1e-07,80000,v7_btab_boxeig
35721,expanded_box,topk,25720,,25720,0,"[90, 90]","[181, 181]",32761,topk,25720,,25720,80000,32761,cheap,30,0.01,,cupy,1.2245428523900615e-11,1.6422239636065123e-13,1920,802,802,,802,384,32761,2960,201289728,412.57665279725205,4125.766527972521,0.001,boxeig,20000,group_c,50,diag,0.001,50,auto,group_c,boxeig,1164,1165,9.201572281506615e-08,0,,2,USGS_LPC_IL_Winnebago_2018_ground_elevation_regression_ntrain100000000,False,NVIDIA A100-SXM4-40GB,cheap,384,0,384,384,0,0,2,35721,1.2245428523900615e-11,1.6422239636065123e-13,1e-05,boxeig,99999999.99985805,True,nan,0,0,,nan,0,0,0,0,False,1164.0,matern,0.1,1.5,1.0,2085136,3000,btab_boxeig_topk_25720_q384,189,1165,1164,25000000,100000000,3000,cufinufft,binned_c1,50,1164,9.201572281506615e-08,pcg,converged,1164,True,0.1,0,11.408548010216704,0.11186206541957099,0.11187803177274831,0,0.1,boxeig,ok,0.000640582336487069,0.7462784220074354,0.000603308174395883,0.7022507149968078,18389.531643654045,2960,4125.766527972521,0.003911722999873746,4.5548811867056085e-05,0.05301881701325328,4.11224089337282e-05,0.04786648399885962,0.00041777462370801095,0.4862896619961248,0.7120350740001413,0.0,0.0,0.001226284000040323,0.0,5.664619759054685e-05,0.06593617399539653,0.710808790000101,0.1524707179996767,0.5121907190000456,0.7171792729996014,0.5120228089999728,2.896268040999985,0.0,3.4084587600000305,3.560929477999707,1e-07,80000,v7_btab_boxeig
35721,expanded_box,topk,25720,,25720,0,"[90, 90]","[181, 181]",32761,topk,25720,,25720,80000,32761,cheap,30,0.01,,cupy,9.144814122375147e-12,4.1375605493705635e-13,2240,930,930,,930,448,32761,2960,234838016,269.5717789023143,2695.717789023143,0.001,boxeig,20000,group_c,50,diag,0.001,50,auto,group_c,boxeig,980,981,8.097537836346498e-08,0,,2,USGS_LPC_IL_Winnebago_2018_ground_elevation_regression_ntrain100000000,False,NVIDIA A100-SXM4-40GB,cheap,448,0,448,448,0,0,2,35721,9.144814122375147e-12,4.1375605493705635e-13,1e-05,boxeig,99999999.99985805,True,nan,0,0,,nan,0,0,0,0,False,980.0,matern,0.1,1.5,1.0,2085136,3000,btab_boxeig_topk_25720_q448,189,981,980,25000000,100000000,3000,cufinufft,binned_c1,50,980,8.097537836346498e-08,pcg,converged,980,True,0.1,0,11.408548010216704,0.11186206325750193,0.11187802790436459,0,0.1,boxeig,ok,0.0006446422884720893,0.6323940849911196,0.0006556396469431074,0.6425268540042453,18389.531643654045,2960,2695.717789023143,0.0038697580002917675,4.569941325983991e-05,0.04478542499464311,4.1476068372039476e-05,0.04064654700459869,0.00046915628673578256,0.4597731610010669,0.9579207849997147,0.0,0.0,0.0010629270000208635,0.0,5.698626122726377e-05,0.055846536002718494,0.9568578579996938,0.1784314970000196,0.5113130180002372,0.9630253949999315,0.5121327769998061,2.854206245000114,0.0,3.365519263000351,3.543950760000371,1e-07,80000,v7_btab_boxeig
35721,expanded_box,topk,35721,,35721,0,"[94, 94]","[189, 189]",35721,topk,35721,,35721,80000,35721,cheap,30,0.01,,cupy,4.41083620757986e-13,2.7079674923758337e-14,960,418,418,,418,192,35721,0,109737984,2612.493322615389,26124.933226153888,0.001,boxeig,20000,group_c,50,diag,0.001,50,auto,group_c,boxeig,498,499,9.102629898014921e-08,0,,2,USGS_LPC_IL_Winnebago_2018_ground_elevation_regression_ntrain100000000,False,NVIDIA A100-SXM4-40GB,cheap,192,0,192,192,0,0,2,35721,4.41083620757986e-13,2.7079674923758337e-14,1e-05,boxeig,99999999.99985805,True,nan,0,0,,nan,0,0,0,0,False,498.0,matern,0.1,1.5,1.0,2274064,3000,btab_boxeig_topk_35721_q192,189,499,498,25000000,100000000,3000,cufinufft,binned_c1,50,498,9.102629898014921e-08,pcg,converged,498,True,0.1,0,0.0,0.11186214218191515,0.11187811162206926,0,0.1,boxeig,ok,0.0006522109719333527,0.32545327499474297,0.0004380298654482376,0.21813887299322232,0.0,0,26124.933226153888,0.004526544999862381,1.7021949818637995e-05,0.00847693100968172,3.1349110444184825e-05,0.015611857001204044,0.00029203947991641234,0.14543566099837335,0.3588582030001817,0.0,0.0,0.0009137390002251777,0.0,5.6994331327630964e-05,0.02838317700116022,0.3579444639999565,0.08091529800003627,0.5112812809998104,0.3641804379999485,0.5121242680002069,1.2265382260002298,0.0,1.7378195070000402,1.8187348050000764,1e-07,80000,v7_btab_boxeig
35721,expanded_box,topk,35721,,35721,0,"[94, 94]","[189, 189]",35721,topk,35721,,35721,80000,35721,cheap,30,0.01,,cupy,3.038738925899031e-12,3.651164853672263e-14,1280,546,546,,546,256,35721,0,146317312,1216.3487750382803,12163.487750382803,0.001,boxeig,20000,group_c,50,diag,0.001,50,auto,group_c,boxeig,339,340,9.672615057677465e-08,0,,2,USGS_LPC_IL_Winnebago_2018_ground_elevation_regression_ntrain100000000,False,NVIDIA A100-SXM4-40GB,cheap,256,0,256,256,0,0,2,35721,3.038738925899031e-12,3.651164853672263e-14,1e-05,boxeig,99999999.99985805,True,nan,0,0,,nan,0,0,0,0,False,339.0,matern,0.1,1.5,1.0,2274064,3000,btab_boxeig_topk_35721_q256,189,340,339,25000000,100000000,3000,cufinufft,binned_c1,50,339,9.672615057677465e-08,pcg,converged,339,True,0.1,0,0.0,0.11186219266418586,0.11187816193061802,0,0.1,boxeig,ok,0.0006739522705723122,0.22914377199458613,0.0005021355545776497,0.17022395300182325,0.0,0,12163.487750382803,0.004608058000030724,1.740481121329102e-05,0.005900231001305656,3.222666075872764e-05,0.01092483799720867,0.00035256897344584573,0.1195208819981417,0.5092351309995138,0.0,0.0,0.0009229799998138333,0.0,5.841043068336513e-05,0.01980113600166078,0.5083121509997,0.1078043389998129,0.5112134900000456,0.5147725109995918,0.5129194579999421,1.1389762359999622,0.0,1.6501897260000078,1.7579940649998207,1e-07,80000,v7_btab_boxeig
35721,expanded_box,topk,35721,,35721,0,"[94, 94]","[189, 189]",35721,topk,35721,,35721,80000,35721,cheap,30,0.01,,cupy,5.054056970592054e-13,9.428001756378646e-14,1600,674,674,,674,320,35721,0,182896640,677.8084142820876,6778.084142820876,0.001,boxeig,20000,group_c,50,diag,0.001,50,auto,group_c,boxeig,264,265,7.708050292975328e-08,0,,2,USGS_LPC_IL_Winnebago_2018_ground_elevation_regression_ntrain100000000,False,NVIDIA A100-SXM4-40GB,cheap,320,0,320,320,0,0,2,35721,5.054056970592054e-13,9.428001756378646e-14,1e-05,boxeig,99999999.99985805,True,nan,0,0,,nan,0,0,0,0,False,264.0,matern,0.1,1.5,1.0,2274064,3000,btab_boxeig_topk_35721_q320,189,265,264,25000000,100000000,3000,cufinufft,binned_c1,50,264,7.708050292975328e-08,pcg,converged,264,True,0.1,0,0.0,0.11186214838077951,0.11187811918794116,0,0.1,boxeig,ok,0.0006631529962331389,0.17573554400178182,0.0005466845038054915,0.14432470900464978,0.0,0,6778.084142820876,0.004555926000193722,1.738537500876081e-05,0.004589739002312854,3.329208333401436e-05,0.00878911000017979,0.0003955781855996644,0.1044326409983114,0.5944581120002113,0.0,0.0,0.0009400170001754304,0.0,5.856167422969134e-05,0.015460281996638514,0.5935180950000358,0.1330934759998854,0.5114328489999025,0.600104631999784,0.5119782300002953,1.0915687279998565,0.0,1.603001576999759,1.7360950529996444,1e-07,80000,v7_btab_boxeig
35721,expanded_box,topk,35721,,35721,0,"[94, 94]","[189, 189]",35721,topk,35721,,35721,80000,35721,cheap,30,0.01,,cupy,8.390269696984769e-12,2.170678466759636e-13,1920,802,802,,802,384,35721,0,219475968,412.6597073260057,4126.597073260056,0.001,boxeig,20000,group_c,50,diag,0.001,50,auto,group_c,boxeig,210,211,7.460865843847773e-08,0,,2,USGS_LPC_IL_Winnebago_2018_ground_elevation_regression_ntrain100000000,False,NVIDIA A100-SXM4-40GB,cheap,384,0,384,384,0,0,2,35721,8.390269696984769e-12,2.170678466759636e-13,1e-05,boxeig,99999999.99985805,True,nan,0,0,,nan,0,0,0,0,False,210.0,matern,0.1,1.5,1.0,2274064,3000,btab_boxeig_topk_35721_q384,189,211,210,25000000,100000000,3000,cufinufft,binned_c1,50,210,7.460865843847773e-08,pcg,converged,210,True,0.1,0,0.0,0.11186214283691062,0.11187811462203252,0,0.1,boxeig,ok,0.0006679261706198459,0.14093242200078748,0.0005984541952394855,0.12567538100029196,0.0,0,4126.597073260056,0.004561006999665551,1.7527828597286274e-05,0.0036808440054301172,3.266460951289489e-05,0.006859567997707927,0.0004478801571189078,0.09405483299497064,0.7353198030000385,0.0,0.0,0.0009129340000981756,0.0,5.818478571633196e-05,0.012218805000429711,0.7344068689999403,0.1594012600003225,0.5115221249998285,0.7411101119996601,0.5121342329998697,1.145232974999999,0.0,1.6567550999998275,1.81615636000015,1e-07,80000,v7_btab_boxeig
35721,expanded_box,topk,35721,,35721,0,"[94, 94]","[189, 189]",35721,topk,35721,,35721,80000,35721,cheap,30,0.01,,cupy,1.2884977749928085e-11,4.382943418254805e-13,2240,930,930,,930,448,35721,0,256055296,269.666888792418,2696.6688879241797,0.001,boxeig,20000,group_c,50,diag,0.001,50,auto,group_c,boxeig,176,177,8.168729313722758e-08,0,,2,USGS_LPC_IL_Winnebago_2018_ground_elevation_regression_ntrain100000000,False,NVIDIA A100-SXM4-40GB,cheap,448,0,448,448,0,0,2,35721,1.2884977749928085e-11,4.382943418254805e-13,1e-05,boxeig,99999999.99985805,True,nan,0,0,,nan,0,0,0,0,False,176.0,matern,0.1,1.5,1.0,2274064,3000,btab_boxeig_topk_35721_q448,189,177,176,25000000,100000000,3000,cufinufft,binned_c1,50,176,8.168729313722758e-08,pcg,converged,176,True,0.1,0,0.0,0.11186212125775301,0.11187807782502036,0,0.1,boxeig,ok,0.0006870700621436561,0.12161140099942713,0.0006848710170495244,0.1205372990007163,0.0,0,2696.6688879241797,0.004504919999817503,1.8054579527415626e-05,0.00317760599682515,3.888781252085623e-05,0.006844255003670696,0.0005216969375086675,0.09181866100152547,3.790771144000246,0.0,0.0,0.0009171000001515495,0.0,6.240298299334509e-05,0.010982925006828737,3.7898540440000943,0.18650497199996607,0.5112150310001198,3.796793269999853,0.512986182000077,4.159871436999765,0.0,4.671086467999885,4.857591439999851,1e-07,80000,v7_btab_boxeig
