dataset_stem,eps,method,route,precompute_mode,selector_tag,S_kind,btab_active_size_raw,btab_box_size,active_size,box_size,tail_size,rho_max_T,tail_energy,epsilon_T,btab_diagnostic_mode,time_post_diagnostics,time_total_with_diagnostics,diagnostic_n_matvec,diagnostic_n_A_matvec,diagnostic_n_ASS_matvec,diagnostic_n_precond,diagnostic_n_eig_matvec,diagnostic_n_power_iter
USGS_LPC_IL_Winnebago_2018_ground_elevation_regression_ntrain1000000,1e-05,btab_boxeig_topk_1024_q64,boxeig,c1,topk_1024,expanded_box,1024.0,1369.0,1024.0,1369.0,34352.0,240.15196295342733,159243.74207647605,5.965348978769048,full,0.2792630000039935,3.48620790001587,157.0,93.0,64.0,31.0,64.0,60.0
USGS_LPC_IL_Winnebago_2018_ground_elevation_regression_ntrain1000000,1e-05,btab_boxeig_topk_1024_q128,boxeig,c1,topk_1024,expanded_box,1024.0,1369.0,1024.0,1369.0,34352.0,240.15196295342736,159243.74207647608,5.965348978769048,full,0.2605418000021018,2.341698800009908,221.0,93.0,128.0,31.0,128.0,60.0
USGS_LPC_IL_Winnebago_2018_ground_elevation_regression_ntrain1000000,1e-05,btab_auto_topk_1024,inverse,c1,topk_1024,expanded_box,1024.0,1369.0,1024.0,1369.0,34352.0,240.15196295342736,159243.74207647608,5.9653489787690495,full,0.2485106000094674,1.2546299000096042,93.0,93.0,0.0,31.0,0.0,60.0
USGS_LPC_IL_Winnebago_2018_ground_elevation_regression_ntrain1000000,1e-05,btab_boxeig_topk_2048_q128,boxeig,c1,topk_2048,expanded_box,2048.0,2601.0,2048.0,2601.0,33120.0,54.5477451243749,63021.1201277645,5.690954425193257,full,0.2426582000043708,2.390618400007952,221.0,93.0,128.0,31.0,128.0,60.0
USGS_LPC_IL_Winnebago_2018_ground_elevation_regression_ntrain1000000,1e-05,btab_auto_topk_2048,inverse,c1,topk_2048,expanded_box,2048.0,2601.0,2048.0,2601.0,33120.0,54.5477451243749,63021.1201277645,5.690954425193256,full,0.3482635999971535,1.7002290999807883,93.0,93.0,0.0,31.0,0.0,60.0
USGS_LPC_IL_Winnebago_2018_ground_elevation_regression_ntrain1000000,1e-05,btab_boxeig_topk_4096_q128,boxeig,c1,topk_4096,expanded_box,4096.0,5329.0,4096.0,5329.0,30392.0,9.838544680288264,21241.399621101573,4.931851559891996,full,0.262861499999417,2.415868799987948,221.0,93.0,128.0,31.0,128.0,60.0
USGS_LPC_IL_Winnebago_2018_ground_elevation_regression_ntrain1000000,1e-05,btab_boxeig_topk_4096_q192,boxeig,c1,topk_4096,expanded_box,4096.0,5329.0,4096.0,5329.0,30392.0,9.838544680288264,21241.399621101573,4.931851559891996,full,0.2929652000020724,2.35612989999936,285.0,93.0,192.0,31.0,192.0,60.0
USGS_LPC_IL_Winnebago_2018_ground_elevation_regression_ntrain1000000,1e-05,btab_auto_topk_4096,inverse,c1,topk_4096,expanded_box,4096.0,5329.0,4096.0,5329.0,30392.0,9.838544680288264,21241.399621101573,4.931851559891996,full,8.232192700001178,25.48238989998936,93.0,93.0,0.0,31.0,0.0,60.0
USGS_LPC_IL_Winnebago_2018_ground_elevation_regression_ntrain1000000,1e-05,btab_boxeig_topk_8192_q64,boxeig,c1,topk_8192,expanded_box,8192.0,10609.0,8192.0,10609.0,25112.0,1.8400350798236111,6814.838536121377,3.279803039254176,full,0.2220371000003069,3.6244321999838576,157.0,93.0,64.0,31.0,64.0,60.0
USGS_LPC_IL_Winnebago_2018_ground_elevation_regression_ntrain1000000,1e-05,btab_boxeig_topk_8192_q128,boxeig,c1,topk_8192,expanded_box,8192.0,10609.0,8192.0,10609.0,25112.0,1.8400350798236111,6814.838536121377,3.279803039254175,full,0.2683507999754511,2.4899174999736715,221.0,93.0,128.0,31.0,128.0,60.0
USGS_LPC_IL_Winnebago_2018_ground_elevation_regression_ntrain1000000,1e-05,btab_boxeig_topk_8192_q192,boxeig,c1,topk_8192,expanded_box,8192.0,10609.0,8192.0,10609.0,25112.0,1.8400350798236111,6814.838536121375,3.2798030392541757,full,0.2981185000098776,2.2875607000023592,285.0,93.0,192.0,31.0,192.0,60.0
USGS_LPC_IL_Winnebago_2018_ground_elevation_regression_ntrain10000000,1e-05,btab_boxeig_topk_1024_q64,boxeig,c1,topk_1024,expanded_box,1024.0,1369.0,1024.0,1369.0,34352.0,2401.5196295323567,1592437.420763489,8.154258513003269,full,0.2004754999943543,5.745836500020232,157.0,93.0,64.0,31.0,64.0,60.0
USGS_LPC_IL_Winnebago_2018_ground_elevation_regression_ntrain10000000,1e-05,btab_boxeig_topk_1024_q128,boxeig,c1,topk_1024,expanded_box,1024.0,1369.0,1024.0,1369.0,34352.0,2401.5196295323567,1592437.420763489,8.154258513003272,full,0.2483773999847471,4.321820899989689,221.0,93.0,128.0,31.0,128.0,60.0
USGS_LPC_IL_Winnebago_2018_ground_elevation_regression_ntrain10000000,1e-05,btab_auto_topk_1024,inverse,c1,topk_1024,expanded_box,1024.0,1369.0,1024.0,1369.0,34352.0,2401.5196295323567,1592437.420763489,8.15425851300327,full,0.21040329997777,2.750503499963088,93.0,93.0,0.0,31.0,0.0,60.0
USGS_LPC_IL_Winnebago_2018_ground_elevation_regression_ntrain10000000,1e-05,btab_boxeig_topk_2048_q128,boxeig,c1,topk_2048,expanded_box,2048.0,2601.0,2048.0,2601.0,33120.0,545.4774512433136,630211.2012771419,7.6759059471250515,full,0.2481697000039275,4.348726700001862,221.0,93.0,128.0,31.0,128.0,60.0
USGS_LPC_IL_Winnebago_2018_ground_elevation_regression_ntrain10000000,1e-05,btab_auto_topk_2048,inverse,c1,topk_2048,expanded_box,2048.0,2601.0,2048.0,2601.0,33120.0,545.4774512433136,630211.2012771419,7.675905947125055,full,0.2955856000189669,3.2864318000210915,93.0,93.0,0.0,31.0,0.0,60.0
USGS_LPC_IL_Winnebago_2018_ground_elevation_regression_ntrain10000000,1e-05,btab_boxeig_topk_4096_q128,boxeig,c1,topk_4096,expanded_box,4096.0,5329.0,4096.0,5329.0,30392.0,98.38544680280414,212413.99621084624,6.861776467400552,full,0.3325747000053525,4.736063000018476,221.0,93.0,128.0,31.0,128.0,60.0
USGS_LPC_IL_Winnebago_2018_ground_elevation_regression_ntrain10000000,1e-05,btab_boxeig_topk_4096_q192,boxeig,c1,topk_4096,expanded_box,4096.0,5329.0,4096.0,5329.0,30392.0,98.38544680280414,212413.99621084624,6.86177646740055,full,0.323057500005234,4.270344300020952,285.0,93.0,192.0,31.0,192.0,60.0
USGS_LPC_IL_Winnebago_2018_ground_elevation_regression_ntrain10000000,1e-05,btab_auto_topk_4096,inverse,c1,topk_4096,expanded_box,4096.0,5329.0,4096.0,5329.0,30392.0,98.38544680280414,212413.99621084624,6.861776467400548,full,6.074228999990737,37.60891319997609,93.0,93.0,0.0,31.0,0.0,60.0
USGS_LPC_IL_Winnebago_2018_ground_elevation_regression_ntrain10000000,1e-05,btab_boxeig_topk_8192_q64,boxeig,c1,topk_8192,expanded_box,8192.0,10609.0,8192.0,10609.0,25112.0,18.400350798221424,68148.38536115935,5.745353042131225,full,0.2133732000074815,8.69153810001444,157.0,93.0,64.0,31.0,64.0,60.0
USGS_LPC_IL_Winnebago_2018_ground_elevation_regression_ntrain10000000,1e-05,btab_boxeig_topk_8192_q128,boxeig,c1,topk_8192,expanded_box,8192.0,10609.0,8192.0,10609.0,25112.0,18.400350798221424,68148.38536115935,5.745353042131224,full,0.2513853999844286,5.691581599996425,221.0,93.0,128.0,31.0,128.0,60.0
USGS_LPC_IL_Winnebago_2018_ground_elevation_regression_ntrain10000000,1e-05,btab_boxeig_topk_8192_q192,boxeig,c1,topk_8192,expanded_box,8192.0,10609.0,8192.0,10609.0,25112.0,18.400350798221424,68148.38536115935,5.745353042131225,full,0.3773891000018921,4.686546400014777,285.0,93.0,192.0,31.0,192.0,60.0
USGS_LPC_IL_Winnebago_2018_ground_elevation_regression_ntrain3000000,1e-05,btab_boxeig_topk_1024_q64,boxeig,c1,topk_1024,expanded_box,1024.0,1369.0,1024.0,1369.0,34352.0,720.4558888598436,477731.2262291375,7.294641315144397,full,0.2131613999954424,4.379999199969461,157.0,93.0,64.0,31.0,64.0,60.0
USGS_LPC_IL_Winnebago_2018_ground_elevation_regression_ntrain3000000,1e-05,btab_boxeig_topk_1024_q128,boxeig,c1,topk_1024,expanded_box,1024.0,1369.0,1024.0,1369.0,34352.0,720.4558888598436,477731.2262291375,7.294641315144398,full,0.2656516999995801,3.023529999976745,221.0,93.0,128.0,31.0,128.0,60.0
USGS_LPC_IL_Winnebago_2018_ground_elevation_regression_ntrain3000000,1e-05,btab_auto_topk_1024,inverse,c1,topk_1024,expanded_box,1024.0,1369.0,1024.0,1369.0,34352.0,720.4558888598436,477731.2262291375,7.294641315144398,full,0.2130428999953437,2.026520099985646,93.0,93.0,0.0,31.0,0.0,60.0
USGS_LPC_IL_Winnebago_2018_ground_elevation_regression_ntrain3000000,1e-05,btab_boxeig_topk_2048_q128,boxeig,c1,topk_2048,expanded_box,2048.0,2601.0,2048.0,2601.0,33120.0,163.64323537302514,189063.3603831785,6.659925207394543,full,0.2560280000034254,3.351914400001988,221.0,93.0,128.0,31.0,128.0,60.0
USGS_LPC_IL_Winnebago_2018_ground_elevation_regression_ntrain3000000,1e-05,btab_auto_topk_2048,inverse,c1,topk_2048,expanded_box,2048.0,2601.0,2048.0,2601.0,33120.0,163.64323537302514,189063.3603831785,6.659925207394541,full,0.34908000001451,2.503182700020261,93.0,93.0,0.0,31.0,0.0,60.0
USGS_LPC_IL_Winnebago_2018_ground_elevation_regression_ntrain3000000,1e-05,btab_boxeig_topk_4096_q128,boxeig,c1,topk_4096,expanded_box,4096.0,5329.0,4096.0,5329.0,30392.0,29.51563404084684,63724.19886326596,5.641188095307639,full,0.3019990999891888,3.765487699973164,221.0,93.0,128.0,31.0,128.0,60.0
USGS_LPC_IL_Winnebago_2018_ground_elevation_regression_ntrain3000000,1e-05,btab_boxeig_topk_4096_q192,boxeig,c1,topk_4096,expanded_box,4096.0,5329.0,4096.0,5329.0,30392.0,29.51563404084684,63724.19886326596,5.641188095307639,full,0.3146872000070289,3.079157600004692,285.0,93.0,192.0,31.0,192.0,60.0
USGS_LPC_IL_Winnebago_2018_ground_elevation_regression_ntrain3000000,1e-05,btab_auto_topk_4096,inverse,c1,topk_4096,expanded_box,4096.0,5329.0,4096.0,5329.0,30392.0,29.51563404084684,63724.19886326596,5.64118809530764,full,7.455078200000571,35.916985599993495,93.0,93.0,0.0,31.0,0.0,60.0
USGS_LPC_IL_Winnebago_2018_ground_elevation_regression_ntrain3000000,1e-05,btab_boxeig_topk_8192_q64,boxeig,c1,topk_8192,expanded_box,8192.0,10609.0,8192.0,10609.0,25112.0,5.520105239467475,20444.51560835169,4.705387462425646,full,0.2249670000164769,5.820048100023996,157.0,93.0,64.0,31.0,64.0,60.0
USGS_LPC_IL_Winnebago_2018_ground_elevation_regression_ntrain3000000,1e-05,btab_boxeig_topk_8192_q128,boxeig,c1,topk_8192,expanded_box,8192.0,10609.0,8192.0,10609.0,25112.0,5.520105239467475,20444.51560835169,4.705387462425647,full,0.2676347999949939,3.766899900016142,221.0,93.0,128.0,31.0,128.0,60.0
USGS_LPC_IL_Winnebago_2018_ground_elevation_regression_ntrain3000000,1e-05,btab_boxeig_topk_8192_q192,boxeig,c1,topk_8192,expanded_box,8192.0,10609.0,8192.0,10609.0,25112.0,5.520105239467475,20444.51560835169,4.705387462425647,full,0.331897600000957,3.4491778000083286,285.0,93.0,192.0,31.0,192.0,60.0
synthetic_true_func_2d_n1000000,1e-05,btab_boxeig_topk_1024_q64,boxeig,c1,topk_1024,expanded_box,1024.0,1369.0,1024.0,1369.0,34352.0,240.1514296249552,159243.36646233394,2.8394050022110275,full,0.2199974000104703,1.6671895000326913,157.0,93.0,64.0,31.0,64.0,60.0
synthetic_true_func_2d_n1000000,1e-05,btab_boxeig_topk_1024_q128,boxeig,c1,topk_1024,expanded_box,1024.0,1369.0,1024.0,1369.0,34352.0,240.1514296249552,159243.36646233394,2.8394050022110275,full,0.2956966999918222,1.2841279999993276,221.0,93.0,128.0,31.0,128.0,60.0
synthetic_true_func_2d_n1000000,1e-05,btab_auto_topk_1024,inverse,c1,topk_1024,expanded_box,1024.0,1369.0,1024.0,1369.0,34352.0,240.1514296249552,159243.36646233394,2.8394050022110284,full,0.2301971999986563,0.9300331999838818,93.0,93.0,0.0,31.0,0.0,60.0
synthetic_true_func_2d_n1000000,1e-05,btab_boxeig_topk_2048_q128,boxeig,c1,topk_2048,expanded_box,2048.0,2601.0,2048.0,2601.0,33120.0,54.54761652132973,63020.96672492494,2.731338618741145,full,0.2659784000134095,1.2979866999958176,221.0,93.0,128.0,31.0,128.0,60.0
synthetic_true_func_2d_n1000000,1e-05,btab_auto_topk_2048,inverse,c1,topk_2048,expanded_box,2048.0,2601.0,2048.0,2601.0,33120.0,54.54761652132973,63020.96672492494,2.731338618741146,full,0.3374920999922324,1.5541930999897886,93.0,93.0,0.0,31.0,0.0,60.0
synthetic_true_func_2d_n1000000,1e-05,btab_boxeig_topk_4096_q128,boxeig,c1,topk_4096,expanded_box,4096.0,5329.0,4096.0,5329.0,30392.0,9.83852065960661,21241.346961770272,2.4296804987506406,full,0.2721143999951891,1.4078805000171997,221.0,93.0,128.0,31.0,128.0,60.0
synthetic_true_func_2d_n1000000,1e-05,btab_boxeig_topk_4096_q192,boxeig,c1,topk_4096,expanded_box,4096.0,5329.0,4096.0,5329.0,30392.0,9.83852065960661,21241.346961770272,2.4296804987506406,full,0.333150199992815,1.4343636999838054,285.0,93.0,192.0,31.0,192.0,60.0
synthetic_true_func_2d_n1000000,1e-05,btab_auto_topk_4096,inverse,c1,topk_4096,expanded_box,4096.0,5329.0,4096.0,5329.0,30392.0,9.83852065960661,21241.346961770272,2.429680498750641,full,7.95172330000787,20.10059420001926,93.0,93.0,0.0,31.0,0.0,60.0
synthetic_true_func_2d_n1000000,1e-05,btab_boxeig_topk_8192_q64,boxeig,c1,topk_8192,expanded_box,8192.0,10609.0,8192.0,10609.0,25112.0,1.840030510776764,6814.821494690161,1.6726014724805354,full,0.3227095000038389,1.8691857999947388,157.0,93.0,64.0,31.0,64.0,60.0
synthetic_true_func_2d_n1000000,1e-05,btab_boxeig_topk_8192_q128,boxeig,c1,topk_8192,expanded_box,8192.0,10609.0,8192.0,10609.0,25112.0,1.840030510776764,6814.821494690161,1.672601472480535,full,0.3000052999996114,1.5108184999844525,221.0,93.0,128.0,31.0,128.0,60.0
synthetic_true_func_2d_n1000000,1e-05,btab_boxeig_topk_8192_q192,boxeig,c1,topk_8192,expanded_box,8192.0,10609.0,8192.0,10609.0,25112.0,1.840030510776764,6814.821494690161,1.6726014724805351,full,0.3499220999947283,1.6924017999845091,285.0,93.0,192.0,31.0,192.0,60.0
synthetic_true_func_2d_n10000000,1e-05,btab_boxeig_topk_1024_q64,boxeig,c1,topk_1024,expanded_box,1024.0,1369.0,1024.0,1369.0,34352.0,2401.5191371138226,1592437.0739614717,2.7524344858248773,full,0.2000784999981988,2.261666300008073,157.0,93.0,64.0,31.0,64.0,60.0
synthetic_true_func_2d_n10000000,1e-05,btab_boxeig_topk_1024_q128,boxeig,c1,topk_1024,expanded_box,1024.0,1369.0,1024.0,1369.0,34352.0,2401.5191371138226,1592437.0739614717,2.7524344858248777,full,0.2531972999859135,2.063247499987483,221.0,93.0,128.0,31.0,128.0,60.0
synthetic_true_func_2d_n10000000,1e-05,btab_auto_topk_1024,inverse,c1,topk_1024,expanded_box,1024.0,1369.0,1024.0,1369.0,34352.0,2401.5191371138226,1592437.0739614717,2.7524344858248777,full,0.2048573000065516,2.343961999984458,93.0,93.0,0.0,31.0,0.0,60.0
synthetic_true_func_2d_n10000000,1e-05,btab_boxeig_topk_2048_q128,boxeig,c1,topk_2048,expanded_box,2048.0,2601.0,2048.0,2601.0,33120.0,545.477332504985,630211.0596413197,2.7283613937574773,full,0.2539338000060525,2.101171100017382,221.0,93.0,128.0,31.0,128.0,60.0
synthetic_true_func_2d_n10000000,1e-05,btab_auto_topk_2048,inverse,c1,topk_2048,expanded_box,2048.0,2601.0,2048.0,2601.0,33120.0,545.477332504985,630211.0596413197,2.7283613937574773,full,0.3308747000119183,2.534954000002472,93.0,93.0,0.0,31.0,0.0,60.0
synthetic_true_func_2d_n10000000,1e-05,btab_boxeig_topk_4096_q128,boxeig,c1,topk_4096,expanded_box,4096.0,5329.0,4096.0,5329.0,30392.0,98.38542462466822,212413.9475908336,2.6745073500654573,full,0.2738025000144262,2.014024400006747,221.0,93.0,128.0,31.0,128.0,60.0
synthetic_true_func_2d_n10000000,1e-05,btab_boxeig_topk_4096_q192,boxeig,c1,topk_4096,expanded_box,4096.0,5329.0,4096.0,5329.0,30392.0,98.38542462466822,212413.9475908336,2.6745073500654577,full,0.3337782000016887,2.2106455999892205,285.0,93.0,192.0,31.0,192.0,60.0
synthetic_true_func_2d_n10000000,1e-05,btab_auto_topk_4096,inverse,c1,topk_4096,expanded_box,4096.0,5329.0,4096.0,5329.0,30392.0,98.38542462466822,212413.9475908336,2.674507350065457,full,6.577514500007965,24.348055500013288,93.0,93.0,0.0,31.0,0.0,60.0
synthetic_true_func_2d_n10000000,1e-05,btab_boxeig_topk_8192_q64,boxeig,c1,topk_8192,expanded_box,8192.0,10609.0,8192.0,10609.0,25112.0,18.400346579650652,68148.36962691823,2.5251616816660967,full,0.2171571999788284,2.3263321999984328,157.0,93.0,64.0,31.0,64.0,60.0
synthetic_true_func_2d_n10000000,1e-05,btab_boxeig_topk_8192_q128,boxeig,c1,topk_8192,expanded_box,8192.0,10609.0,8192.0,10609.0,25112.0,18.400346579650652,68148.36962691823,2.525161681666097,full,0.2551626000204123,2.0440764000231866,221.0,93.0,128.0,31.0,128.0,60.0
synthetic_true_func_2d_n10000000,1e-05,btab_boxeig_topk_8192_q192,boxeig,c1,topk_8192,expanded_box,8192.0,10609.0,8192.0,10609.0,25112.0,18.400346579650652,68148.36962691823,2.525161681666097,full,0.3458191999816336,2.2237724000005983,285.0,93.0,192.0,31.0,192.0,60.0
synthetic_true_func_2d_n3000000,1e-05,btab_boxeig_topk_1024_q64,boxeig,c1,topk_1024,expanded_box,1024.0,1369.0,1024.0,1369.0,34352.0,720.4550297588038,477730.6211788942,2.790658341840178,full,0.2107959999993909,1.7494203000096604,157.0,93.0,64.0,31.0,64.0,60.0
synthetic_true_func_2d_n3000000,1e-05,btab_boxeig_topk_1024_q128,boxeig,c1,topk_1024,expanded_box,1024.0,1369.0,1024.0,1369.0,34352.0,720.4550297588038,477730.6211788942,2.790658341840178,full,0.3013054000039119,1.815374800004065,221.0,93.0,128.0,31.0,128.0,60.0
synthetic_true_func_2d_n3000000,1e-05,btab_auto_topk_1024,inverse,c1,topk_1024,expanded_box,1024.0,1369.0,1024.0,1369.0,34352.0,720.4550297588038,477730.6211788942,2.790658341840178,full,0.2052253999863751,1.4550587999692652,93.0,93.0,0.0,31.0,0.0,60.0
synthetic_true_func_2d_n3000000,1e-05,btab_boxeig_topk_2048_q128,boxeig,c1,topk_2048,expanded_box,2048.0,2601.0,2048.0,2601.0,33120.0,163.6430282154797,189063.11327739028,2.742519728549873,full,0.2782091000117361,1.702500500017777,221.0,93.0,128.0,31.0,128.0,60.0
synthetic_true_func_2d_n3000000,1e-05,btab_auto_topk_2048,inverse,c1,topk_2048,expanded_box,2048.0,2601.0,2048.0,2601.0,33120.0,163.6430282154797,189063.11327739028,2.742519728549873,full,0.2955107000016141,2.0390207000018563,93.0,93.0,0.0,31.0,0.0,60.0
synthetic_true_func_2d_n3000000,1e-05,btab_boxeig_topk_4096_q128,boxeig,c1,topk_4096,expanded_box,4096.0,5329.0,4096.0,5329.0,30392.0,29.51559534762896,63724.11403807059,2.6066564905600487,full,0.2635060000175144,1.5972048999974504,221.0,93.0,128.0,31.0,128.0,60.0
synthetic_true_func_2d_n3000000,1e-05,btab_boxeig_topk_4096_q192,boxeig,c1,topk_4096,expanded_box,4096.0,5329.0,4096.0,5329.0,30392.0,29.51559534762896,63724.11403807059,2.6066564905600487,full,0.2997382000030484,1.8040271000063512,285.0,93.0,192.0,31.0,192.0,60.0
synthetic_true_func_2d_n3000000,1e-05,btab_auto_topk_4096,inverse,c1,topk_4096,expanded_box,4096.0,5329.0,4096.0,5329.0,30392.0,29.51559534762896,63724.11403807059,2.6066564905600496,full,7.003993399994215,26.82105080000474,93.0,93.0,0.0,31.0,0.0,60.0
synthetic_true_func_2d_n3000000,1e-05,btab_boxeig_topk_8192_q64,boxeig,c1,topk_8192,expanded_box,8192.0,10609.0,8192.0,10609.0,25112.0,5.520097879512786,20444.488157514188,2.22872188909052,full,0.2090867000224534,2.0769089000241365,157.0,93.0,64.0,31.0,64.0,60.0
synthetic_true_func_2d_n3000000,1e-05,btab_boxeig_topk_8192_q128,boxeig,c1,topk_8192,expanded_box,8192.0,10609.0,8192.0,10609.0,25112.0,5.520097879512786,20444.488157514188,2.22872188909052,full,0.2560946999874431,1.8649384999880567,221.0,93.0,128.0,31.0,128.0,60.0
synthetic_true_func_2d_n3000000,1e-05,btab_boxeig_topk_8192_q192,boxeig,c1,topk_8192,expanded_box,8192.0,10609.0,8192.0,10609.0,25112.0,5.520097879512786,20444.488157514188,2.22872188909052,full,0.3206537999794818,1.9748641999904064,285.0,93.0,192.0,31.0,192.0,60.0
