dataset_stem,eps,method,precompute_mode,selector_tag,btab_eig_q,btab_active_size_raw,btab_box_size,btab_eig_size_S,btab_eig_size_T,rho_max_T,tail_energy,btab_eig_theta_q1,btab_eig_theta_q1_over_sigma2,theta_q1_over_sigma2,btab_eig_eig_residual_max,btab_eig_eig_residual_median,btab_eig_storage_bytes,btab_eig_n_eig_matvec,btab_eig_n_ABB_matvec_cols,btab_eig_ncv_actual,btab_eig_backend,cg_iters,outer_iters,time_eig_setup,time_precond_build,time_solve,time_total,time_post_diagnostics,time_total_with_diagnostics,rmse_train,rmse_test
USGS_LPC_IL_Winnebago_2018_ground_elevation_regression_ntrain1000000,1e-05,btab_boxeig_topk_16384_q192,c1,topk_16384,192.0,16384.0,21025.0,21025.0,14696.0,0.3417994303232917,1608.5394410293347,26.1940860906153,261.940860906153,261.940860906153,4.983119710303467e-13,2.667003857718458e-14,64591872.0,418.0,418.0,418.0,cupy,202,202.0,0.3502499770002032,0.3549811289999525,0.7176064870000118,0.7393496610000057,0.0771964269999898,0.8165460879999955,0.1230750721273268,0.1232028908523227
USGS_LPC_IL_Winnebago_2018_ground_elevation_regression_ntrain1000000,1e-05,btab_boxeig_topk_16384_q256,c1,topk_16384,256.0,16384.0,21025.0,21025.0,14696.0,0.3417994303232917,1608.5394410293347,12.239960322393292,122.39960322393291,122.39960322393291,9.879586740923797e-13,3.5237323316080326e-14,86122496.0,546.0,546.0,546.0,cupy,144,144.0,0.4612373160000516,0.4660057169999163,0.7284845140000016,0.7490465370001402,0.1015720430000328,0.8506185800001731,0.1230750626735445,0.1232028809088624
USGS_LPC_IL_Winnebago_2018_ground_elevation_regression_ntrain1000000,1e-05,btab_boxeig_topk_16384_q320,c1,topk_16384,320.0,16384.0,21025.0,21025.0,14696.0,0.3417994303232917,1608.5394410293347,6.857413344394772,68.57413344394772,68.57413344394772,1.0322161068723032e-12,1.1476623173854814e-13,107653120.0,674.0,674.0,674.0,cupy,111,111.0,0.5802938479998829,0.585129107000057,0.7920770509999784,0.8123879629999919,0.1258571930000016,0.9382451559999936,0.1230750664837763,0.1232028835931227
USGS_LPC_IL_Winnebago_2018_ground_elevation_regression_ntrain1000000,1e-05,btab_boxeig_topk_2048_q192,c1,topk_2048,192.0,2048.0,2601.0,2601.0,33120.0,54.546949589895824,63020.171182838174,2.125648479222296,21.25648479222296,21.25648479222296,1.271956224841422e-11,2.5359763892533476e-14,7993344.0,418.0,418.0,418.0,cupy,408,408.0,0.3459311259998685,0.3489043409999794,1.041974411999945,1.063622118000012,0.0757650000000467,1.1393871180000588,0.1230750644060357,0.1232028762825763
USGS_LPC_IL_Winnebago_2018_ground_elevation_regression_ntrain1000000,1e-05,btab_boxeig_topk_256_q64,c1,topk_256,64.0,256.0,361.0,361.0,864.0,139.9545073033638,4566.240710524331,3.6693734823522313,36.69373482352231,36.69373482352231,7.534763101505419e-12,4.2462857541608377e-14,370688.0,162.0,162.0,162.0,cupy,264,264.0,0.1305337740000141,0.1323771729998952,0.6059928459999355,0.6254525099998318,0.0276006290000623,0.6530531389998941,0.3956503065178708,0.3951969462512654
USGS_LPC_IL_Winnebago_2018_ground_elevation_regression_ntrain1000000,1e-05,btab_boxeig_topk_4096_q192,c1,topk_4096,192.0,4096.0,5329.0,5329.0,30392.0,9.838396089144934,21241.07387227035,23.939625584409196,239.3962558440919,239.3962558440919,7.238338374972307e-13,2.4228674447477152e-14,16373760.0,418.0,418.0,418.0,cupy,362,362.0,0.3579418169999826,0.3614481590000196,0.9914657899998928,1.0131232179999188,0.0766442420001567,1.0897674600000755,0.1230750716595654,0.1232028870977806
USGS_LPC_IL_Winnebago_2018_ground_elevation_regression_ntrain1000000,1e-05,btab_boxeig_topk_4096_q256,c1,topk_4096,256.0,4096.0,5329.0,5329.0,30392.0,9.838396089144934,21241.07387227035,5.616528930048482,56.16528930048482,56.16528930048482,1.8045668209022586e-12,3.3494280582161145e-14,21831680.0,546.0,546.0,546.0,cupy,220,220.0,1.216065745999913,1.219277985999952,1.6242685750000874,1.645856654999989,0.1018888579999384,1.747745512999927,0.1230750589111781,0.1232028736543666
USGS_LPC_IL_Winnebago_2018_ground_elevation_regression_ntrain1000000,1e-05,btab_boxeig_topk_512_q128,c1,topk_512,128.0,512.0,625.0,625.0,600.0,0.829195548393433,24.83386656410284,0.1016604595662489,1.0166045956624896,1.0166045956624896,1.4257470154281983e-10,3.4761808786833573e-12,1282048.0,290.0,290.0,290.0,cupy,25,25.0,0.2408000000000356,0.2427221979996829,0.2938190130003022,0.313711622000028,0.0643382829998699,0.378049904999898,0.3956503063337031,0.3951969466296306
USGS_LPC_IL_Winnebago_2018_ground_elevation_regression_ntrain1000000,1e-05,btab_boxeig_topk_768_q128,c1,topk_768,128.0,768.0,961.0,961.0,264.0,0.0012890935761067,0.0364077602796397,0.1022809583016817,1.0228095830168176,1.0228095830168176,2.09761502249643e-09,2.498728806885093e-12,1970176.0,290.0,290.0,290.0,cupy,5,5.0,0.2321577970001271,0.2340494710001621,0.2456756599999607,0.2660886449998543,0.0612535780001053,0.3273422229999596,0.3956503074773133,0.3951969478468138
USGS_LPC_IL_Winnebago_2018_ground_elevation_regression_ntrain1000000,1e-05,btab_boxeig_topk_8192_q192,c1,topk_8192,192.0,8192.0,10609.0,10609.0,25112.0,1.8400068158557872,6814.733118417559,26.0094265761157,260.094265761157,260.094265761157,4.916226449008794e-13,1.655028328637349e-14,32593920.0,418.0,418.0,418.0,cupy,294,294.0,0.5047870710000097,0.5085040460000982,1.0434533149998515,1.0651559870000256,0.0777661710001211,1.1429221580001467,0.1230750796199186,0.123202899679396
USGS_LPC_IL_Winnebago_2018_ground_elevation_regression_ntrain1000000,1e-05,btab_boxeig_topk_8192_q256,c1,topk_8192,256.0,8192.0,10609.0,10609.0,25112.0,1.8400068158557872,6814.733118417559,12.023109268749874,120.23109268749872,120.23109268749872,5.860651677234995e-13,8.20871170088061e-14,43458560.0,546.0,546.0,546.0,cupy,212,212.0,0.4661959490001663,0.4699367440000515,0.843057508000129,0.8646298599999227,0.1045777430001635,0.9692076030000862,0.1230750732087308,0.1232028881275204
USGS_LPC_IL_Winnebago_2018_ground_elevation_regression_ntrain1000000,1e-05,btab_boxeig_topk_8192_q320,c1,topk_8192,320.0,8192.0,10609.0,10609.0,25112.0,1.8400068158557872,6814.733118417559,6.501147194414061,65.01147194414061,65.01147194414061,2.645649803490116e-12,9.040640329080047e-14,54323200.0,674.0,674.0,674.0,cupy,162,162.0,0.5884868670000287,0.592355107000003,0.8810715609999988,0.9030366689999028,0.1287848330000542,1.031821501999957,0.1230750736651554,0.1232028908434701
USGS_LPC_IL_Winnebago_2018_ground_elevation_regression_ntrain10000000,1e-05,btab_boxeig_topk_16384_q192,c1,topk_16384,192.0,16384.0,21025.0,21025.0,14696.0,3.418047257901612,16085.644281348012,261.1262738567141,2611.262738567141,2611.262738567141,2.622788279561684e-13,2.4954437347361113e-14,64591872.0,418.0,418.0,418.0,cupy,953,953.0,0.3530726200001481,0.3577896259998852,1.9868203869998524,2.0620822079999925,0.07654298500006,2.1386251930000526,0.1151475750765669,0.1150571733372021
USGS_LPC_IL_Winnebago_2018_ground_elevation_regression_ntrain10000000,1e-05,btab_boxeig_topk_16384_q256,c1,topk_16384,256.0,16384.0,21025.0,21025.0,14696.0,3.418047257901612,16085.644281348012,121.45386931202027,1214.5386931202029,1214.5386931202029,1.5941634106201849e-12,9.333671436723527e-14,86122496.0,546.0,546.0,546.0,cupy,684,684.0,0.4736978660000659,0.4784990690000086,1.657640383999933,1.7327665729999353,0.1019999059999463,1.8347664789998817,0.1151475813221016,0.1150571796685421
USGS_LPC_IL_Winnebago_2018_ground_elevation_regression_ntrain10000000,1e-05,btab_boxeig_topk_16384_q320,c1,topk_16384,320.0,16384.0,21025.0,21025.0,14696.0,3.418047257901612,16085.644281348012,67.71440179233652,677.1440179233651,677.1440179233651,5.89480749910155e-13,1.1391907136043757e-13,107653120.0,674.0,674.0,674.0,cupy,515,515.0,0.5787584540000807,0.5836268800001108,1.4933481139999003,1.5672548879999797,0.127629713999795,1.6948846019997743,0.1151475833630819,0.1150571813804586
USGS_LPC_IL_Winnebago_2018_ground_elevation_regression_ntrain10000000,1e-05,btab_boxeig_topk_2048_q192,c1,topk_2048,192.0,2048.0,2601.0,2601.0,33120.0,545.4774512432729,630211.201277095,20.666844944389936,206.66844944389936,206.66844944389936,1.5776331411576265e-11,2.9246065967791973e-14,7993344.0,418.0,418.0,418.0,cupy,1197,1197.0,0.3513862479999261,0.354455956000038,2.385594190999882,2.465465059000053,0.0765197160001207,2.5419847750001736,0.115147575102019,0.1150571743762234
USGS_LPC_IL_Winnebago_2018_ground_elevation_regression_ntrain10000000,1e-05,btab_boxeig_topk_256_q64,c1,topk_256,64.0,256.0,361.0,361.0,864.0,1399.656127360063,45666.53112637907,35.79363205132436,357.9363205132436,357.9363205132436,1.6981002856952264e-12,3.266587263155241e-14,370688.0,162.0,162.0,162.0,cupy,753,753.0,0.1250538369999958,0.1269279540001662,1.4158749580001313,1.4896523269999309,0.0258027690001654,1.515455096000096,0.3820846513494609,0.3821210014036924
USGS_LPC_IL_Winnebago_2018_ground_elevation_regression_ntrain10000000,1e-05,btab_boxeig_topk_4096_q192,c1,topk_4096,192.0,4096.0,5329.0,5329.0,30392.0,98.38544680279678,212413.99621083037,238.6025967624427,2386.025967624427,2386.025967624427,3.051391608057985e-13,2.845998792503027e-14,16373760.0,418.0,418.0,418.0,cupy,1094,1094.0,0.3557927689998905,0.3589933670000391,2.210935440000185,2.2863083880001795,0.0767618729998957,2.363070261000076,0.1151475752092989,0.1150571736110325
USGS_LPC_IL_Winnebago_2018_ground_elevation_regression_ntrain10000000,1e-05,btab_boxeig_topk_4096_q256,c1,topk_4096,256.0,4096.0,5329.0,5329.0,30392.0,98.38544680279678,212413.99621083037,55.65118259184394,556.5118259184394,556.5118259184394,3.306501393660098e-12,8.727930987615542e-14,21831680.0,546.0,546.0,546.0,cupy,650,650.0,0.4676215670001511,0.4710326430001714,1.577372202000106,1.6527937270000166,0.1028353990000141,1.7556291260000307,0.1151475731189399,0.1150571720650978
USGS_LPC_IL_Winnebago_2018_ground_elevation_regression_ntrain10000000,1e-05,btab_boxeig_topk_512_q128,c1,topk_512,128.0,512.0,625.0,625.0,600.0,8.29313806561155,248.3765349227636,0.1166503003118866,1.166503003118866,1.166503003118866,6.834792454494054e-10,2.5463798916305618e-12,1282048.0,290.0,290.0,290.0,cupy,66,66.0,0.2308998600001359,0.2327953919998435,0.3642321899997114,0.4300305729998399,0.0513277550003294,0.4813583280001694,0.3820846495427881,0.3821209991140507
USGS_LPC_IL_Winnebago_2018_ground_elevation_regression_ntrain10000000,1e-05,btab_boxeig_topk_768_q128,c1,topk_768,128.0,768.0,961.0,961.0,264.0,0.0128938026523342,0.3641616910785574,0.122860065282759,1.2286006528275906,1.2286006528275906,1.5645237411899372e-09,1.7299828909521229e-12,1970176.0,290.0,290.0,290.0,cupy,7,7.0,0.2337446219999037,0.235707659000127,0.2524950189999799,0.3173718560001362,0.0588413509999554,0.3762132070000916,0.3820846529174677,0.3821210026366372
USGS_LPC_IL_Winnebago_2018_ground_elevation_regression_ntrain10000000,1e-05,btab_boxeig_topk_8192_q192,c1,topk_8192,192.0,8192.0,10609.0,10609.0,25112.0,18.40035079822005,68148.38536115427,259.51604636283594,2595.160463628359,2595.160463628359,2.066400915001469e-13,2.789449025955837e-14,32593920.0,418.0,418.0,418.0,cupy,1004,1004.0,1.7554752380001446,1.7593263090000164,3.476769357999956,3.5522780859998875,0.0783136459999696,3.630591731999857,0.1151476154902251,0.1150572181874951
USGS_LPC_IL_Winnebago_2018_ground_elevation_regression_ntrain10000000,1e-05,btab_boxeig_topk_8192_q256,c1,topk_8192,256.0,8192.0,10609.0,10609.0,25112.0,18.40035079822005,68148.38536115427,119.35202006074262,1193.5202006074262,1193.5202006074262,3.63915609141464e-12,3.3620010890575524e-14,43458560.0,546.0,546.0,546.0,cupy,758,758.0,0.4660281330000089,0.469885043999966,1.742684652999969,1.818338642000072,0.1051459749999139,1.9234846169999853,0.1151475751868408,0.1150571740024115
USGS_LPC_IL_Winnebago_2018_ground_elevation_regression_ntrain10000000,1e-05,btab_boxeig_topk_8192_q320,c1,topk_8192,320.0,8192.0,10609.0,10609.0,25112.0,18.40035079822005,68148.38536115427,64.22154393374532,642.2154393374532,642.2154393374532,5.614158632742666e-12,1.2119840264638266e-13,54323200.0,674.0,674.0,674.0,cupy,571,571.0,0.5854568950001067,0.589290081999934,1.555425618000072,1.6306091139999808,0.1291746690001218,1.7597837830001026,0.1151475899199879,0.1150571883032044
USGS_LPC_IL_Winnebago_2018_ground_elevation_regression_ntrain100000000,1e-05,btab_boxeig_topk_20480_q192,c1,topk_20480,192.0,20480.0,25921.0,25921.0,9800.0,20.372483964690904,81911.19777238744,2611.786585578623,26117.86585578623,26117.86585578623,2.0890009335289802e-13,3.2582823448000704e-14,79632384.0,418.0,418.0,418.0,cupy,3092,3092.0,0.3982067309998456,0.4033876159996907,5.748354126000322,6.260045700000319,0.0825166300001001,6.342562330000419,0.1118780207826151,0.1118620569138198
USGS_LPC_IL_Winnebago_2018_ground_elevation_regression_ntrain100000000,1e-05,btab_boxeig_topk_20480_q256,c1,topk_20480,256.0,20480.0,25921.0,25921.0,9800.0,20.372483964690904,81911.19777238744,1215.6767839395006,12156.767839395006,12156.767839395006,1.1591659710328702e-12,1.0567250382960985e-13,106176512.0,546.0,546.0,546.0,cupy,2170,2170.0,0.4818709569999555,0.4873037259999364,4.249897822000094,4.762160663000032,0.1087612699998317,4.870921932999863,0.1118780206595261,0.1118620552567968
USGS_LPC_IL_Winnebago_2018_ground_elevation_regression_ntrain100000000,1e-05,btab_boxeig_topk_20480_q320,c1,topk_20480,320.0,20480.0,25921.0,25921.0,9800.0,20.372483964690904,81911.19777238744,676.9715914186961,6769.715914186961,6769.715914186961,7.953541842402432e-13,1.0834964416716657e-13,132720640.0,674.0,674.0,674.0,cupy,1654,1654.0,0.6468165930000396,0.6521648589996403,3.616546480000125,4.128399582000384,0.1371889810002358,4.26558856300062,0.1118780277331704,0.111862063237686
USGS_LPC_IL_Winnebago_2018_ground_elevation_regression_ntrain100000000,1e-05,btab_boxeig_topk_20480_q384,c1,topk_20480,384.0,20480.0,25921.0,25921.0,9800.0,20.372483964690904,81911.19777238744,412.1188596080124,4121.188596080124,4121.188596080124,1.0423164481188589e-11,1.3888723200987214e-13,159264768.0,802.0,802.0,802.0,cupy,1312,1312.0,0.7336415179997857,0.7391670659999363,3.1474843740002143,3.659489856000164,0.1632622340002854,3.822752090000449,0.1118780206305131,0.1118620555636853
USGS_LPC_IL_Winnebago_2018_ground_elevation_regression_ntrain100000000,1e-05,btab_boxeig_topk_20480_q448,c1,topk_20480,448.0,20480.0,25921.0,25921.0,9800.0,20.372483964690904,81911.19777238744,269.29840467535985,2692.9840467535982,2692.9840467535982,4.573812964061681e-12,4.552248000948416e-13,185808896.0,930.0,930.0,930.0,cupy,1074,1074.0,0.922270624000248,0.9278310649997366,2.961353372000304,3.472850374000245,0.1904425079997054,3.663292881999951,0.1118780312780245,0.1118620647638563
USGS_LPC_IL_Winnebago_2018_ground_elevation_regression_ntrain100000000,1e-05,btab_boxeig_topk_256_q64,c1,topk_256,64.0,256.0,361.0,361.0,864.0,13996.561273600688,456665.3112637927,356.92158343537113,3569.215834353711,3569.215834353711,3.982405685338211e-12,2.9867950532188835e-14,370688.0,162.0,162.0,162.0,cupy,1923,1923.0,0.1252862349999759,0.1271547480000663,3.3864448749998246,3.89874034599984,0.0263809719999699,3.9251213179998095,0.3645333711795188,0.3645633181659913
USGS_LPC_IL_Winnebago_2018_ground_elevation_regression_ntrain100000000,1e-05,btab_boxeig_topk_25720_q192,c1,topk_25720,192.0,25720.0,32761.0,32761.0,2960.0,11.408548010216704,18389.531643654045,2612.415749224588,26124.15749224588,26124.15749224588,2.077792367475061e-13,2.366032124325996e-14,100644864.0,418.0,418.0,418.0,cupy,2778,2778.0,0.3613981519997651,0.3671115209999698,5.271986638000271,5.783900055000231,0.0781313799998315,5.862031435000063,0.1118780673985587,0.1118620992411244
USGS_LPC_IL_Winnebago_2018_ground_elevation_regression_ntrain100000000,1e-05,btab_boxeig_topk_25720_q256,c1,topk_25720,256.0,25720.0,32761.0,32761.0,2960.0,11.408548010216704,18389.531643654045,1216.257003626899,12162.57003626899,12162.57003626899,1.0324776066946892e-12,4.5559430986116463e-14,134193152.0,546.0,546.0,546.0,cupy,1968,1968.0,2.0455452400001377,2.0513433060000352,5.64810155000032,6.159807847000138,0.1059277959998326,6.265735642999971,0.1118780334263493,0.111862067234124
USGS_LPC_IL_Winnebago_2018_ground_elevation_regression_ntrain100000000,1e-05,btab_boxeig_topk_25720_q320,c1,topk_25720,320.0,25720.0,32761.0,32761.0,2960.0,11.408548010216704,18389.531643654045,677.6213029805066,6776.213029805065,6776.213029805065,7.536740188178372e-13,1.0052544741467861e-13,167741440.0,674.0,674.0,674.0,cupy,1444,1444.0,0.5880156439998245,0.5939579309997498,3.27302059800013,3.78489573700017,0.134415787999842,3.919311525000012,0.1118780629609827,0.111862095096018
USGS_LPC_IL_Winnebago_2018_ground_elevation_regression_ntrain100000000,1e-05,btab_boxeig_topk_25720_q384,c1,topk_25720,384.0,25720.0,32761.0,32761.0,2960.0,11.408548010216704,18389.531643654045,412.57665279725154,4125.766527972515,4125.766527972515,1.1388427891611874e-11,1.872070734961695e-13,201289728.0,802.0,802.0,802.0,cupy,1118,1118.0,0.721215712999765,0.7271940619998531,2.840884816000198,3.3526396940001177,0.1569848650001404,3.509624559000258,0.1118780773710124,0.1118621096376809
USGS_LPC_IL_Winnebago_2018_ground_elevation_regression_ntrain100000000,1e-05,btab_boxeig_topk_25720_q448,c1,topk_25720,448.0,25720.0,32761.0,32761.0,2960.0,11.408548010216704,18389.531643654045,269.5717789023149,2695.717789023149,2695.717789023149,3.623505172397203e-12,4.1596029781508814e-13,234838016.0,930.0,930.0,930.0,cupy,955,955.0,0.8700828680002815,0.8763022200000705,2.7187391319998824,3.230728660000296,0.1836199499998656,3.414348610000161,0.1118780302613389,0.1118620643975172
USGS_LPC_IL_Winnebago_2018_ground_elevation_regression_ntrain100000000,1e-05,btab_boxeig_topk_35721_q192,c1,topk_35721,192.0,35721.0,35721.0,35721.0,0.0,0.0,0.0,2612.4933226153794,26124.933226153797,26124.933226153797,4.714030645786995e-13,2.6099009695695384e-14,109737984.0,418.0,418.0,418.0,cupy,497,497.0,0.3643438250001054,0.3706886989998565,1.238919684999928,1.7508056219999162,0.0823731019995648,1.833178723999481,0.111878117164453,0.1118621470519364
USGS_LPC_IL_Winnebago_2018_ground_elevation_regression_ntrain100000000,1e-05,btab_boxeig_topk_35721_q256,c1,topk_35721,256.0,35721.0,35721.0,35721.0,0.0,0.0,0.0,1216.3487750382806,12163.487750382805,12163.487750382805,1.7800043533571686e-12,9.338674599494355e-14,146317312.0,546.0,546.0,546.0,cupy,338,338.0,0.4786137660003078,0.4850988350003717,1.1053216000000248,1.6172127329996329,0.1101552690001881,1.727368001999821,0.1118781612025126,0.1118621925650686
USGS_LPC_IL_Winnebago_2018_ground_elevation_regression_ntrain100000000,1e-05,btab_boxeig_topk_35721_q320,c1,topk_35721,320.0,35721.0,35721.0,35721.0,0.0,0.0,0.0,677.8084142820871,6778.084142820871,6778.084142820871,6.109393504438379e-13,9.614363879285645e-14,182896640.0,674.0,674.0,674.0,cupy,266,266.0,0.6073695680001947,0.6139934389998416,1.1147529820000273,1.6265019870002106,0.1393622499999764,1.7658642370001871,0.1118781169685379,0.1118621460953507
USGS_LPC_IL_Winnebago_2018_ground_elevation_regression_ntrain100000000,1e-05,btab_boxeig_topk_35721_q384,c1,topk_35721,384.0,35721.0,35721.0,35721.0,0.0,0.0,0.0,412.6597073260059,4126.597073260059,4126.597073260059,4.365231259383122e-12,1.6200081068244169e-13,219475968.0,802.0,802.0,802.0,cupy,210,210.0,0.7889713790000314,0.7957774800001971,1.2035594090002633,1.715421360000164,0.1622782890003691,1.877699649000533,0.1118781149370429,0.1118621434705433
USGS_LPC_IL_Winnebago_2018_ground_elevation_regression_ntrain100000000,1e-05,btab_boxeig_topk_35721_q448,c1,topk_35721,448.0,35721.0,35721.0,35721.0,0.0,0.0,0.0,269.6668887924178,2696.668887924178,2696.668887924178,1.2948027397352778e-11,3.906710246478546e-13,256055296.0,930.0,930.0,930.0,cupy,175,175.0,0.9044946650001292,0.9113641429999008,1.2652715140002329,1.7771104329999616,0.1889215950000107,1.9660320279999723,0.1118780926902086,0.1118621314118602
USGS_LPC_IL_Winnebago_2018_ground_elevation_regression_ntrain100000000,1e-05,btab_boxeig_topk_512_q128,c1,topk_512,128.0,512.0,625.0,625.0,600.0,82.93138065611586,2483.7653492276468,0.2669294937559743,2.669294937559743,2.669294937559743,3.27323682894327e-09,1.7961546075701877e-12,1282048.0,290.0,290.0,290.0,cupy,204,204.0,0.4768633659998613,0.4787852029999158,0.8424114869999357,1.3552322240000194,0.0528926479998972,1.4081248719999166,0.3645334172610078,0.3645633641062209
USGS_LPC_IL_Winnebago_2018_ground_elevation_regression_ntrain100000000,1e-05,btab_boxeig_topk_768_q128,c1,topk_768,128.0,768.0,961.0,961.0,264.0,0.1289380265233431,3.64161691078559,0.3287842637437291,3.2878426374372918,3.2878426374372918,6.435703995059858e-09,1.2321469177605225e-12,1970176.0,290.0,290.0,290.0,cupy,14,14.0,0.2307833129998471,0.2326960760001384,0.2622397829998135,0.7751948889999767,0.0509471570001096,0.8261420460000863,0.3645333992074586,0.3645633460580676
USGS_LPC_IL_Winnebago_2018_ground_elevation_regression_ntrain3000000,1e-05,btab_boxeig_topk_16384_q192,c1,topk_16384,192.0,16384.0,21025.0,21025.0,14696.0,1.0254141773704608,4825.693284404298,78.41630914147098,784.1630914147097,784.1630914147097,1.7912705505773929e-12,3.210329163428542e-14,64591872.0,418.0,418.0,418.0,cupy,450,450.0,0.3539366569998492,0.3586472559998128,1.1464768729999832,1.1816967320000913,0.0768732829999407,1.258570015000032,0.1179424377826268,0.1180623758826331
USGS_LPC_IL_Winnebago_2018_ground_elevation_regression_ntrain3000000,1e-05,btab_boxeig_topk_16384_q256,c1,topk_16384,256.0,16384.0,21025.0,21025.0,14696.0,1.0254141773704608,4825.693284404298,36.53273123204395,365.3273123204395,365.3273123204395,2.5030975057287987e-12,3.5968904570280213e-14,86122496.0,546.0,546.0,546.0,cupy,309,309.0,0.4648073759999533,0.4696259550000832,1.017011254999943,1.0523544169998331,0.1037291650000042,1.1560835819998374,0.1179424341442504,0.1180623725553403
USGS_LPC_IL_Winnebago_2018_ground_elevation_regression_ntrain3000000,1e-05,btab_boxeig_topk_16384_q320,c1,topk_16384,320.0,16384.0,21025.0,21025.0,14696.0,1.0254141773704608,4825.693284404298,20.40883545876576,204.0883545876576,204.0883545876576,6.085322339920979e-13,8.918504874941694e-14,107653120.0,674.0,674.0,674.0,cupy,245,245.0,0.5981415819999256,0.6030802329999005,1.0380459749999318,1.072100909000028,0.1260574150001048,1.1981583240001328,0.1179424139346699,0.1180623520148668
USGS_LPC_IL_Winnebago_2018_ground_elevation_regression_ntrain3000000,1e-05,btab_boxeig_topk_2048_q192,c1,topk_2048,192.0,2048.0,2601.0,2601.0,33120.0,163.64323537297827,189063.36038312432,6.253266866272679,62.53266866272679,62.53266866272679,1.7625260175351202e-11,3.2778105673040184e-14,7993344.0,418.0,418.0,418.0,cupy,712,712.0,0.3479196079999838,0.3509451400000216,1.5579385869998532,1.5930895559999954,0.0752105970000229,1.6683001530000183,0.1179424192264978,0.1180623541722349
USGS_LPC_IL_Winnebago_2018_ground_elevation_regression_ntrain3000000,1e-05,btab_boxeig_topk_256_q64,c1,topk_256,64.0,256.0,361.0,361.0,864.0,419.8968382080202,13699.95933791376,10.815328257859326,108.15328257859323,108.15328257859323,2.4626092675740827e-12,3.883400309694114e-14,370688.0,162.0,162.0,162.0,cupy,432,432.0,0.1216875899999649,0.1235364640001535,0.8547560110000632,0.8874423469997055,0.0253663899998173,0.9128087369995228,0.3895709492974008,0.3896628218283294
USGS_LPC_IL_Winnebago_2018_ground_elevation_regression_ntrain3000000,1e-05,btab_boxeig_topk_4096_q192,c1,topk_4096,192.0,4096.0,5329.0,5329.0,30392.0,29.515634040838385,63724.19886324771,71.62164968907986,716.2164968907986,716.2164968907986,2.2629241016826562e-13,4.146853142754122e-14,16373760.0,418.0,418.0,418.0,cupy,633,633.0,0.3552377119999619,0.3584199770000396,1.4506375589999152,1.4855789050000112,0.0769806310001968,1.562559536000208,0.1179424212859053,0.1180623569590241
USGS_LPC_IL_Winnebago_2018_ground_elevation_regression_ntrain3000000,1e-05,btab_boxeig_topk_4096_q256,c1,topk_4096,256.0,4096.0,5329.0,5329.0,30392.0,29.51563404083838,63724.1988632477,16.737538404062434,167.37538404062434,167.37538404062434,2.363251330384638e-12,3.066470076045934e-14,21831680.0,546.0,546.0,546.0,cupy,370,370.0,0.4660039430000324,0.4692663739999716,1.1060152000000016,1.1413522979999016,0.1013714470000195,1.242723744999921,0.1179424167472957,0.118062353551318
USGS_LPC_IL_Winnebago_2018_ground_elevation_regression_ntrain3000000,1e-05,btab_boxeig_topk_512_q128,c1,topk_512,128.0,512.0,625.0,625.0,600.0,2.4879414196834726,74.5129604768293,0.104980592983024,1.0498059298302402,1.0498059298302402,2.502398225135775e-10,1.6592478801473414e-12,1282048.0,290.0,290.0,290.0,cupy,37,37.0,0.2270170829997368,0.2288968600000771,0.3032565549997343,0.3360643749997507,0.054568059000303,0.3906324340000537,0.3895709561583705,0.3896628298752292
USGS_LPC_IL_Winnebago_2018_ground_elevation_regression_ntrain3000000,1e-05,btab_boxeig_topk_768_q128,c1,topk_768,128.0,768.0,961.0,961.0,264.0,0.0038681407957002,0.1092485073235675,0.1068493396389796,1.0684933963897965,1.0684933963897965,1.7741508156958332e-09,2.735913843652965e-12,1970176.0,290.0,290.0,290.0,cupy,5,5.0,0.2280198919997929,0.2299045989998376,0.2413386120001632,0.2740679359999376,0.0602175009998973,0.3342854369998349,0.38957096318291,0.389662837394802
USGS_LPC_IL_Winnebago_2018_ground_elevation_regression_ntrain3000000,1e-05,btab_boxeig_topk_8192_q192,c1,topk_8192,192.0,8192.0,10609.0,10609.0,25112.0,5.520105239465894,20444.515608345835,77.84041624046067,778.4041624046066,778.4041624046066,2.100581005122268e-12,2.6124309527488083e-14,32593920.0,418.0,418.0,418.0,cupy,560,560.0,1.8336942050000289,1.837471609999966,2.7929013200000554,2.8281658579999203,0.0779246649999549,2.9060905229998752,0.1179424129586132,0.118062351388973
USGS_LPC_IL_Winnebago_2018_ground_elevation_regression_ntrain3000000,1e-05,btab_boxeig_topk_8192_q256,c1,topk_8192,256.0,8192.0,10609.0,10609.0,25112.0,5.520105239465894,20444.515608345835,35.89344764522247,358.9344764522247,358.9344764522247,8.340757641503101e-13,1.0036294463701616e-13,43458560.0,546.0,546.0,546.0,cupy,396,396.0,0.4774084470000161,0.481209999000157,1.166738897999949,1.2017530979999265,0.1070581760000095,1.308811273999936,0.1179424264842038,0.1180623642298221
USGS_LPC_IL_Winnebago_2018_ground_elevation_regression_ntrain3000000,1e-05,btab_boxeig_topk_8192_q320,c1,topk_8192,320.0,8192.0,10609.0,10609.0,25112.0,5.520105239465894,20444.515608345835,19.32748256381181,193.27482563811807,193.27482563811807,4.153337146022642e-12,9.912195148430589e-14,54323200.0,674.0,674.0,674.0,cupy,317,317.0,0.5909712770001079,0.5948788399998648,1.14588099599996,1.1818399379999391,0.1305388780001521,1.312378816000091,0.1179424182344474,0.1180623547812392
USGS_LPC_IL_Winnebago_2018_ground_elevation_regression_ntrain30000000,1e-05,btab_boxeig_topk_16384_q192,c1,topk_16384,192.0,16384.0,21025.0,21025.0,14696.0,10.254141773704744,48256.93284404361,783.1862960524056,7831.862960524056,7831.862960524056,2.1232786816357282e-13,2.855978024533089e-14,64591872.0,418.0,418.0,418.0,cupy,1795,1795.0,0.3551434940000035,0.3598824749999494,3.431332420999979,3.602591471000096,0.0780585170000449,3.680649988000141,0.1134437865559681,0.113377528999178
USGS_LPC_IL_Winnebago_2018_ground_elevation_regression_ntrain30000000,1e-05,btab_boxeig_topk_16384_q256,c1,topk_16384,256.0,16384.0,21025.0,21025.0,14696.0,10.254141773704744,48256.93284404361,364.2836529354311,3642.836529354311,3642.836529354311,1.715195908019702e-12,3.554426353282445e-14,86122496.0,546.0,546.0,546.0,cupy,1230,1230.0,0.4669195579999723,0.4716755499998726,2.580605674000026,2.749618407000071,0.1047523810000257,2.8543707880000966,0.1134437847834885,0.1133775271548125
USGS_LPC_IL_Winnebago_2018_ground_elevation_regression_ntrain30000000,1e-05,btab_boxeig_topk_16384_q320,c1,topk_16384,320.0,16384.0,21025.0,21025.0,14696.0,10.254141773704744,48256.93284404361,202.80083054580675,2028.0083054580675,2028.0083054580675,9.81896993518976e-13,1.1355597875164006e-13,107653120.0,674.0,674.0,674.0,cupy,960,960.0,0.5814469590000044,0.5862864599998829,2.2515858120000303,2.4177978860000167,0.1291948650000449,2.5469927510000616,0.1134437856803105,0.1133775272044913
USGS_LPC_IL_Winnebago_2018_ground_elevation_regression_ntrain30000000,1e-05,btab_boxeig_topk_2048_q192,c1,topk_2048,192.0,2048.0,2601.0,2601.0,33120.0,1636.432353729804,1890633.603831268,61.81734843673589,618.1734843673588,618.1734843673588,8.258777411952003e-12,2.8770877219946165e-14,7993344.0,418.0,418.0,418.0,cupy,1875,1875.0,0.3433277920000819,0.34635302699985,3.489230786999997,3.6682855690000906,0.0758404230000451,3.744125992000136,0.11344379319663,0.1133775335304777
USGS_LPC_IL_Winnebago_2018_ground_elevation_regression_ntrain30000000,1e-05,btab_boxeig_topk_256_q64,c1,topk_256,64.0,256.0,361.0,361.0,864.0,4198.968382080223,136999.5933791383,107.09658042254792,1070.9658042254791,1070.9658042254791,1.4616010703706162e-12,5.710448921870556e-14,370688.0,162.0,162.0,162.0,cupy,1124,1124.0,0.1239765059999626,0.1258734850002838,2.03245143400045,2.196648159000233,0.0269239330000345,2.223572092000268,0.3742610632735639,0.3742905928499507
USGS_LPC_IL_Winnebago_2018_ground_elevation_regression_ntrain30000000,1e-05,btab_boxeig_topk_4096_q192,c1,topk_4096,192.0,4096.0,5329.0,5329.0,30392.0,295.1563404083877,637241.9886324853,715.897130827037,7158.97130827037,7158.97130827037,4.622294447209704e-13,2.2634657129386234e-14,16373760.0,418.0,418.0,418.0,cupy,1799,1799.0,1.1769328820000735,1.1801786239998364,4.269617958000026,4.447271825999906,0.076127470999836,4.523399296999742,0.113443788606312,0.1133775301728866
USGS_LPC_IL_Winnebago_2018_ground_elevation_regression_ntrain30000000,1e-05,btab_boxeig_topk_4096_q256,c1,topk_4096,256.0,4096.0,5329.0,5329.0,30392.0,295.1563404083877,637241.9886324853,166.70727889465863,1667.072788946586,1667.072788946586,4.05858976215122e-12,7.066559918561551e-14,21831680.0,546.0,546.0,546.0,cupy,1026,1026.0,0.4687045799998941,0.4719251209999129,2.2240840009999374,2.3902770169997893,0.1020453119999729,2.4923223289997622,0.113443788641273,0.1133775295463804
USGS_LPC_IL_Winnebago_2018_ground_elevation_regression_ntrain30000000,1e-05,btab_boxeig_topk_512_q128,c1,topk_512,128.0,512.0,625.0,625.0,600.0,24.87941419683485,745.1296047682968,0.1500222434582025,1.500222434582025,1.500222434582025,1.6685036975774522e-09,2.7365911270564025e-12,1282048.0,290.0,290.0,290.0,cupy,114,114.0,0.3492827130003206,0.3511584029997721,0.5634852180000962,0.7304470549997859,0.050972381000065,0.781419435999851,0.3742611162343163,0.3742906453094887
USGS_LPC_IL_Winnebago_2018_ground_elevation_regression_ntrain30000000,1e-05,btab_boxeig_topk_768_q128,c1,topk_768,128.0,768.0,961.0,961.0,264.0,0.0386814079570031,1.0924850732356812,0.1686497683691215,1.6864976836912156,1.6864976836912156,5.3977648328348865e-09,2.5071801922209798e-12,1970176.0,290.0,290.0,290.0,cupy,9,9.0,0.2319168830003946,0.2338038630000483,0.2533391540000593,0.4175978110001779,0.0506275580000874,0.4682253690002653,0.3742611127815782,0.3742906418627785
USGS_LPC_IL_Winnebago_2018_ground_elevation_regression_ntrain30000000,1e-05,btab_boxeig_topk_8192_q192,c1,topk_8192,192.0,8192.0,10609.0,10609.0,25112.0,55.20105239465966,204445.156083461,778.2446716753074,7782.446716753073,7782.446716753073,4.275421442317501e-13,2.4422626700615727e-14,32593920.0,418.0,418.0,418.0,cupy,1818,1818.0,0.3574432660000184,0.3612174219999815,3.408433278000075,3.575076357999933,0.0783822590001364,3.653458617000069,0.1134437993643598,0.1133775412614698
USGS_LPC_IL_Winnebago_2018_ground_elevation_regression_ntrain30000000,1e-05,btab_boxeig_topk_8192_q256,c1,topk_8192,256.0,8192.0,10609.0,10609.0,25112.0,55.20105239465966,204445.156083461,357.8027986612227,3578.027986612227,3578.027986612227,2.2542702519720697e-12,6.526624465371487e-14,43458560.0,546.0,546.0,546.0,cupy,1256,1256.0,1.0257455410001055,1.0296137579998683,3.193077796999887,3.3586417740000343,0.1050025819999973,3.463644356000032,0.113443781198632,0.113377522760839
USGS_LPC_IL_Winnebago_2018_ground_elevation_regression_ntrain30000000,1e-05,btab_boxeig_topk_8192_q320,c1,topk_8192,320.0,8192.0,10609.0,10609.0,25112.0,55.20105239465966,204445.156083461,192.4906018107132,1924.906018107132,1924.906018107132,7.219181968220139e-13,1.0278618434563509e-13,54323200.0,674.0,674.0,674.0,cupy,965,965.0,0.6095047090000207,0.6133374319999803,2.2435233730000164,2.4109528429999045,0.1312174670001695,2.542170310000074,0.1134437828432436,0.1133775241781603
USGS_LPC_IL_Winnebago_2018_ground_elevation_regression_ntrain300000000,1e-05,btab_boxeig_topk_20480_q192,c1,topk_20480,192.0,20480.0,25921.0,25921.0,9800.0,61.11745189407293,245733.59331716324,7835.613000058367,78356.13000058367,78356.13000058367,1.7952932516386425e-12,2.42869793463932e-14,79632384.0,418.0,418.0,418.0,cupy,3500,3500.0,2.165282853000008,2.170593622000069,8.310114419000001,9.863887556999998,0.0832337199999528,9.947121276999953,0.1105753125389782,0.1105823537436516
USGS_LPC_IL_Winnebago_2018_ground_elevation_regression_ntrain300000000,1e-05,btab_boxeig_topk_20480_q256,c1,topk_20480,256.0,20480.0,25921.0,25921.0,9800.0,61.11745189407293,245733.59331716324,3646.757482589124,36467.57482589124,36467.57482589124,2.4480172090730238e-12,1.0450772998676691e-13,106176512.0,546.0,546.0,546.0,cupy,3500,3500.0,0.4798277570002938,0.4852625580001586,6.624238191000131,8.177868239000418,0.1076335860002473,8.285501825000665,0.1105756613525024,0.110582710244375
USGS_LPC_IL_Winnebago_2018_ground_elevation_regression_ntrain300000000,1e-05,btab_boxeig_topk_20480_q320,c1,topk_20480,320.0,20480.0,25921.0,25921.0,9800.0,61.11745189407293,245733.59331716324,2031.1406555292117,20311.406555292117,20311.406555292117,5.822962784753028e-13,1.1029945185989246e-13,132720640.0,674.0,674.0,674.0,cupy,2773,2773.0,0.5967225109998253,0.602125598999919,5.569744126999922,7.1231661669999085,0.1376568020000377,7.260822968999946,0.1105757031232678,0.1105827522116853
USGS_LPC_IL_Winnebago_2018_ground_elevation_regression_ntrain300000000,1e-05,btab_boxeig_topk_20480_q384,c1,topk_20480,384.0,20480.0,25921.0,25921.0,9800.0,61.11745189407293,245733.59331716324,1236.3702275271469,12363.702275271466,12363.702275271466,1.3133243204362688e-11,1.514227689461701e-13,159264768.0,802.0,802.0,802.0,cupy,2243,2243.0,0.7349639139997635,0.7405392190003113,4.898432121000042,6.45188460899999,0.1622869440002432,6.614171553000233,0.1105757161687917,0.1105827654772664
USGS_LPC_IL_Winnebago_2018_ground_elevation_regression_ntrain300000000,1e-05,btab_boxeig_topk_20480_q448,c1,topk_20480,448.0,20480.0,25921.0,25921.0,9800.0,61.11745189407293,245733.59331716324,807.5819312742319,8075.819312742319,8075.819312742319,4.548274679920001e-12,3.653095322155901e-13,185808896.0,930.0,930.0,930.0,cupy,1905,1905.0,2.8725636019999,2.878293748000033,6.488783212999806,8.041959805999795,0.1892383809999955,8.23119818699979,0.110575725139663,0.1105827744768993
USGS_LPC_IL_Winnebago_2018_ground_elevation_regression_ntrain300000000,1e-05,btab_boxeig_topk_256_q64,c1,topk_256,64.0,256.0,361.0,361.0,864.0,41989.68382080204,1369995.933791377,1070.6235271461644,10706.235271461645,10706.235271461645,2.7239964116154007e-12,3.96007439397303e-14,370688.0,162.0,162.0,162.0,cupy,3053,3053.0,0.1320684799998162,0.1339706329999899,5.289247039999964,7.054309532999923,0.0262648119999084,7.080574344999832,0.3561579359607424,0.3561590665060831
USGS_LPC_IL_Winnebago_2018_ground_elevation_regression_ntrain300000000,1e-05,btab_boxeig_topk_25720_q192,c1,topk_25720,192.0,25720.0,32761.0,32761.0,2960.0,34.22564403065023,55168.594930962325,7837.494437027663,78374.94437027663,78374.94437027663,2.0859517347335298e-12,1.9369541371508983e-14,100644864.0,418.0,418.0,418.0,cupy,3500,3500.0,0.3527224159997786,0.3585155559999293,6.483598644000267,8.03679742200029,0.0777830790002553,8.114580501000546,0.1105771520472243,0.1105842026062825
USGS_LPC_IL_Winnebago_2018_ground_elevation_regression_ntrain300000000,1e-05,btab_boxeig_topk_25720_q256,c1,topk_25720,256.0,25720.0,32761.0,32761.0,2960.0,34.22564403065023,55168.594930962325,3648.4974643652654,36484.974643652655,36484.974643652655,1.5788549708729153e-12,4.279864887731328e-14,134193152.0,546.0,546.0,546.0,cupy,3269,3269.0,0.4719835420000891,0.4778347599999506,6.410341361000064,7.962951828999849,0.1037138470001082,8.066665675999957,0.1105757097975416,0.1105827576563152
USGS_LPC_IL_Winnebago_2018_ground_elevation_regression_ntrain300000000,1e-05,btab_boxeig_topk_25720_q320,c1,topk_25720,320.0,25720.0,32761.0,32761.0,2960.0,34.22564403065023,55168.594930962325,2033.0906084801427,20330.906084801427,20330.906084801427,1.1869251250961394e-12,1.1203476137718493e-13,167741440.0,674.0,674.0,674.0,cupy,2535,2535.0,0.5926739350002208,0.598628496999936,5.310655311000119,6.864120318000005,0.1300055769997925,6.994125894999797,0.1105757204653179,0.1105827687519553
USGS_LPC_IL_Winnebago_2018_ground_elevation_regression_ntrain300000000,1e-05,btab_boxeig_topk_25720_q384,c1,topk_25720,384.0,25720.0,32761.0,32761.0,2960.0,34.22564403065023,55168.594930962325,1237.7514789865315,12377.514789865314,12377.514789865314,1.220970164571002e-11,1.3358161719968478e-13,201289728.0,802.0,802.0,802.0,cupy,2053,2053.0,1.741326817999834,1.7474138140000832,5.645425784000054,7.19861753000032,0.1541975769996497,7.352815106999969,0.1105757373671482,0.110582785828443
USGS_LPC_IL_Winnebago_2018_ground_elevation_regression_ntrain300000000,1e-05,btab_boxeig_topk_25720_q448,c1,topk_25720,448.0,25720.0,32761.0,32761.0,2960.0,34.22564403065023,55168.594930962325,808.3879538574017,8083.879538574017,8083.879538574017,9.711590718414829e-12,5.216850710657136e-13,234838016.0,930.0,930.0,930.0,cupy,1658,1658.0,0.9105626279997524,0.9168457610003315,4.150683057999686,5.704346519999945,0.1827550339999106,5.887101553999855,0.1105757352850272,0.110582783554388
USGS_LPC_IL_Winnebago_2018_ground_elevation_regression_ntrain300000000,1e-05,btab_boxeig_topk_35721_q192,c1,topk_35721,192.0,35721.0,35721.0,35721.0,0.0,0.0,0.0,7837.726795223466,78377.26795223466,78377.26795223466,2.036643399836388e-12,2.037253225022668e-14,109737984.0,418.0,418.0,418.0,cupy,781,781.0,0.3717953679997663,0.378281772000264,1.7325294669999494,3.285360727999887,0.082542149999881,3.367902877999768,0.1105759738538021,0.1105830167572779
USGS_LPC_IL_Winnebago_2018_ground_elevation_regression_ntrain300000000,1e-05,btab_boxeig_topk_35721_q256,c1,topk_35721,256.0,35721.0,35721.0,35721.0,0.0,0.0,0.0,3648.772282887765,36487.72282887765,36487.72282887765,1.7320025228606077e-12,4.768631864605218e-14,146317312.0,546.0,546.0,546.0,cupy,541,541.0,0.4826482809999106,0.4893284859999767,1.453368319999754,3.0064259910000146,0.1081221009999353,3.11454809199995,0.1105760113660472,0.1105830590246265
USGS_LPC_IL_Winnebago_2018_ground_elevation_regression_ntrain300000000,1e-05,btab_boxeig_topk_35721_q320,c1,topk_35721,320.0,35721.0,35721.0,35721.0,0.0,0.0,0.0,2033.650869495076,20336.50869495076,20336.50869495076,2.035454855885464e-12,9.97131782703535e-14,182896640.0,674.0,674.0,674.0,cupy,408,408.0,0.6143655340001715,0.6212860700002238,1.377666567000233,2.930832430999999,0.1372455129999252,3.068077943999924,0.1105760431437501,0.1105830891059298
USGS_LPC_IL_Winnebago_2018_ground_elevation_regression_ntrain300000000,1e-05,btab_boxeig_topk_35721_q384,c1,topk_35721,384.0,35721.0,35721.0,35721.0,0.0,0.0,0.0,1238.0029503263956,12380.029503263955,12380.029503263955,1.2141503428914836e-11,1.3067363778879833e-13,219475968.0,802.0,802.0,802.0,cupy,320,320.0,2.5151301050000257,2.5310299860002488,3.169941993000066,4.723046800999782,0.1621437439998772,4.885190544999659,0.1105760587544276,0.1105831108182979
USGS_LPC_IL_Winnebago_2018_ground_elevation_regression_ntrain300000000,1e-05,btab_boxeig_topk_35721_q448,c1,topk_35721,448.0,35721.0,35721.0,35721.0,0.0,0.0,0.0,808.6653706318651,8086.653706318651,8086.653706318651,4.906089571041059e-12,5.228317151091095e-13,256055296.0,930.0,930.0,930.0,cupy,275,275.0,1.0564257330001965,1.063542888000029,1.6187761270002738,3.1719801280000866,0.1873417030001292,3.359321831000216,0.1105758844717995,0.1105829246911425
USGS_LPC_IL_Winnebago_2018_ground_elevation_regression_ntrain300000000,1e-05,btab_boxeig_topk_512_q128,c1,topk_512,128.0,512.0,625.0,625.0,600.0,248.79414196834745,7451.296047682936,0.6007857266763514,6.007857266763514,6.007857266763514,2.4636285974799062e-09,4.319971189720834e-12,1282048.0,290.0,290.0,290.0,cupy,336,336.0,0.2358173080001506,0.2377856819998669,0.8113660869998967,2.57664183299994,0.0510158550000596,2.6276576879999998,0.3561579416710506,0.3561590718684945
USGS_LPC_IL_Winnebago_2018_ground_elevation_regression_ntrain300000000,1e-05,btab_boxeig_topk_768_q128,c1,topk_768,128.0,768.0,961.0,961.0,264.0,0.3868140795700293,10.924850732356768,0.7863207293735853,7.863207293735853,7.863207293735853,1.9710306756498824e-08,3.668306872780991e-12,1970176.0,290.0,290.0,290.0,cupy,26,26.0,0.2332364720000441,0.2351264880001053,0.2880626859998756,2.0529811369999607,0.05023466800003,2.1032158049999907,0.356157919796472,0.3561590499062086
synthetic_true_func_2d_ntrain1000000,1e-05,btab_boxeig_topk_16384_q192,c1,topk_16384,192.0,16384.0,21025.0,21025.0,14696.0,0.3418038735151896,1608.5604066036042,298.8194711381557,2988.1947113815568,2988.1947113815568,3.2339632354259126e-14,2.0945793974170496e-15,64591872.0,418.0,418.0,418.0,cupy,264,264.0,0.3529819130001215,0.3577088499998808,0.8275608429999011,0.8498761589999049,0.0770107669998196,0.9268869259997246,0.2990352580478078,0.0189347045381455
synthetic_true_func_2d_ntrain1000000,1e-05,btab_boxeig_topk_16384_q256,c1,topk_16384,256.0,16384.0,21025.0,21025.0,14696.0,0.3418038735151896,1608.5604066036042,150.19383077706627,1501.9383077706625,1501.9383077706625,3.457438650656938e-14,4.360593928225196e-15,86122496.0,546.0,546.0,546.0,cupy,186,186.0,0.4741371289999279,0.4788847439999699,0.8126537489999919,0.8355278520000411,0.1028899640000418,0.9384178160000828,0.2990352577340832,0.0189346803311043
synthetic_true_func_2d_ntrain1000000,1e-05,btab_boxeig_topk_16384_q320,c1,topk_16384,320.0,16384.0,21025.0,21025.0,14696.0,0.3418038735151896,1608.5604066036042,89.73697703364735,897.3697703364735,897.3697703364735,1.256952808510917e-13,5.493676201105411e-15,107653120.0,674.0,674.0,674.0,cupy,143,143.0,0.5841760119999435,0.5890748429999348,0.8522154910001518,0.8718217820000973,0.1271149440001409,0.9989367260002382,0.2990352580982994,0.018934655589669
synthetic_true_func_2d_ntrain1000000,1e-05,btab_boxeig_topk_2048_q192,c1,topk_2048,192.0,2048.0,2601.0,2601.0,33120.0,54.54761708771433,63020.96740053104,298.6977411533033,2986.9774115330333,2986.9774115330333,5.281806775606075e-14,2.084920163079228e-15,7993344.0,418.0,418.0,418.0,cupy,280,280.0,0.3547587180000846,0.3577927799999543,0.8428866890001245,0.8627691980000236,0.0752425150001272,0.9380117130001508,0.2990352590752649,0.0189346713991172
synthetic_true_func_2d_ntrain1000000,1e-05,btab_boxeig_topk_256_q64,c1,topk_256,64.0,256.0,361.0,361.0,864.0,139.96382534341362,4566.586737143606,1508.9922573796184,15089.922573796184,15089.922573796184,1.2876369990966354e-14,1.0517504392615372e-15,370688.0,162.0,162.0,162.0,cupy,431,431.0,0.1239953470001182,0.1258459590001166,0.8729897969999456,0.8918761009999798,0.0258346890000211,0.917710790000001,0.3000387246773784,0.0049065159323251
synthetic_true_func_2d_ntrain1000000,1e-05,btab_boxeig_topk_4096_q192,c1,topk_4096,192.0,4096.0,5329.0,5329.0,30392.0,9.838520765396812,21241.347193688827,298.8013572786886,2988.013572786886,2988.013572786886,3.805095217802305e-14,1.9575850964334786e-15,16373760.0,418.0,418.0,418.0,cupy,303,303.0,0.3557355580001058,0.3589347290001115,0.8863292480000382,0.9057922429999508,0.0765401670000756,0.9823324100000264,0.2990352608144442,0.0189347561812099
synthetic_true_func_2d_ntrain1000000,1e-05,btab_boxeig_topk_4096_q256,c1,topk_4096,256.0,4096.0,5329.0,5329.0,30392.0,9.838520765396812,21241.347193688827,150.1777062043891,1501.777062043891,1501.777062043891,4.790205647203502e-14,3.716709237449068e-15,21831680.0,546.0,546.0,546.0,cupy,216,216.0,1.8432416810001089,1.8464961740000945,2.227269506000084,2.249738116000117,0.1030920380001134,2.3528301540002303,0.2990352609825577,0.0189347636837694
synthetic_true_func_2d_ntrain1000000,1e-05,btab_boxeig_topk_512_q128,c1,topk_512,128.0,512.0,625.0,625.0,600.0,0.8292947726832934,24.837043976116725,70.92554185810845,709.2554185810844,709.2554185810844,2.691720673810926e-13,3.613428155851698e-15,1282048.0,290.0,290.0,290.0,cupy,93,93.0,1.089116333999982,1.0910390720000578,1.2688661900001534,1.287576215999934,0.0512026320000131,1.3387788479999472,0.3000387246262615,0.0049064723589172
synthetic_true_func_2d_ntrain1000000,1e-05,btab_boxeig_topk_768_q128,c1,topk_768,128.0,768.0,961.0,961.0,264.0,0.0012893341205206,0.0364148156401961,70.92674565565882,709.2674565565882,709.2674565565882,2.9925465328078493e-13,2.8142121054461447e-15,1970176.0,290.0,290.0,290.0,cupy,70,70.0,0.3770137260000865,0.3789428139998563,0.5315154069999153,0.5504503189999923,0.0510166080000544,0.6014669270000468,0.3000387253488472,0.004906237195022
synthetic_true_func_2d_ntrain1000000,1e-05,btab_boxeig_topk_8192_q192,c1,topk_8192,192.0,8192.0,10609.0,10609.0,25112.0,1.8400305308994405,6814.82156974284,298.81703567458754,2988.170356745876,2988.170356745876,2.210577024859768e-14,2.1493799877967334e-15,32593920.0,418.0,418.0,418.0,cupy,305,305.0,0.8124375089998921,0.8161673489998975,1.3519925149998926,1.374406659999977,0.0782916219998242,1.452698281999801,0.2990352597335946,0.0189347537988569
synthetic_true_func_2d_ntrain1000000,1e-05,btab_boxeig_topk_8192_q256,c1,topk_8192,256.0,8192.0,10609.0,10609.0,25112.0,1.840030530899441,6814.82156974284,150.19158731055236,1501.9158731055236,1501.9158731055236,3.113062121993116e-14,4.246548679116433e-15,43458560.0,546.0,546.0,546.0,cupy,213,213.0,0.4681270850001056,0.4720052010000017,0.8478339370001322,0.87072372800003,0.1044091050000588,0.9751328330000888,0.2990352595105401,0.0189347943023579
synthetic_true_func_2d_ntrain1000000,1e-05,btab_boxeig_topk_8192_q320,c1,topk_8192,320.0,8192.0,10609.0,10609.0,25112.0,1.8400305308994405,6814.82156974284,89.73452420675991,897.3452420675991,897.3452420675991,9.56346415016618e-14,5.343057390033369e-15,54323200.0,674.0,674.0,674.0,cupy,161,161.0,0.5893308360000447,0.5932023230000141,0.8818844589998207,0.904321724999818,0.1302989280000019,1.03462065299982,0.2990352615613036,0.0189346702740635
synthetic_true_func_2d_ntrain10000000,1e-05,btab_boxeig_topk_16384_q192,c1,topk_16384,192.0,16384.0,21025.0,21025.0,14696.0,3.4180462923873587,16085.639725487708,2983.197287821335,29831.97287821335,29831.97287821335,2.1028870684458533e-14,2.0490459504381534e-15,64591872.0,418.0,418.0,418.0,cupy,746,746.0,0.3535697620000064,0.3583143319999635,1.637395215000197,1.710634225000149,0.0765952960000504,1.7872295210001994,0.299820682977491,0.0082806454535245
synthetic_true_func_2d_ntrain10000000,1e-05,btab_boxeig_topk_16384_q256,c1,topk_16384,256.0,16384.0,21025.0,21025.0,14696.0,3.4180462923873587,16085.639725487708,1502.7384960261952,15027.384960261952,15027.384960261952,3.85916946023044e-14,4.686900381683878e-15,86122496.0,546.0,546.0,546.0,cupy,529,529.0,0.4620815679998031,0.4668811159999677,1.3715656809999928,1.4511631650000254,0.1019138400001793,1.5530770050002047,0.299820683087653,0.0082806230833848
synthetic_true_func_2d_ntrain10000000,1e-05,btab_boxeig_topk_16384_q320,c1,topk_16384,320.0,16384.0,21025.0,21025.0,14696.0,3.4180462923873587,16085.639725487708,897.4172230334406,8974.172230334405,8974.172230334405,1.0479506762769652e-13,5.176091771665118e-15,107653120.0,674.0,674.0,674.0,cupy,398,398.0,3.6017910070002017,3.6066909430001033,4.337042384999904,4.40992333500003,0.1268772270000226,4.536800562000053,0.2998206836154798,0.0082804916592294
synthetic_true_func_2d_ntrain10000000,1e-05,btab_boxeig_topk_2048_q192,c1,topk_2048,192.0,2048.0,2601.0,2601.0,33120.0,545.4773061948279,630211.0282575133,2982.067906213801,29820.67906213801,29820.67906213801,2.050831327987061e-14,1.933989642298002e-15,7993344.0,418.0,418.0,418.0,cupy,510,510.0,0.3520598930001597,0.35508404899997,1.2250795699999344,1.298339833,0.0757778649999636,1.3741176979999636,0.299820680915043,0.0082804271294245
synthetic_true_func_2d_ntrain10000000,1e-05,btab_boxeig_topk_256_q64,c1,topk_256,64.0,256.0,361.0,361.0,864.0,1399.6541024726862,45666.455931363096,15047.147585016985,150471.4758501698,150471.4758501698,1.37402603880502e-14,1.2609586846163197e-15,370688.0,162.0,162.0,162.0,cupy,789,789.0,0.1237302879999333,0.125632405999795,1.470801344999927,1.5334232330001214,0.02628427500008,1.5597075080002014,0.2999590352063822,0.0017022582112213
synthetic_true_func_2d_ntrain10000000,1e-05,btab_boxeig_topk_4096_q192,c1,topk_4096,192.0,4096.0,5329.0,5329.0,30392.0,98.3854197104148,212413.9368175629,2983.040518463526,29830.40518463526,29830.40518463526,1.9121268476991272e-14,1.8630312383463448e-15,16373760.0,418.0,418.0,418.0,cupy,602,602.0,0.3574922599998444,0.3607511879999947,1.3930405050000445,1.4663256930000443,0.0769168469998931,1.5432425399999374,0.299820681456737,0.0082806066977777
synthetic_true_func_2d_ntrain10000000,1e-05,btab_boxeig_topk_4096_q256,c1,topk_4096,256.0,4096.0,5329.0,5329.0,30392.0,98.3854197104148,212413.9368175629,1502.596297604679,15025.962976046789,15025.962976046789,3.1958499184385573e-14,2.9406985538675737e-15,21831680.0,546.0,546.0,546.0,cupy,416,416.0,2.649436673999844,2.652683325999988,3.382162113000049,3.4552078870001424,0.1017667999999503,3.5569746870000927,0.2998206817992345,0.0082805122969513
synthetic_true_func_2d_ntrain10000000,1e-05,btab_boxeig_topk_512_q128,c1,topk_512,128.0,512.0,625.0,625.0,600.0,8.293116502569706,248.3758444154172,708.6437745357798,7086.437745357798,7086.437745357798,1.667621621949516e-13,3.045341113255828e-15,1282048.0,290.0,290.0,290.0,cupy,220,220.0,0.2343094909999763,0.2362174739998863,0.6253488400000151,0.6881197039999734,0.0506517839999105,0.7387714879998839,0.2999590365231155,0.0017025566118402
synthetic_true_func_2d_ntrain10000000,1e-05,btab_boxeig_topk_768_q128,c1,topk_768,128.0,768.0,961.0,961.0,264.0,0.0128937503757615,0.3641601577567087,708.6556890574278,7086.5568905742775,7086.5568905742775,3.1104015973856173e-13,2.981315006172091e-15,1970176.0,290.0,290.0,290.0,cupy,142,142.0,0.2332480840000244,0.2351436530000228,0.4968718489999446,0.5599029669999709,0.0501012710001305,0.6100042380001014,0.2999590382974804,0.0017023350975711
synthetic_true_func_2d_ntrain10000000,1e-05,btab_boxeig_topk_8192_q192,c1,topk_8192,192.0,8192.0,10609.0,10609.0,25112.0,18.400345644895555,68148.36614050946,2983.1788215675483,29831.78821567548,29831.78821567548,2.889170450595402e-14,2.4416520537913008e-15,32593920.0,418.0,418.0,418.0,cupy,675,675.0,0.3556623940000918,0.3593854319999536,1.5071570709999378,1.591831743000057,0.0781795949999377,1.6700113379999948,0.299820682249681,0.0082807023560117
synthetic_true_func_2d_ntrain10000000,1e-05,btab_boxeig_topk_8192_q256,c1,topk_8192,256.0,8192.0,10609.0,10609.0,25112.0,18.400345644895555,68148.36614050946,1502.7218357444954,15027.218357444954,15027.218357444954,2.977675679523676e-14,5.279240487543017e-15,43458560.0,546.0,546.0,546.0,cupy,476,476.0,0.4612939460000689,0.4651131480000003,1.2733698259999071,1.346271981999962,0.1039651400001275,1.4502371220000896,0.299820682585753,0.0082807669796718
synthetic_true_func_2d_ntrain10000000,1e-05,btab_boxeig_topk_8192_q320,c1,topk_8192,320.0,8192.0,10609.0,10609.0,25112.0,18.400345644895555,68148.36614050946,897.3976516339661,8973.97651633966,8973.97651633966,1.826345859812128e-13,5.085185393214642e-15,54323200.0,674.0,674.0,674.0,cupy,365,365.0,0.583463219999885,0.5873280470000282,1.2166811119998329,1.2899488159998782,0.1289365239999824,1.4188853399998609,0.299820682765253,0.0082804420278976
synthetic_true_func_2d_ntrain100000000,1e-05,btab_boxeig_topk_20480_q192,c1,topk_20480,192.0,20480.0,25921.0,25921.0,9800.0,20.37248381602624,81911.19717359901,29823.622197696863,298236.22197696863,298236.22197696863,2.4064402916059412e-14,2.3158218756812333e-15,79632384.0,418.0,418.0,418.0,cupy,1404,1404.0,0.3663730689995645,0.3717496720000781,2.8391295930000524,3.366857701000299,0.0815639820002616,3.4484216830005607,0.3000157082435302,0.00296813373586
synthetic_true_func_2d_ntrain100000000,1e-05,btab_boxeig_topk_20480_q256,c1,topk_20480,256.0,20480.0,25921.0,25921.0,9800.0,20.37248381602624,81911.19717359901,15023.303580842125,150233.0358084212,150233.0358084212,3.839293185961425e-14,3.413118850598717e-15,106176512.0,546.0,546.0,546.0,cupy,976,976.0,1.3549392760000956,1.3604080330001125,3.0912549409999883,3.618817042000046,0.1071737729998858,3.725990814999932,0.3000157090933559,0.0029680374531598
synthetic_true_func_2d_ntrain100000000,1e-05,btab_boxeig_topk_20480_q320,c1,topk_20480,320.0,20480.0,25921.0,25921.0,9800.0,20.37248381602624,81911.19717359901,8975.141081583679,89751.41081583679,89751.41081583679,5.867943381325785e-14,7.025312033842599e-15,132720640.0,674.0,674.0,674.0,cupy,769,769.0,0.6041524260003825,0.6095803550001619,1.9939299370003027,2.5209489399999256,0.1350821229998473,2.656031062999773,0.3000157086417527,0.0029680165525783
synthetic_true_func_2d_ntrain100000000,1e-05,btab_boxeig_topk_20480_q384,c1,topk_20480,384.0,20480.0,25921.0,25921.0,9800.0,20.37248381602624,81911.19717359901,5753.238377586244,57532.38377586244,57532.38377586244,8.544046260767242e-14,1.0872653583307234e-14,159264768.0,802.0,802.0,802.0,cupy,613,613.0,2.048390663000191,2.0539898689999063,3.1949396400000296,3.722258410999984,0.1625392440000723,3.8847976550000567,0.3000157088521716,0.0029679475930151
synthetic_true_func_2d_ntrain100000000,1e-05,btab_boxeig_topk_20480_q448,c1,topk_20480,448.0,20480.0,25921.0,25921.0,9800.0,20.37248381602624,81911.19717359901,4010.6919784204506,40106.9197842045,40106.9197842045,1.273782920928806e-13,1.6027697998781406e-14,185808896.0,930.0,930.0,930.0,cupy,523,523.0,0.8622631439998258,0.8677735710002707,1.87007351200009,2.396926074000021,0.1886444219999248,2.5855704959999457,0.3000157082619129,0.0029682018380124
synthetic_true_func_2d_ntrain100000000,1e-05,btab_boxeig_topk_256_q64,c1,topk_256,64.0,256.0,361.0,361.0,864.0,13996.560751340598,456665.2918695316,150385.55544743975,1503855.554474397,1503855.554474397,6.437306088597388e-15,1.0762919978411177e-15,370688.0,162.0,162.0,162.0,cupy,1069,1069.0,0.1253228460000173,0.1271854219999113,1.931892573999903,2.442210310999826,0.0263990670000566,2.468609377999883,0.300030805702836,0.0006838028155883
synthetic_true_func_2d_ntrain100000000,1e-05,btab_boxeig_topk_25720_q192,c1,topk_25720,192.0,25720.0,32761.0,32761.0,2960.0,11.408547926840644,18389.53150913217,29823.62963873226,298236.2963873226,298236.2963873226,4.2545361347489936e-14,2.2547913439377e-15,100644864.0,418.0,418.0,418.0,cupy,1531,1531.0,0.3596390429997882,0.3653631679999307,3.059115466000094,3.585914797999976,0.0794376990002092,3.6653524970001854,0.3000157075704371,0.002968129704272
synthetic_true_func_2d_ntrain100000000,1e-05,btab_boxeig_topk_25720_q256,c1,topk_25720,256.0,25720.0,32761.0,32761.0,2960.0,11.408547926840644,18389.53150913217,15023.310364940606,150233.10364940605,150233.10364940605,4.164676056469025e-14,4.538098522903237e-15,134193152.0,546.0,546.0,546.0,cupy,1073,1073.0,0.4686140440003328,0.4744310040000528,2.415942859999632,2.94280734799986,0.1059567729998889,3.048764120999749,0.3000157082949556,0.002968173973019
synthetic_true_func_2d_ntrain100000000,1e-05,btab_boxeig_topk_25720_q320,c1,topk_25720,320.0,25720.0,32761.0,32761.0,2960.0,11.408547926840644,18389.53150913217,8975.148378803447,89751.48378803447,89751.48378803447,7.932861008405565e-14,5.7257657699702386e-15,167741440.0,674.0,674.0,674.0,cupy,831,831.0,0.63544943099987,0.6415312039998753,2.18171884100002,2.7090027479998757,0.1302123370001027,2.839215084999978,0.3000157084395548,0.0029681798939558
synthetic_true_func_2d_ntrain100000000,1e-05,btab_boxeig_topk_25720_q384,c1,topk_25720,384.0,25720.0,32761.0,32761.0,2960.0,11.408547926840644,18389.53150913217,5753.245841116657,57532.45841116657,57532.45841116657,7.281862586620656e-14,8.380191510499193e-15,201289728.0,802.0,802.0,802.0,cupy,653,653.0,0.7207214540003406,0.7267851509996035,1.9650419459999284,2.491577860000234,0.1553905350001514,2.646968395000385,0.300015709235236,0.0029680682835697
synthetic_true_func_2d_ntrain100000000,1e-05,btab_boxeig_topk_25720_q448,c1,topk_25720,448.0,25720.0,32761.0,32761.0,2960.0,11.408547926840644,18389.53150913217,4010.699817737532,40106.99817737532,40106.99817737532,2.073825608601087e-13,1.6245675756740237e-14,234838016.0,930.0,930.0,930.0,cupy,577,577.0,0.8689971439998772,0.875221238999984,2.0021647690000464,2.529118285000095,0.1800498210000114,2.7091681060001065,0.3000157073528618,0.0029680296246149
synthetic_true_func_2d_ntrain100000000,1e-05,btab_boxeig_topk_35721_q192,c1,topk_35721,192.0,35721.0,35721.0,35721.0,0.0,0.0,0.0,29823.63133029615,298236.31330296147,298236.31330296147,2.7641333640888134e-14,2.491198293051566e-15,109737984.0,418.0,418.0,418.0,cupy,925,925.0,0.8024938319999819,0.808935824999935,2.4731068149999373,2.9999572619999526,0.0833844750000025,3.083341736999955,0.3000157077779568,0.0029682719544
synthetic_true_func_2d_ntrain100000000,1e-05,btab_boxeig_topk_35721_q256,c1,topk_35721,256.0,35721.0,35721.0,35721.0,0.0,0.0,0.0,15023.311898718684,150233.1189871868,150233.1189871868,4.059874826853871e-14,4.5513388375064136e-15,146317312.0,546.0,546.0,546.0,cupy,636,636.0,0.4802718430000823,0.4870673149998765,1.6333793570001944,2.1600760650003394,0.1097186290003264,2.269794694000666,0.3000157104763358,0.002968516129473
synthetic_true_func_2d_ntrain100000000,1e-05,btab_boxeig_topk_35721_q320,c1,topk_35721,320.0,35721.0,35721.0,35721.0,0.0,0.0,0.0,8975.150034902923,89751.50034902923,89751.50034902923,6.867591225009364e-14,7.134678259347773e-15,182896640.0,674.0,674.0,674.0,cupy,491,491.0,0.5957129339999483,0.6024136539999745,1.5049714140000106,2.0319874609999715,0.1418285149998155,2.173815975999787,0.3000157112869054,0.0029685480293284
synthetic_true_func_2d_ntrain100000000,1e-05,btab_boxeig_topk_35721_q384,c1,topk_35721,384.0,35721.0,35721.0,35721.0,0.0,0.0,0.0,5753.247527268193,57532.47527268193,57532.47527268193,1.1086161404137341e-13,9.172952234533551e-15,219475968.0,802.0,802.0,802.0,cupy,392,392.0,0.7425370789997032,0.7492252550000558,1.5050433620003787,2.0317139490002774,0.1638030379999691,2.1955169870002464,0.3000157122529116,0.0029684538187768
synthetic_true_func_2d_ntrain100000000,1e-05,btab_boxeig_topk_35721_q448,c1,topk_35721,448.0,35721.0,35721.0,35721.0,0.0,0.0,0.0,4010.701606191773,40107.016061917726,40107.016061917726,2.574821906463691e-13,1.4186590711183226e-14,256055296.0,930.0,930.0,930.0,cupy,325,325.0,0.9046157729999322,0.9115881349998745,1.5558389460002218,2.082505273000152,0.1894636020001598,2.2719688750003115,0.3000157128955619,0.0029685349049199
synthetic_true_func_2d_ntrain100000000,1e-05,btab_boxeig_topk_512_q128,c1,topk_512,128.0,512.0,625.0,625.0,600.0,82.93137509464721,2483.765171134476,7088.211373576979,70882.11373576979,70882.11373576979,8.086057127328348e-14,3.2791307919616107e-15,1282048.0,290.0,290.0,290.0,cupy,413,413.0,0.2691856100000223,0.2711720899999363,0.9892546850001054,1.499566113000128,0.0507120889999441,1.5502782020000725,0.3000308186867224,0.0006878199113089
synthetic_true_func_2d_ntrain100000000,1e-05,btab_boxeig_topk_768_q128,c1,topk_768,128.0,768.0,961.0,961.0,264.0,0.1289380130404263,3.641616515318903,7088.330065609593,70883.30065609592,70883.30065609592,1.2862544747810448e-13,4.263452670511028e-15,1970176.0,290.0,290.0,290.0,cupy,266,266.0,0.2538561430001209,0.2558009279998714,0.727737808000029,1.2375012800000604,0.0509966470001472,1.2884979270002077,0.3000308207834503,0.0006881732755555
synthetic_true_func_2d_ntrain3000000,1e-05,btab_boxeig_topk_16384_q192,c1,topk_16384,192.0,16384.0,21025.0,21025.0,14696.0,1.0254128453141529,4825.686998984456,894.9418336941018,8949.418336941017,8949.418336941017,5.1891109906405626e-14,2.271287650030328e-15,64591872.0,418.0,418.0,418.0,cupy,456,456.0,0.4203517500000089,0.5691220139999587,1.364727830999982,1.4072309610000957,0.0775733109999237,1.4848042720000194,0.2995611861558609,0.0131219771940934
synthetic_true_func_2d_ntrain3000000,1e-05,btab_boxeig_topk_16384_q256,c1,topk_16384,256.0,16384.0,21025.0,21025.0,14696.0,1.0254128453141529,4825.686998984456,451.11566027395367,4511.1566027395365,4511.1566027395365,3.248297798857284e-14,4.264720417800186e-15,86122496.0,546.0,546.0,546.0,cupy,318,318.0,0.4880269210000278,0.4928305139999338,1.0537855860000036,1.0959472150000238,0.1021083579998958,1.1980555729999196,0.2995611865854712,0.0131219839962977
synthetic_true_func_2d_ntrain3000000,1e-05,btab_boxeig_topk_16384_q320,c1,topk_16384,320.0,16384.0,21025.0,21025.0,14696.0,1.0254128453141529,4825.686998984456,269.4135011782777,2694.135011782777,2694.135011782777,1.4960621085620412e-13,5.803580573819928e-15,107653120.0,674.0,674.0,674.0,cupy,243,243.0,0.6122187700000268,0.6170641720000276,1.049633902999858,1.0887859289998687,0.1254194579998966,1.214205386999765,0.2995611866327962,0.0131220061054569
synthetic_true_func_2d_ntrain3000000,1e-05,btab_boxeig_topk_2048_q192,c1,topk_2048,192.0,2048.0,2601.0,2601.0,33120.0,163.64303525919675,189063.12167941677,894.5960852111989,8945.960852111988,8945.960852111988,2.7940472873390742e-14,1.8961531610826355e-15,7993344.0,418.0,418.0,418.0,cupy,376,376.0,1.4365881290000289,1.5937558359999002,2.22891642400009,2.2650650350001342,0.7877967760000502,3.0528618110001844,0.2995611858733922,0.0131220157585926
synthetic_true_func_2d_ntrain3000000,1e-05,btab_boxeig_topk_256_q64,c1,topk_256,64.0,256.0,361.0,361.0,864.0,419.8940446114996,13699.85559660734,4517.087731722963,45170.87731722963,45170.87731722963,7.981949978731264e-15,1.0601529875504373e-15,370688.0,162.0,162.0,162.0,cupy,564,564.0,0.1311573729999509,0.1329931140001008,1.108018860999891,1.1403655569999955,0.0261429449999468,1.1665085019999424,0.2999783625485658,0.0029095630652283
synthetic_true_func_2d_ntrain3000000,1e-05,btab_boxeig_topk_4096_q192,c1,topk_4096,192.0,4096.0,5329.0,5329.0,30392.0,29.51559666326564,63724.11692227467,894.8925042257508,8948.925042257508,8948.925042257508,5.0891321537052346e-14,1.825845233383448e-15,16373760.0,418.0,418.0,418.0,cupy,432,432.0,0.3640860530001646,0.501114090000101,1.2511023059998934,1.293813820999958,0.0781159910000042,1.371929811999962,0.2995611854888321,0.0131220522474274
synthetic_true_func_2d_ntrain3000000,1e-05,btab_boxeig_topk_4096_q256,c1,topk_4096,256.0,4096.0,5329.0,5329.0,30392.0,29.51559666326564,63724.11692227467,451.07122971572727,4510.712297157273,4510.712297157273,2.9424145210736764e-14,3.5298432766067992e-15,21831680.0,546.0,546.0,546.0,cupy,306,306.0,1.666408692999994,1.6698247030001312,2.2067683860000216,2.2487285780000548,0.1007300480000594,2.3494586260001142,0.2995611860027581,0.0131219903436293
synthetic_true_func_2d_ntrain3000000,1e-05,btab_boxeig_topk_512_q128,c1,topk_512,128.0,512.0,625.0,625.0,600.0,2.4879116707048508,74.5120078338083,212.56752239768088,2125.6752239768084,2125.6752239768084,1.9894011312019545e-13,3.5799184512126175e-15,1282048.0,290.0,290.0,290.0,cupy,148,148.0,0.2330437539999366,0.234924127999875,0.5013052029999017,0.5336170949999541,0.0499262319999616,0.5835433269999157,0.2999783572000223,0.0029092681228271
synthetic_true_func_2d_ntrain3000000,1e-05,btab_boxeig_topk_768_q128,c1,topk_768,128.0,768.0,961.0,961.0,264.0,0.0038680686736504,0.1092463919155252,212.57109947867465,2125.710994786746,2125.710994786746,2.3422490084974177e-13,2.947580851687301e-15,1970176.0,290.0,290.0,290.0,cupy,98,98.0,0.2375980619999609,0.2395636399999148,0.4257473490001757,0.4574059650001345,0.0506073369999739,0.5080133020001085,0.2999783580655526,0.0029089439365792
synthetic_true_func_2d_ntrain3000000,1e-05,btab_boxeig_topk_8192_q192,c1,topk_8192,192.0,8192.0,10609.0,10609.0,25112.0,5.520098129764041,20444.489090890373,894.9358153611586,8949.358153611585,8949.358153611585,3.571157969859458e-14,2.09112073068639e-15,32593920.0,418.0,418.0,418.0,cupy,468,468.0,0.652983230000018,0.6573838009999236,1.502401659999805,1.5448440059999484,0.0787745279999398,1.6236185339998883,0.2995611856383101,0.0131220046284835
synthetic_true_func_2d_ntrain3000000,1e-05,btab_boxeig_topk_8192_q256,c1,topk_8192,256.0,8192.0,10609.0,10609.0,25112.0,5.520098129764041,20444.489090890373,451.1102249982382,4511.102249982382,4511.102249982382,3.120599972071411e-14,4.396497330172961e-15,43458560.0,546.0,546.0,546.0,cupy,334,334.0,0.4840249989999847,0.4879255530001956,1.0674042169998756,1.1105291669998678,0.1028841539998666,1.2134133209997344,0.2995611855883199,0.0131220249482172
synthetic_true_func_2d_ntrain3000000,1e-05,btab_boxeig_topk_8192_q320,c1,topk_8192,320.0,8192.0,10609.0,10609.0,25112.0,5.520098129764041,20444.489090890373,269.4071985089766,2694.071985089766,2694.071985089766,1.5368325181804405e-13,5.626593177523951e-15,54323200.0,674.0,674.0,674.0,cupy,253,253.0,0.606941402999837,0.6107974429999103,1.0579660819998935,1.0995898270000453,0.1319373690000702,1.2315271960001155,0.2995611863732855,0.0131220101803977
synthetic_true_func_2d_ntrain30000000,1e-05,btab_boxeig_topk_16384_q192,c1,topk_16384,192.0,16384.0,21025.0,21025.0,14696.0,10.25414076142384,48256.92806751094,8948.766210031563,89487.66210031562,89487.66210031562,3.6295516893754566e-14,2.224567559125272e-15,64591872.0,418.0,418.0,418.0,cupy,1042,1042.0,0.9896813129998918,0.994434966999961,2.7926017610000144,2.9774395120000463,0.0760764399999516,3.053515951999998,0.300003163231729,0.0052616402181084
synthetic_true_func_2d_ntrain30000000,1e-05,btab_boxeig_topk_16384_q256,c1,topk_16384,256.0,16384.0,21025.0,21025.0,14696.0,10.25414076142384,48256.92806751094,4507.011548476535,45070.11548476535,45070.11548476535,3.5430319575633285e-14,5.486873644387608e-15,86122496.0,546.0,546.0,546.0,cupy,727,727.0,0.4577056349999111,0.4624931240000478,1.7188341989999572,1.8959288319999812,0.1023238739999214,1.998252705999903,0.3000031638215897,0.0052617202806239
synthetic_true_func_2d_ntrain30000000,1e-05,btab_boxeig_topk_16384_q320,c1,topk_16384,320.0,16384.0,21025.0,21025.0,14696.0,10.25414076142384,48256.92806751094,2692.7276368493926,26927.276368493924,26927.276368493924,5.2155744873570946e-14,6.129005430132686e-15,107653120.0,674.0,674.0,674.0,cupy,549,549.0,0.5839285770000515,0.5888635520000207,1.5378245479998895,1.7127160139998523,0.1261029699999198,1.838818983999772,0.3000031644420813,0.0052616237186585
synthetic_true_func_2d_ntrain30000000,1e-05,btab_boxeig_topk_2048_q192,c1,topk_2048,192.0,2048.0,2601.0,2601.0,33120.0,1636.432201655652,1890633.422431137,8945.39267990376,89453.9267990376,89453.9267990376,4.305583630812053e-14,1.8522351819938242e-15,7993344.0,418.0,418.0,418.0,cupy,650,650.0,0.3448887619999823,0.3479389010001341,1.4443462450001334,1.6181773030000386,0.0755394520001573,1.693716755000196,0.3000031625893734,0.0052614710926161
synthetic_true_func_2d_ntrain30000000,1e-05,btab_boxeig_topk_256_q64,c1,topk_256,64.0,256.0,361.0,361.0,864.0,4198.966259107189,136999.51454168197,45128.52138065575,451285.2138065575,451285.2138065575,7.0598393943137266e-15,1.0878635819164252e-15,370688.0,162.0,162.0,162.0,cupy,1171,1171.0,0.1251928249998855,0.1270591190000232,2.1009311500001786,2.263238121000086,0.0262497090000124,2.2894878300000983,0.3000533198180743,0.0010715900459563
synthetic_true_func_2d_ntrain30000000,1e-05,btab_boxeig_topk_4096_q192,c1,topk_4096,192.0,4096.0,5329.0,5329.0,30392.0,295.1563120037319,637241.926362385,8948.300120145796,89483.00120145796,89483.00120145796,6.259450257870206e-14,2.0132269910410605e-15,16373760.0,418.0,418.0,418.0,cupy,755,755.0,1.395928450999918,1.3992586700001084,2.694510590000164,2.877502927000023,0.0773531960001037,2.954856123000127,0.3000031623775091,0.0052616172794664
synthetic_true_func_2d_ntrain30000000,1e-05,btab_boxeig_topk_4096_q256,c1,topk_4096,256.0,4096.0,5329.0,5329.0,30392.0,295.1563120037319,637241.926362385,4506.590226164165,45065.90226164165,45065.90226164165,3.67159602116024e-14,4.163531746139965e-15,21831680.0,546.0,546.0,546.0,cupy,531,531.0,0.4644228729998758,0.4677818289999322,1.3687599049999335,1.5541274360000443,0.1007257230000959,1.6548531590001403,0.3000031622260184,0.0052615785751939
synthetic_true_func_2d_ntrain30000000,1e-05,btab_boxeig_topk_512_q128,c1,topk_512,128.0,512.0,625.0,625.0,600.0,24.87939158928688,745.1288808130148,2126.781054354389,21267.81054354389,21267.81054354389,1.5628684471163717e-13,3.4147816213157217e-15,1282048.0,290.0,290.0,290.0,cupy,318,318.0,0.2466383379999115,0.2485482600000068,0.813764282999955,0.9820213729999524,0.0501183149999633,1.0321396879999156,0.3000533229993223,0.0010719294362033
synthetic_true_func_2d_ntrain30000000,1e-05,btab_boxeig_topk_768_q128,c1,topk_768,128.0,768.0,961.0,961.0,264.0,0.0386813531481644,1.0924834656399989,2126.816726934573,21268.16726934573,21268.16726934573,2.927709574404977e-13,3.3769435133857797e-15,1970176.0,290.0,290.0,290.0,cupy,196,196.0,0.2289606230001482,0.230844783999828,0.5733730169999944,0.7358296879999671,0.0501465199999984,0.7859762079999655,0.3000533258763398,0.0010715311102368
synthetic_true_func_2d_ntrain30000000,1e-05,btab_boxeig_topk_8192_q192,c1,topk_8192,192.0,8192.0,10609.0,10609.0,25112.0,55.20104699172347,204445.1359318253,8948.711646406375,89487.11646406374,89487.11646406374,3.212586109895876e-14,1.987075204807432e-15,32593920.0,418.0,418.0,418.0,cupy,885,885.0,0.3528430799999569,0.3566189840000788,1.854792929000041,2.028935643000068,0.0788292019999516,2.10776484500002,0.3000031620255476,0.0052614270753457
synthetic_true_func_2d_ntrain30000000,1e-05,btab_boxeig_topk_8192_q256,c1,topk_8192,256.0,8192.0,10609.0,10609.0,25112.0,55.20104699172347,204445.1359318253,4506.962663688519,45069.62663688519,45069.62663688519,3.6009713811677915e-14,4.253215159346282e-15,43458560.0,546.0,546.0,546.0,cupy,636,636.0,0.4675561579999794,0.4713942509999924,1.5534889309999471,1.7390606210001351,0.1041363570000157,1.843196978000151,0.3000031619054308,0.0052615915425344
synthetic_true_func_2d_ntrain30000000,1e-05,btab_boxeig_topk_8192_q320,c1,topk_8192,320.0,8192.0,10609.0,10609.0,25112.0,55.20104699172347,204445.1359318253,2692.669456048473,26926.694560484728,26926.694560484728,1.4401253585342445e-13,5.568565252897644e-15,54323200.0,674.0,674.0,674.0,cupy,493,493.0,0.5806081229998199,0.5844785449999108,1.4353981749998184,1.6193638019999526,0.1329420329998356,1.7523058349997882,0.3000031617838001,0.0052616152622013
synthetic_true_func_2d_ntrain300000000,1e-05,btab_boxeig_topk_20480_q192,c1,topk_20480,192.0,20480.0,25921.0,25921.0,9800.0,61.117451836373945,245733.59308476432,89464.75748253192,894647.5748253191,894647.5748253191,3.049541706882105e-14,2.3761322346882503e-15,79632384.0,418.0,418.0,418.0,cupy,1695,1695.0,0.4314957779997712,0.4399725399998715,3.375762634000239,4.906557043000248,0.081995101999837,4.988552145000085,0.3000125275266425,0.0017383919906588
synthetic_true_func_2d_ntrain300000000,1e-05,btab_boxeig_topk_20480_q256,c1,topk_20480,256.0,20480.0,25921.0,25921.0,9800.0,61.117451836373945,245733.59308476432,45066.18247115354,450661.82471153536,450661.82471153536,3.4559394754224694e-14,4.925016294598805e-15,106176512.0,546.0,546.0,546.0,cupy,1196,1196.0,0.4964763709999715,0.5018404130000818,2.60523787000011,4.135112892000052,0.1080230439997649,4.243135935999817,0.3000125277681302,0.0017384909726179
synthetic_true_func_2d_ntrain300000000,1e-05,btab_boxeig_topk_20480_q320,c1,topk_20480,320.0,20480.0,25921.0,25921.0,9800.0,61.117451836373945,245733.59308476432,26920.28973693588,269202.89736935875,269202.89736935875,6.876127724880026e-14,6.333979369644495e-15,132720640.0,674.0,674.0,674.0,cupy,919,919.0,0.6291121909998765,0.6346484850000707,2.271974567000143,3.8019642290000775,0.1345937189998949,3.936557947999973,0.3000125280612532,0.0017382787528091
synthetic_true_func_2d_ntrain300000000,1e-05,btab_boxeig_topk_20480_q384,c1,topk_20480,384.0,20480.0,25921.0,25921.0,9800.0,61.117451836373945,245733.59308476432,17261.100082979247,172611.0008297925,172611.0008297925,8.475871934968604e-14,1.0424469488791992e-14,159264768.0,802.0,802.0,802.0,cupy,686,686.0,1.4835036839999702,1.48890908400017,2.74042326100016,4.270771229000275,0.1612092919999668,4.431980521000241,0.3000125293587612,0.0017380000239987
synthetic_true_func_2d_ntrain300000000,1e-05,btab_boxeig_topk_20480_q448,c1,topk_20480,448.0,20480.0,25921.0,25921.0,9800.0,61.117451836373945,245733.59308476432,12033.775889358494,120337.75889358492,120337.75889358492,2.963874224616543e-13,1.433643080892238e-14,185808896.0,930.0,930.0,930.0,cupy,555,555.0,2.7692542770000728,2.774941026000306,3.842819741999847,5.37288375900016,0.1881559590001416,5.561039718000302,0.3000125299875931,0.0017378769787195
synthetic_true_func_2d_ntrain300000000,1e-05,btab_boxeig_topk_256_q64,c1,topk_256,64.0,256.0,361.0,361.0,864.0,41989.68361803287,1369995.9262617128,451215.62108416617,4512156.210841661,4512156.210841661,7.095058988075882e-15,1.1156337444890158e-15,370688.0,162.0,162.0,162.0,cupy,1547,1547.0,0.1314139930000237,0.3626165260000107,2.975632949000101,4.47541376900017,0.0265371090001735,4.501950878000343,0.3000178106226205,0.000559170012536
synthetic_true_func_2d_ntrain300000000,1e-05,btab_boxeig_topk_25720_q192,c1,topk_25720,192.0,25720.0,32761.0,32761.0,2960.0,34.22564399829071,55168.59487875234,89464.779620758,894647.7962075799,894647.7962075799,2.3804733540987452e-14,2.339006555932559e-15,100644864.0,418.0,418.0,418.0,cupy,1855,1855.0,1.096493043999999,1.2733882589996028,4.501267867000024,6.031442756999695,0.0788955759999225,6.110338332999618,0.300012528407426,0.0017385236821581
synthetic_true_func_2d_ntrain300000000,1e-05,btab_boxeig_topk_25720_q256,c1,topk_25720,256.0,25720.0,32761.0,32761.0,2960.0,34.22564399829071,55168.59487875234,45066.20272498232,450662.0272498232,450662.0272498232,6.131515265299625e-14,4.158930098525641e-15,134193152.0,546.0,546.0,546.0,cupy,1322,1322.0,1.879645815999993,1.8855153419999624,4.310455757,5.840517008999996,0.1043259990001388,5.944843008000134,0.3000125285855829,0.0017386670248911
synthetic_true_func_2d_ntrain300000000,1e-05,btab_boxeig_topk_25720_q320,c1,topk_25720,320.0,25720.0,32761.0,32761.0,2960.0,34.22564399829071,55168.59487875234,26920.311566611355,269203.1156661136,269203.1156661136,9.703656077623573e-14,8.389642728996379e-15,167741440.0,674.0,674.0,674.0,cupy,1006,1006.0,0.880569302999902,0.8865656080001827,2.793231500999809,4.323003920000247,0.1302515850002237,4.45325550500047,0.3000125295307068,0.0017385786171
synthetic_true_func_2d_ntrain300000000,1e-05,btab_boxeig_topk_25720_q384,c1,topk_25720,384.0,25720.0,32761.0,32761.0,2960.0,34.22564399829071,55168.59487875234,17261.122440773564,172611.22440773563,172611.22440773563,1.3068273482121733e-13,9.376645309922081e-15,201289728.0,802.0,802.0,802.0,cupy,758,758.0,2.0970867769997312,2.1032725639997807,3.541082120000283,5.0713373130001855,0.1526030369996078,5.223940349999793,0.3000125325853033,0.0017384054143436
synthetic_true_func_2d_ntrain300000000,1e-05,btab_boxeig_topk_25720_q448,c1,topk_25720,448.0,25720.0,32761.0,32761.0,2960.0,34.22564399829071,55168.59487875234,12033.799207820648,120337.99207820647,120337.99207820647,2.1561252980584643e-13,1.2274109131483927e-14,234838016.0,930.0,930.0,930.0,cupy,618,618.0,2.455159705999904,2.461347088000366,3.665760649000276,5.196136363000278,0.1793154150000191,5.375451778000297,0.3000125338320253,0.0017386895767752
synthetic_true_func_2d_ntrain300000000,1e-05,btab_boxeig_topk_35721_q192,c1,topk_35721,192.0,35721.0,35721.0,35721.0,0.0,0.0,0.0,89464.78466059169,894647.8466059169,894647.8466059169,4.3890853912926165e-14,2.6169381319557067e-15,109737984.0,418.0,418.0,418.0,cupy,1169,1169.0,0.5160190970000258,0.5224269939999431,2.5509219569999004,4.080714472999716,0.0837329289997796,4.164447401999496,0.3000125284370434,0.0017389579927098
synthetic_true_func_2d_ntrain300000000,1e-05,btab_boxeig_topk_35721_q256,c1,topk_35721,256.0,35721.0,35721.0,35721.0,0.0,0.0,0.0,45066.20729567726,450662.0729567726,450662.0729567726,4.914467329451041e-14,4.671106064780378e-15,146317312.0,546.0,546.0,546.0,cupy,812,812.0,0.6815991490002489,0.6882156980000218,2.190571267999985,3.721012037000037,0.1088452200001484,3.829857257000185,0.3000125310236097,0.001739242701123
synthetic_true_func_2d_ntrain300000000,1e-05,btab_boxeig_topk_35721_q320,c1,topk_35721,320.0,35721.0,35721.0,35721.0,0.0,0.0,0.0,26920.31646657804,269203.1646657804,269203.1646657804,1.1882118464693532e-13,6.782164671618432e-15,182896640.0,674.0,674.0,674.0,cupy,639,639.0,0.6258662600002936,0.6324750220001079,1.8211877140001889,3.350994570000239,0.139150865999909,3.490145436000148,0.3000125309820079,0.0017391945374428
synthetic_true_func_2d_ntrain300000000,1e-05,btab_boxeig_topk_35721_q384,c1,topk_35721,384.0,35721.0,35721.0,35721.0,0.0,0.0,0.0,17261.1274690394,172611.27469039397,172611.27469039397,7.174857848380188e-14,8.915928413938875e-15,219475968.0,802.0,802.0,802.0,cupy,503,503.0,0.7465098870002294,0.7531615050002074,1.6969655170000806,3.226632717000029,0.1633058600000367,3.3899385770000663,0.3000125328401297,0.0017390671804463
synthetic_true_func_2d_ntrain300000000,1e-05,btab_boxeig_topk_35721_q448,c1,topk_35721,448.0,35721.0,35721.0,35721.0,0.0,0.0,0.0,12033.804541007534,120338.04541007533,120338.04541007533,3.7249758787145145e-13,1.4175466878574228e-14,256055296.0,930.0,930.0,930.0,cupy,409,409.0,0.90842960100008,0.91529656099965,1.7180232119999346,3.2486469350001244,0.1890483300003325,3.437695265000457,0.3000125344374255,0.0017393670865169
synthetic_true_func_2d_ntrain300000000,1e-05,btab_boxeig_topk_512_q128,c1,topk_512,128.0,512.0,625.0,625.0,600.0,248.7941398093209,7451.295978545698,21267.04979324993,212670.4979324993,212670.4979324993,1.1949916834711692e-13,4.5372232809713885e-15,1282048.0,290.0,290.0,290.0,cupy,508,508.0,0.237393240000074,0.2982387560000461,1.159949043000097,2.659631906999948,0.050986506000072,2.71061841300002,0.300017822453221,0.0005646091316522
synthetic_true_func_2d_ntrain300000000,1e-05,btab_boxeig_topk_768_q128,c1,topk_768,128.0,768.0,961.0,961.0,264.0,0.3868140743360568,10.924850578839887,21267.4057570858,212674.057570858,212674.057570858,2.005553056082856e-13,3.023555049647764e-15,1970176.0,290.0,290.0,290.0,cupy,360,360.0,0.2375429020000865,0.2855121729999155,0.8989711889998944,2.3982512809998298,0.0505511060000571,2.448802386999887,0.3000178192361166,0.0005656124342513
